Manufacturer,Model,Year,Battery_Type,Battery_Capacity_kWh,Range_km,Charging_Type,Charge_Time_hr,Price_USD,Color,Country_of_Manufacture,Autonomous_Level,CO2_Emissions_g_per_km,Safety_Rating,Units_Sold_2024,Warranty_Years,High_Range,Price_Segment,Range_per_kWh,Price_per_km,Efficiency_Tier,Est_Revenue_2024,Era
Acura,ZDX (with GM Ultium),2015,Lithium-Titanate,55.8,214,Chademo,9.0,111203.94,Matte White,Uk,0,0.0,5.0,19726,3,0,Luxury (>$110K),3.835,519.64,Medium,2193608920.44,Early (2015-2018)
Lamborghini,Revuelto (PHEV),2025,Lithium-Titanate,90.8,212,Vehicle-To-Home (V2H),7.3,127131.65,White,Netherlands,2,0.0,4.0,3349,3,0,Luxury (>$110K),2.335,599.68,Low,425763895.84999996,Recent (2022-2025)
Nio,ET7,2020,Calcium-Ion,64.7,235,Level 2 Charging,8.9,94347.37,Beige,Uk,5,0.0,5.0,6300,5,0,Premium ($80K–$110K),3.632,401.48,Medium,594388431.0,Mid (2019-2021)
Audi,e-tron,2025,Lithium-Iron Phosphate,120.5,140,Ultra-Fast Charging (350 Kw+),10.5,75615.15,Sunset Orange,Argentina,2,0.0,5.0,2339,5,0,Mid ($50K–$80K),1.162,540.11,Low,176863835.85,Recent (2022-2025)
Acura,ZDX (with GM Ultium),2023,Lithium-Titanate,51.8,336,Plug-In Hydrogen Refueling,3.6,141046.94,Ice Silver,United Arab Emirates,2,0.0,3.0,1051,4,0,Luxury (>$110K),6.486,419.78,High,148240333.94,Recent (2022-2025)
Xpeng,G9,2016,Lithium-Iron Phosphate,138.7,390,Mobile Charging,2.9,89907.75,Ruby Red,Australia,3,0.0,5.0,8609,5,0,Premium ($80K–$110K),2.812,230.53,Medium,774015819.75,Early (2015-2018)
Jeep,Recon (upcoming),2024,Nickel-Cobalt-Aluminum,67.1,170,Vehicle-To-Load (V2L),1.5,35653.97,Orange,Sweden,5,0.0,4.0,12504,5,0,Budget (<$50K),2.534,209.73,Low,445817240.88,Recent (2022-2025)
Changan,Q05,2019,Lead-Acid,131.9,105,Ccs,8.3,94436.44,Bronze,Mexico,3,0.0,5.0,8630,5,0,Premium ($80K–$110K),0.796,899.39,Low,814986477.2,Mid (2019-2021)
Citroen,ë-C4,2023,Aluminum-Ion,33.8,420,Solar Charging,10.2,90919.55,Metallic Silver,Sweden,1,0.0,5.0,18,5,1,Premium ($80K–$110K),12.426,216.48,Top,1636551.9000000001,Recent (2022-2025)
Rimac,Nevera,2015,Solid-State,140.8,549,Solar Charging,3.3,58904.59,Matte Green,Uk,3,0.0,4.0,17455,3,1,Mid ($50K–$80K),3.899,107.29,Medium,1028179618.4499999,Early (2015-2018)
Volkswagen,ID.Buzz,2022,Lead-Acid,41.5,370,Vehicle-To-Grid (V2G),11.6,141469.62,Stealth Gray,Denmark,3,0.0,4.0,16959,4,0,Luxury (>$110K),8.916,382.35,Top,2399183285.58,Recent (2022-2025)
Jaguar,I-PACE,2018,Solid-State,64.0,401,Ultra-Fast Charging (350 Kw+),7.3,30862.9,Cosmic Purple,South Korea,0,0.0,4.0,7798,4,1,Budget (<$50K),6.266,76.96,High,240668894.20000002,Early (2015-2018)
Mini,Mini Cooper SE,2018,Lead-Acid,37.2,578,Vehicle-To-Load (V2L),3.3,86756.75,Tan,Denmark,3,0.0,4.0,15303,5,1,Premium ($80K–$110K),15.538,150.1,Top,1327638545.25,Early (2015-2018)
Bmw,iX3,2025,Flow Batteries,32.8,306,Mobile Charging,9.7,43112.28,Metallic Silver,Denmark,1,0.0,3.0,2470,4,0,Budget (<$50K),9.329,140.89,Top,106487331.6,Recent (2022-2025)
Faraday Future,FF 91,2015,Flow Batteries,149.9,528,Level 1 Charging,11.6,141164.04,Rose Gold,Belgium,3,0.0,3.0,5394,4,1,Luxury (>$110K),3.522,267.36,Medium,761438831.76,Early (2015-2018)
Tesla,Model Y,2019,Aluminum-Ion,121.9,332,Solar Charging,5.4,144878.12,Burgundy,United Arab Emirates,3,0.0,3.0,18978,5,0,Luxury (>$110K),2.724,436.38,Medium,2749496961.36,Mid (2019-2021)
Maserati,Grecale Folgore,2020,Lithium-Ion,26.5,344,Nacs,1.2,90939.42,Rose Gold,Norway,3,0.0,4.0,3928,5,0,Premium ($80K–$110K),12.981,264.36,Top,357210041.76,Mid (2019-2021)
Polestar,Polestar 2,2024,Solid-State,74.5,398,Mobile Charging,11.2,54511.1,Cosmic Purple,Hungary,3,0.0,4.0,10360,3,0,Mid ($50K–$80K),5.342,136.96,High,564734996.0,Recent (2022-2025)
Tesla,Model Y,2024,Zinc-Air,149.5,137,Inductive (Wireless) Charging,6.3,45894.79,Teal,China,2,0.0,5.0,9912,5,0,Budget (<$50K),0.916,335.0,Low,454909158.48,Recent (2022-2025)
Faraday Future,FF 91,2025,Calcium-Ion,92.1,577,Ccs,11.3,46114.93,Orange,France,1,0.0,5.0,11235,3,1,Budget (<$50K),6.265,79.92,High,518101238.55,Recent (2022-2025)
Skoda,Elroq (upcoming),2019,Lead-Acid,83.5,563,Level 2 Charging,1.6,80829.09,Bronze,Japan,3,0.0,4.0,5294,5,1,Premium ($80K–$110K),6.743,143.57,Top,427909202.46,Mid (2019-2021)
Geely,Emgrand EV,2021,Lead-Acid,21.3,138,Chademo,6.8,130151.4,Matte Blue,United Arab Emirates,3,0.0,3.0,11724,3,0,Luxury (>$110K),6.479,943.13,High,1525895013.6,Mid (2019-2021)
Skoda,Enyaq,2025,Solid-State,66.0,386,Vehicle-To-Grid (V2G),11.7,119937.31,Forest Green,Netherlands,1,0.0,4.0,10885,4,0,Luxury (>$110K),5.848,310.72,High,1305517619.35,Recent (2022-2025)
Faraday Future,FF 91,2019,Nickel-Metal Hydride,122.4,155,Plug-In Hydrogen Refueling,10.5,133031.19,Crimson Red,Denmark,3,0.0,3.0,7304,3,0,Luxury (>$110K),1.266,858.27,Low,971659811.76,Mid (2019-2021)
Mini,Mini Electric,2021,Sodium-Ion,56.2,135,Battery Swapping,4.5,91128.68,Sky Blue,Saudi Arabia,0,0.0,3.0,19024,4,0,Premium ($80K–$110K),2.402,675.03,Low,1733632008.32,Mid (2019-2021)
Chevrolet,Bolt EV,2024,Nickel-Cobalt-Aluminum,64.9,502,Mobile Charging,5.5,148108.3,Orange,India,1,0.0,3.0,17036,5,1,Luxury (>$110K),7.735,295.04,Top,2523172998.7999997,Recent (2022-2025)
Skoda,Elroq (upcoming),2025,Lithium-Iron Phosphate,67.3,135,Mobile Charging,7.7,109606.5,Orange,Poland,5,0.0,4.0,18166,3,0,Premium ($80K–$110K),2.006,811.9,Low,1991111679.0,Recent (2022-2025)
Lucid Motors,Lucid Gravity,2025,Nickel-Cobalt-Aluminum,108.1,562,Nacs,7.6,66113.98,Matte Gray,Usa,1,0.0,5.0,10559,4,1,Mid ($50K–$80K),5.199,117.64,High,698097514.8199999,Recent (2022-2025)
Geely,Geometry C,2025,Lithium-Iron Phosphate,86.5,506,Nacs,8.1,64054.37,Lime Green,Finland,1,0.0,3.0,4828,3,1,Mid ($50K–$80K),5.85,126.59,High,309254498.36,Recent (2022-2025)
Chevrolet,Bolt EUV,2022,Zinc-Air,130.5,137,Vehicle-To-Home (V2H),5.3,105571.85,Metallic Silver,India,1,0.0,3.0,13931,3,0,Premium ($80K–$110K),1.05,770.6,Low,1470721442.3500001,Recent (2022-2025)
Porsche,Cayenne Electric (upcoming),2015,Lead-Acid,52.4,534,Ccs,5.7,126169.99,Lime Green,South Africa,4,0.0,4.0,16540,4,1,Luxury (>$110K),10.191,236.27,Top,2086851634.6000001,Early (2015-2018)
Lamborghini,Lanzador (upcoming EV),2017,Lithium-Titanate,132.0,330,Battery Swapping,9.1,130783.55,Bronze,South Africa,1,0.0,4.0,9362,3,0,Luxury (>$110K),2.5,396.31,Low,1224395595.1000001,Early (2015-2018)
Toyota,Lexus RZ,2020,Aluminum-Ion,90.2,170,Chademo,3.2,113273.98,Cosmic Purple,Switzerland,3,0.0,4.0,2040,3,0,Luxury (>$110K),1.885,666.32,Low,231078919.2,Mid (2019-2021)
Li Auto,MEGA,2024,Lithium-Titanate,22.5,550,Plug-In Hydrogen Refueling,6.0,143129.0,Magenta,India,3,0.0,5.0,7226,4,1,Luxury (>$110K),24.444,260.23,Top,1034250154.0,Recent (2022-2025)
Volvo,EX30,2021,Nickel-Manganese-Cobalt,23.8,272,Plug-In Hydrogen Refueling,8.8,130860.68,Gray,Finland,3,0.0,3.0,14044,3,0,Luxury (>$110K),11.429,481.11,Top,1837807389.9199998,Mid (2019-2021)
Changan,SL03,2015,Lithium-Sulfur,69.3,208,Vehicle-To-Home (V2H),4.3,121347.56,Beige,Portugal,3,0.0,4.0,635,5,0,Luxury (>$110K),3.001,583.4,Medium,77055700.6,Early (2015-2018)
Maserati,Grecale Folgore,2020,Lithium-Iron Phosphate,104.5,499,Level 2 Charging,9.2,143953.41,Metallic Silver,Germany,1,0.0,5.0,7142,4,1,Luxury (>$110K),4.775,288.48,High,1028115254.22,Mid (2019-2021)
Seat,Avenger,2020,Nickel-Metal Hydride,98.8,593,Ccs,9.4,49651.9,Magenta,France,2,0.0,4.0,12997,5,1,Budget (<$50K),6.002,83.73,High,645325744.3000001,Mid (2019-2021)
Lucid Motors,Lucid Air,2024,Lithium-Titanate,128.0,224,Ccs,8.5,66189.92,Sky Blue,Ireland,4,0.0,4.0,12142,3,0,Mid ($50K–$80K),1.75,295.49,Low,803678008.64,Recent (2022-2025)
Mg,MG5 EV,2015,Calcium-Ion,74.6,350,Ccs,5.5,73462.56,Titanium,Australia,3,0.0,5.0,8850,5,0,Mid ($50K–$80K),4.692,209.89,High,650143656.0,Early (2015-2018)
Faraday Future,FF 91,2022,Nickel-Cobalt-Aluminum,127.3,403,Battery Swapping,4.2,59459.42,Green,Portugal,1,0.0,5.0,12418,4,1,Mid ($50K–$80K),3.166,147.54,Medium,738367077.56,Recent (2022-2025)
Nissan,Ariya,2020,Nickel-Metal Hydride,83.4,281,Battery Swapping,4.4,135638.4,Ice Silver,Portugal,4,0.0,4.0,13317,4,0,Luxury (>$110K),3.369,482.7,Medium,1806296572.8,Mid (2019-2021)
Lamborghini,Revuelto (PHEV),2022,Flow Batteries,112.5,329,Level 1 Charging,1.6,56591.57,Ice Silver,Belgium,4,0.0,4.0,13942,5,0,Mid ($50K–$80K),2.924,172.01,Medium,788999668.9399999,Recent (2022-2025)
Lamborghini,Lanzador (upcoming EV),2020,Lithium-Titanate,79.0,256,Battery Swapping,3.2,116554.12,Purple,Canada,5,0.0,4.0,9060,5,0,Luxury (>$110K),3.241,455.29,Medium,1055980327.1999999,Mid (2019-2021)
Jeep,Wagoneer S,2016,Calcium-Ion,45.2,216,Overhead Pantograph Charging,2.6,31697.8,Matte White,Italy,0,0.0,3.0,16085,3,0,Budget (<$50K),4.779,146.75,High,509859113.0,Early (2015-2018)
Tesla,Cybertruck,2019,Nickel-Manganese-Cobalt,82.2,274,Nacs,11.6,60297.41,Aurora Blue,Canada,3,0.0,5.0,1756,3,0,Mid ($50K–$80K),3.333,220.06,Medium,105882251.96000001,Mid (2019-2021)
Ford,E-Transit,2016,Lithium-Iron Phosphate,35.4,491,Vehicle-To-Grid (V2G),7.5,124888.9,Crimson Red,South Africa,3,0.0,4.0,10006,5,1,Luxury (>$110K),13.87,254.36,Top,1249638333.3999999,Early (2015-2018)
Gmc,Hummer EV Pickup,2024,Lithium-Titanate,32.9,490,Inductive (Wireless) Charging,7.7,61757.54,Green,Netherlands,4,0.0,4.0,14762,5,1,Mid ($50K–$80K),14.894,126.04,Top,911664805.48,Recent (2022-2025)
Cadillac,Celestiq,2019,Lithium-Ion,50.1,461,Solar Charging,8.6,84483.76,Sky Blue,Austria,5,0.0,3.0,13930,3,1,Premium ($80K–$110K),9.202,183.26,Top,1176858776.8,Mid (2019-2021)
Maserati,Grecale Folgore,2025,Nickel-Metal Hydride,138.1,523,Chademo,1.3,49910.73,Magenta,Ireland,4,0.0,4.0,9964,5,1,Budget (<$50K),3.787,95.43,Medium,497310513.72,Recent (2022-2025)
Xpeng,G9,2023,Lead-Acid,84.2,141,Level 2 Charging,10.7,118144.07,Gun Metal,Spain,3,0.0,5.0,19238,3,0,Luxury (>$110K),1.675,837.9,Low,2272855618.6600003,Recent (2022-2025)
Citroen,Ami,2019,Zinc-Air,25.2,487,Nacs,5.9,108181.14,Bronze,Norway,3,0.0,3.0,15401,4,1,Premium ($80K–$110K),19.325,222.14,Top,1666097737.14,Mid (2019-2021)
Li Auto,L9,2020,Flow Batteries,33.6,182,Mobile Charging,5.2,89456.28,Lime Green,Thailand,4,0.0,4.0,8270,4,0,Premium ($80K–$110K),5.417,491.52,High,739803435.6,Mid (2019-2021)
Jaguar,I-PACE,2023,Calcium-Ion,148.5,436,Vehicle-To-Home (V2H),5.3,52509.9,Turquoise,Finland,5,0.0,4.0,8750,5,1,Mid ($50K–$80K),2.936,120.44,Medium,459461625.0,Recent (2022-2025)
Volkswagen,ID.5,2022,Aluminum-Ion,110.8,162,Level 1 Charging,11.7,103064.6,Forest Green,Netherlands,0,0.0,4.0,3717,4,0,Premium ($80K–$110K),1.462,636.2,Low,383091118.20000005,Recent (2022-2025)
Jaguar,I-PACE,2022,Aluminum-Ion,113.2,360,Battery Swapping,5.3,87899.95,Aurora Blue,Belgium,1,0.0,5.0,4473,3,0,Premium ($80K–$110K),3.18,244.17,Medium,393176476.34999996,Recent (2022-2025)
Toyota,Lexus RZ,2020,Aluminum-Ion,122.4,236,Level 1 Charging,3.8,65826.7,Matte Blue,Israel,3,0.0,4.0,11309,4,0,Mid ($50K–$80K),1.928,278.93,Low,744434150.3,Mid (2019-2021)
Lamborghini,Lanzador (upcoming EV),2022,Aluminum-Ion,61.8,196,Ultra-Fast Charging (350 Kw+),7.1,58027.49,Navy Blue,Indonesia,3,0.0,4.0,12651,5,0,Mid ($50K–$80K),3.172,296.06,Medium,734105775.99,Recent (2022-2025)
Vinfast,VF 7,2022,Lithium-Ion,36.4,594,Mobile Charging,10.5,134902.84,Candy Apple Red,France,3,0.0,5.0,5058,3,1,Luxury (>$110K),16.319,227.11,Top,682338564.72,Recent (2022-2025)
Great Wall Motors,ORA Lightning Cat,2020,Zinc-Air,110.1,432,Dc Fast Charging (Dcfc),10.3,132280.96,Rose Gold,Saudi Arabia,2,0.0,4.0,17728,3,1,Luxury (>$110K),3.924,306.21,Medium,2345076858.8799996,Mid (2019-2021)
Gmc,Hummer EV Pickup,2018,Flow Batteries,109.0,247,Ultra-Fast Charging (350 Kw+),9.1,82076.58,Yellow,France,5,0.0,4.0,10629,3,0,Premium ($80K–$110K),2.266,332.29,Low,872391968.82,Early (2015-2018)
Mazda,Mazda EV (upcoming models),2020,Nickel-Cobalt-Aluminum,38.9,371,Vehicle-To-Grid (V2G),7.0,125102.34,Pearl White,Norway,3,0.0,3.0,16307,5,0,Luxury (>$110K),9.537,337.2,Top,2040043858.3799999,Mid (2019-2021)
Ford,F-150 Lightning,2022,Flow Batteries,53.0,230,Level 1 Charging,10.8,85830.39,Copper,Saudi Arabia,3,0.0,4.0,13903,5,0,Premium ($80K–$110K),4.34,373.18,High,1193299912.17,Recent (2022-2025)
Honda,Honda Prologue,2019,Lithium-Iron Phosphate,149.9,536,Vehicle-To-Load (V2L),1.7,75763.72,Teal,Singapore,5,0.0,5.0,12969,4,1,Mid ($50K–$80K),3.576,141.35,Medium,982579684.6800001,Mid (2019-2021)
Tesla,Cybertruck,2025,Magnesium-Ion,116.8,125,Vehicle-To-Load (V2L),10.1,138352.19,Navy Blue,Austria,2,0.0,4.0,4481,5,0,Luxury (>$110K),1.07,1106.82,Low,619956163.39,Recent (2022-2025)
Kia,Soul EV,2019,Magnesium-Ion,77.3,396,Overhead Pantograph Charging,8.9,40816.01,Copper,Hungary,1,0.0,4.0,17394,5,0,Budget (<$50K),5.123,103.07,High,709953677.94,Mid (2019-2021)
Toyota,bZ4X,2019,Aluminum-Ion,127.2,346,Solar Charging,9.1,70645.83,Orange,Australia,1,0.0,5.0,13022,5,0,Mid ($50K–$80K),2.72,204.18,Medium,919949998.26,Mid (2019-2021)
Byd,Han EV,2021,Lithium-Ion,54.4,163,Vehicle-To-Home (V2H),4.7,119881.39,Gold,Israel,5,0.0,3.0,15449,3,0,Luxury (>$110K),2.996,735.47,Medium,1852047594.11,Mid (2019-2021)
Gmc,Hummer EV SUV,2024,Lithium-Iron Phosphate,104.2,425,Vehicle-To-Home (V2H),11.0,66262.82,Tan,Canada,3,0.0,4.0,3805,3,1,Mid ($50K–$80K),4.079,155.91,High,252130030.10000002,Recent (2022-2025)
Polestar,Polestar 3,2021,Nickel-Manganese-Cobalt,68.2,586,Vehicle-To-Grid (V2G),7.3,117191.9,Tan,France,4,0.0,3.0,12141,3,1,Luxury (>$110K),8.592,199.99,Top,1422826857.8999999,Mid (2019-2021)
Geely,Geometry C,2018,Calcium-Ion,67.1,451,Overhead Pantograph Charging,6.8,147341.1,Teal,South Korea,1,0.0,4.0,3003,5,1,Luxury (>$110K),6.721,326.7,Top,442465323.3,Early (2015-2018)
Rivian,EDV (Electric Delivery Van),2025,Zinc-Air,146.2,125,Mobile Charging,3.3,45110.87,Matte Green,Switzerland,3,0.0,3.0,7634,4,0,Budget (<$50K),0.855,360.89,Low,344376381.58000004,Recent (2022-2025)
Opel,Corsa-e,2024,Lithium-Ion,56.0,174,Chademo,6.7,125821.66,Orange,Germany,3,0.0,5.0,10609,3,0,Luxury (>$110K),3.107,723.11,Medium,1334841990.94,Recent (2022-2025)
Porsche,Panamera EV,2015,Nickel-Metal Hydride,116.4,369,Ccs,9.1,87149.52,Navy Blue,Argentina,0,0.0,5.0,1420,5,0,Premium ($80K–$110K),3.17,236.18,Medium,123752318.4,Early (2015-2018)
Vinfast,VFe34 (discontinued),2019,Nickel-Manganese-Cobalt,103.6,115,Level 2 Charging,12.0,131675.83,Brown,France,3,0.0,4.0,19932,3,0,Luxury (>$110K),1.11,1145.01,Low,2624562643.56,Mid (2019-2021)
Audi,e-tron GT,2019,Zinc-Air,102.3,380,Mobile Charging,4.9,101687.02,Copper,Australia,3,0.0,5.0,18066,5,0,Premium ($80K–$110K),3.715,267.6,Medium,1837077703.3200002,Mid (2019-2021)
Rivian,R1S,2022,Aluminum-Ion,49.7,273,Vehicle-To-Home (V2H),5.1,117553.5,Purple,Vietnam,2,0.0,4.0,2199,3,0,Luxury (>$110K),5.493,430.6,High,258500146.5,Recent (2022-2025)
Hyundai,Kona Electric,2021,Solid-State,116.8,290,Chademo,6.9,100375.81,Matte Gray,United Arab Emirates,0,0.0,4.0,1685,4,0,Premium ($80K–$110K),2.483,346.12,Low,169133239.85,Mid (2019-2021)
Cadillac,Celestiq,2020,Solid-State,95.1,208,Chademo,8.1,56909.38,Yellow,Brazil,2,0.0,3.0,14061,5,0,Mid ($50K–$80K),2.187,273.6,Low,800202792.18,Mid (2019-2021)
Opel,Grandland Electric,2024,Flow Batteries,103.6,113,Battery Swapping,0.8,62792.45,Stealth Gray,Poland,2,0.0,5.0,13132,3,0,Mid ($50K–$80K),1.091,555.69,Low,824590453.4,Recent (2022-2025)
Ford,Mustang Mach-E,2016,Lithium-Titanate,89.0,292,Vehicle-To-Grid (V2G),5.7,48889.11,Magenta,Hungary,4,0.0,3.0,5158,5,0,Budget (<$50K),3.281,167.43,Medium,252170029.38,Early (2015-2018)
Bmw,iX3,2016,Lithium-Sulfur,77.6,317,Vehicle-To-Load (V2L),7.5,79702.05,Electric Blue,Turkey,3,0.0,5.0,19435,4,0,Mid ($50K–$80K),4.085,251.43,High,1549009341.75,Early (2015-2018)
Lotus,Evija,2019,Lithium-Ion,48.7,406,Level 2 Charging,0.6,66170.32,Electric Blue,Italy,2,0.0,4.0,14111,3,1,Mid ($50K–$80K),8.337,162.98,Top,933729385.5200001,Mid (2019-2021)
Volkswagen,ID.6,2023,Lithium-Titanate,49.9,386,Overhead Pantograph Charging,1.3,133411.72,Silver,Vietnam,3,0.0,5.0,14066,5,0,Luxury (>$110K),7.735,345.63,Top,1876569253.52,Recent (2022-2025)
Xpeng,P5,2019,Solid-State,72.7,594,Mobile Charging,2.5,143713.72,Sunset Orange,Argentina,3,0.0,5.0,13121,5,1,Luxury (>$110K),8.171,241.94,Top,1885667720.1200001,Mid (2019-2021)
Hyundai,Ioniq 7 (upcoming),2019,Lithium-Titanate,64.1,270,Nacs,1.4,105986.96,Matte Black,Turkey,2,0.0,5.0,4839,3,0,Premium ($80K–$110K),4.212,392.54,High,512870899.44000006,Mid (2019-2021)
Kia,Niro EV,2019,Lithium-Iron Phosphate,42.6,178,Dc Fast Charging (Dcfc),2.5,122741.77,Champagne,Australia,4,0.0,5.0,10590,5,0,Luxury (>$110K),4.178,689.56,High,1299835344.3,Mid (2019-2021)
Rimac,Nevera,2022,Solid-State,81.0,423,Solar Charging,9.7,100970.37,Teal,Turkey,3,0.0,4.0,12082,4,1,Premium ($80K–$110K),5.222,238.7,High,1219924010.34,Recent (2022-2025)
Audi,e-tron,2024,Zinc-Air,85.9,336,Level 2 Charging,5.7,127177.91,Ruby Red,Denmark,3,0.0,4.0,3391,4,0,Luxury (>$110K),3.912,378.51,Medium,431260292.81,Recent (2022-2025)
Dacia,Jogger Hybrid,2023,Flow Batteries,42.4,226,Vehicle-To-Home (V2H),11.9,92888.23,Sapphire Blue,Netherlands,2,0.0,5.0,19591,3,0,Premium ($80K–$110K),5.33,411.01,High,1819773313.9299998,Recent (2022-2025)
Vinfast,VF 8,2016,Sodium-Ion,32.3,447,Plug-In Hydrogen Refueling,3.8,116848.04,Lime Green,Ireland,2,0.0,4.0,10165,5,1,Luxury (>$110K),13.839,261.41,Top,1187760326.6,Early (2015-2018)
Seat,Avenger,2017,Zinc-Air,112.1,143,Solar Charging,6.9,107219.19,Pink,Italy,5,0.0,3.0,13874,5,0,Premium ($80K–$110K),1.276,749.78,Low,1487559042.06,Early (2015-2018)
Byd,Han EV,2020,Lithium-Sulfur,43.4,209,Mobile Charging,11.4,88352.51,Crimson Red,Italy,2,0.0,5.0,17253,3,0,Premium ($80K–$110K),4.816,422.74,High,1524345855.03,Mid (2019-2021)
Mini,Mini Cooper SE,2024,Nickel-Metal Hydride,97.6,178,Nacs,2.6,113141.48,Sapphire Blue,Netherlands,0,0.0,3.0,14555,5,0,Luxury (>$110K),1.824,635.63,Low,1646774241.3999999,Recent (2022-2025)
Mazda,Mazda EV (upcoming models),2018,Lead-Acid,51.1,594,Vehicle-To-Load (V2L),10.9,53281.94,Sky Blue,Singapore,3,0.0,5.0,17283,4,1,Mid ($50K–$80K),11.624,89.7,Top,920871769.02,Early (2015-2018)
Mercedes-Benz,EQB,2024,Nickel-Metal Hydride,133.5,126,Vehicle-To-Load (V2L),10.6,96544.89,Yellow,South Africa,2,0.0,4.0,16821,3,0,Premium ($80K–$110K),0.944,766.23,Low,1623981594.69,Recent (2022-2025)
Zeekr,Zeekr 001,2018,Calcium-Ion,78.6,278,Level 1 Charging,5.3,77574.48,Turquoise,Belgium,0,0.0,4.0,3246,5,0,Mid ($50K–$80K),3.537,279.04,Medium,251806762.07999998,Early (2015-2018)
Genesis,GV80 Electric,2017,Nickel-Metal Hydride,25.0,569,Vehicle-To-Load (V2L),8.5,46655.12,Cosmic Purple,New Zealand,0,0.0,4.0,7066,3,1,Budget (<$50K),22.76,81.99,Top,329665077.92,Early (2015-2018)
Lamborghini,Lanzador (upcoming EV),2016,Magnesium-Ion,57.5,254,Ccs,1.0,80379.07,Burgundy,Finland,0,0.0,5.0,538,5,0,Premium ($80K–$110K),4.417,316.45,High,43243939.660000004,Early (2015-2018)
Mg,MG4 Electric,2017,Lithium-Sulfur,75.8,414,Overhead Pantograph Charging,3.3,79988.11,Lime Green,Uk,2,0.0,5.0,16633,5,1,Mid ($50K–$80K),5.462,193.21,High,1330442233.63,Early (2015-2018)
Nissan,Ariya,2022,Lithium-Ion,102.6,291,Battery Swapping,9.1,72851.27,Red,Brazil,5,0.0,5.0,10895,3,0,Mid ($50K–$80K),2.836,250.35,Medium,793714586.6500001,Recent (2022-2025)
Chevrolet,Volt (PHEV),2023,Sodium-Ion,125.8,189,Vehicle-To-Home (V2H),11.8,87423.74,Midnight Black,Italy,3,0.0,4.0,6605,3,0,Premium ($80K–$110K),1.502,462.56,Low,577433802.7,Recent (2022-2025)
Vinfast,VF 7,2015,Sodium-Ion,141.3,363,Plug-In Hydrogen Refueling,11.9,95163.68,Gold,Japan,1,0.0,3.0,10876,4,0,Premium ($80K–$110K),2.569,262.16,Low,1035000183.68,Early (2015-2018)
Jaguar,I-PACE,2021,Aluminum-Ion,72.0,325,Plug-In Hydrogen Refueling,4.4,52418.07,Ice Silver,Russia,4,0.0,4.0,13910,3,0,Mid ($50K–$80K),4.514,161.29,High,729135353.7,Mid (2019-2021)
Zeekr,Zeekr X,2023,Lithium-Sulfur,61.8,140,Mobile Charging,8.1,66779.5,Gun Metal,Vietnam,3,0.0,4.0,11552,5,0,Mid ($50K–$80K),2.265,477.0,Low,771436784.0,Recent (2022-2025)
Zeekr,Zeekr 009,2025,Magnesium-Ion,143.2,138,Plug-In Hydrogen Refueling,4.7,126131.52,Sky Blue,Netherlands,1,0.0,4.0,1140,3,0,Luxury (>$110K),0.964,914.0,Low,143789932.8,Recent (2022-2025)
Audi,e-tron GT,2025,Sodium-Ion,67.1,586,Level 2 Charging,7.5,111487.45,Turquoise,Argentina,0,0.0,4.0,10301,5,1,Luxury (>$110K),8.733,190.25,Top,1148432222.45,Recent (2022-2025)
Toyota,bZ4X,2016,Lithium-Ion,115.6,355,Plug-In Hydrogen Refueling,11.0,44131.32,Navy Blue,Spain,1,0.0,4.0,6559,3,0,Budget (<$50K),3.071,124.31,Medium,289457327.88,Early (2015-2018)
Volkswagen,ID.2all,2016,Nickel-Manganese-Cobalt,42.4,465,Vehicle-To-Home (V2H),12.0,127261.59,Rose Gold,Hungary,5,0.0,4.0,5161,5,1,Luxury (>$110K),10.967,273.68,Top,656797065.99,Early (2015-2018)
Dacia,Jogger Hybrid,2020,Lead-Acid,49.2,202,Chademo,3.2,89282.63,Turquoise,United Arab Emirates,3,0.0,5.0,2825,3,0,Premium ($80K–$110K),4.106,441.99,High,252223429.75,Mid (2019-2021)
Subaru,Solterra,2022,Lead-Acid,73.4,309,Dc Fast Charging (Dcfc),1.9,68043.32,Red,Malaysia,4,0.0,5.0,19260,3,0,Mid ($50K–$80K),4.21,220.2,High,1310514343.2,Recent (2022-2025)
Opel,Corsa-e,2021,Lead-Acid,138.4,128,Ccs,6.5,66494.95,Pearl White,Hungary,1,0.0,4.0,2584,4,0,Mid ($50K–$80K),0.925,519.49,Low,171822950.79999998,Mid (2019-2021)
Lucid Motors,Lucid DreamDrive,2023,Lithium-Sulfur,36.3,255,Dc Fast Charging (Dcfc),6.3,50236.31,Matte Blue,Sweden,4,0.0,5.0,1349,3,0,Mid ($50K–$80K),7.025,197.01,Top,67768782.19,Recent (2022-2025)
Hyundai,Kona Electric,2025,Magnesium-Ion,95.0,433,Inductive (Wireless) Charging,9.3,79990.41,Emerald Green,Germany,5,0.0,4.0,15825,3,1,Mid ($50K–$80K),4.558,184.74,High,1265848238.25,Recent (2022-2025)
Faraday Future,FF 91,2019,Nickel-Manganese-Cobalt,29.5,130,Nacs,5.6,88110.14,Electric Blue,Mexico,2,0.0,4.0,13065,3,0,Premium ($80K–$110K),4.407,677.77,High,1151158979.1,Mid (2019-2021)
Citroen,ë-Spacetourer,2023,Lead-Acid,33.8,223,Vehicle-To-Home (V2H),1.9,83951.52,Charcoal,France,3,0.0,4.0,8135,3,0,Premium ($80K–$110K),6.598,376.46,High,682945615.2,Recent (2022-2025)
Canoo,Pickup,2024,Lithium-Titanate,60.7,490,Nacs,6.2,91766.98,Champagne,Poland,0,0.0,3.0,7049,5,1,Premium ($80K–$110K),8.072,187.28,Top,646865442.02,Recent (2022-2025)
Fisker,Ocean,2015,Lithium-Sulfur,84.3,551,Vehicle-To-Load (V2L),3.8,30981.29,Yellow,Vietnam,3,0.0,4.0,11991,3,1,Budget (<$50K),6.536,56.23,High,371496648.39,Early (2015-2018)
Xpeng,P7,2024,Lead-Acid,45.3,383,Solar Charging,1.3,90510.66,Stealth Gray,United Arab Emirates,4,0.0,3.0,12907,4,0,Premium ($80K–$110K),8.455,236.32,Top,1168221088.6200001,Recent (2022-2025)
Vinfast,VF 8,2023,Sodium-Ion,118.1,201,Plug-In Hydrogen Refueling,6.3,35436.4,Gray,Mexico,4,0.0,5.0,4580,4,0,Budget (<$50K),1.702,176.3,Low,162298712.0,Recent (2022-2025)
Gmc,Hummer EV SUV,2017,Nickel-Cobalt-Aluminum,148.8,478,Solar Charging,7.3,90877.8,Graphite Gray,Saudi Arabia,4,0.0,4.0,10854,5,1,Premium ($80K–$110K),3.212,190.12,Medium,986387641.2,Early (2015-2018)
Jaguar,I-PACE,2024,Lithium-Sulfur,123.6,471,Level 1 Charging,7.4,61863.65,Ruby Red,Israel,5,0.0,5.0,12458,3,1,Mid ($50K–$80K),3.811,131.35,Medium,770697351.7,Recent (2022-2025)
Canoo,MPDV,2018,Lithium-Ion,94.4,458,Ccs,2.7,82924.63,Tan,Sweden,1,0.0,4.0,2040,5,1,Premium ($80K–$110K),4.852,181.06,High,169166245.20000002,Early (2015-2018)
Volkswagen,ID.7,2018,Lead-Acid,62.3,439,Vehicle-To-Load (V2L),6.5,67650.31,Midnight Black,Australia,2,0.0,5.0,8662,5,1,Mid ($50K–$80K),7.047,154.1,Top,585986985.22,Early (2015-2018)
Great Wall Motors,ORA Good Cat,2018,Lithium-Sulfur,92.6,215,Solar Charging,9.4,114588.11,Ice Silver,Russia,2,0.0,5.0,8960,4,0,Luxury (>$110K),2.322,532.97,Low,1026709465.6,Early (2015-2018)
Jaguar,I-PACE,2021,Calcium-Ion,64.9,495,Chademo,3.8,64515.64,Cosmic Purple,Uk,3,0.0,3.0,6621,5,1,Mid ($50K–$80K),7.627,130.33,Top,427158052.44,Mid (2019-2021)
Toyota,Lexus UX 300e,2019,Nickel-Metal Hydride,34.2,479,Ultra-Fast Charging (350 Kw+),3.3,110380.08,Matte Black,Austria,0,0.0,4.0,3294,5,1,Luxury (>$110K),14.006,230.44,Top,363591983.52,Mid (2019-2021)
Opel,Corsa-e,2015,Lead-Acid,147.1,180,Vehicle-To-Grid (V2G),8.0,135677.69,Aurora Blue,New Zealand,2,0.0,3.0,18813,3,0,Luxury (>$110K),1.224,753.76,Low,2552504381.9700003,Early (2015-2018)
Maserati,Grecale Folgore,2017,Nickel-Cobalt-Aluminum,134.7,190,Level 2 Charging,12.0,77639.35,Champagne,Norway,2,0.0,4.0,18610,5,0,Mid ($50K–$80K),1.411,408.63,Low,1444868303.5,Early (2015-2018)
Kia,EV6,2019,Nickel-Manganese-Cobalt,148.6,378,Vehicle-To-Load (V2L),10.7,46103.99,Graphite Gray,Australia,0,0.0,5.0,8430,5,0,Budget (<$50K),2.544,121.97,Low,388656635.7,Mid (2019-2021)
Porsche,Taycan,2020,Magnesium-Ion,58.4,445,Inductive (Wireless) Charging,2.5,132737.58,Cream,Vietnam,0,0.0,4.0,4607,4,1,Luxury (>$110K),7.62,298.29,Top,611522031.06,Mid (2019-2021)
Rimac,Nevera,2015,Lithium-Sulfur,69.9,328,Battery Swapping,11.5,66233.5,Volcanic Yellow,Singapore,3,0.0,3.0,3873,4,0,Mid ($50K–$80K),4.692,201.93,High,256522345.5,Early (2015-2018)
Subaru,Solterra,2021,Flow Batteries,85.3,558,Solar Charging,8.4,106645.36,Copper,Argentina,1,0.0,4.0,19848,4,1,Premium ($80K–$110K),6.542,191.12,High,2116697105.28,Mid (2019-2021)
Li Auto,MEGA,2023,Magnesium-Ion,106.3,211,Ultra-Fast Charging (350 Kw+),8.3,101497.74,Burgundy,Uk,4,0.0,4.0,18486,3,0,Premium ($80K–$110K),1.985,481.03,Low,1876287221.64,Recent (2022-2025)
Bmw,iX1,2023,Lithium-Iron Phosphate,94.5,176,Nacs,4.3,92440.98,Orange,Switzerland,3,0.0,3.0,14858,3,0,Premium ($80K–$110K),1.862,525.23,Low,1373488080.84,Recent (2022-2025)
Mg,MG ES5,2022,Zinc-Air,27.5,336,Solar Charging,8.8,77513.85,Platinum,Usa,4,0.0,5.0,2089,5,0,Mid ($50K–$80K),12.218,230.7,Top,161926432.65,Recent (2022-2025)
Bmw,i3,2022,Lithium-Ion,57.3,192,Chademo,9.3,147399.99,Ruby Red,Indonesia,3,0.0,4.0,12309,3,0,Luxury (>$110K),3.351,767.71,Medium,1814346476.9099998,Recent (2022-2025)
Skoda,Elroq (upcoming),2023,Nickel-Metal Hydride,105.0,278,Ccs,2.6,94471.02,Matte Black,Italy,1,0.0,4.0,15171,5,0,Premium ($80K–$110K),2.648,339.82,Medium,1433219844.42,Recent (2022-2025)
Renault,Kangoo E-Tech,2023,Nickel-Cobalt-Aluminum,127.0,226,Vehicle-To-Home (V2H),4.5,63077.97,Volcanic Yellow,Canada,3,0.0,3.0,7886,3,0,Mid ($50K–$80K),1.78,279.11,Low,497432871.42,Recent (2022-2025)
Audi,e-tron,2024,Lithium-Ion,78.0,444,Level 2 Charging,3.3,35308.41,Candy Apple Red,Austria,0,0.0,3.0,18877,4,1,Budget (<$50K),5.692,79.52,High,666516855.57,Recent (2022-2025)
Ferrari,Ferrari EV (2025+),2025,Calcium-Ion,61.7,254,Chademo,11.8,92550.13,Tan,Poland,4,0.0,3.0,13998,5,0,Premium ($80K–$110K),4.117,364.37,High,1295516719.74,Recent (2022-2025)
Mahindra,XUV400,2020,Flow Batteries,107.3,502,Mobile Charging,8.5,78991.1,Magenta,India,4,0.0,4.0,4730,4,1,Mid ($50K–$80K),4.678,157.35,High,373627903.0,Mid (2019-2021)
Bmw,iX1,2021,Nickel-Cobalt-Aluminum,92.4,168,Plug-In Hydrogen Refueling,3.3,54400.41,Ruby Red,Uk,2,0.0,3.0,1688,4,0,Mid ($50K–$80K),1.818,323.81,Low,91827892.08000001,Mid (2019-2021)
Nio,ET5,2016,Lithium-Iron Phosphate,124.6,400,Inductive (Wireless) Charging,6.0,134336.86,Pink,Poland,0,0.0,5.0,3844,5,1,Luxury (>$110K),3.21,335.84,Medium,516390889.84,Early (2015-2018)
Citroen,ë-Spacetourer,2018,Lithium-Titanate,98.6,204,Plug-In Hydrogen Refueling,11.0,96249.52,Navy Blue,Czech Republic,4,0.0,4.0,16803,4,0,Premium ($80K–$110K),2.069,471.81,Low,1617280684.5600002,Early (2015-2018)
Changan,SL03,2022,Magnesium-Ion,129.2,568,Inductive (Wireless) Charging,4.8,79671.62,Matte Green,Austria,0,0.0,5.0,13683,4,1,Mid ($50K–$80K),4.396,140.27,High,1090146776.46,Recent (2022-2025)
Ford,F-150 Lightning,2020,Lithium-Iron Phosphate,69.4,526,Ultra-Fast Charging (350 Kw+),6.2,108552.96,Sky Blue,Mexico,3,0.0,4.0,15100,3,1,Premium ($80K–$110K),7.579,206.37,Top,1639149696.0,Mid (2019-2021)
Renault,Scenic E-Tech,2017,Nickel-Metal Hydride,113.6,350,Nacs,11.0,95056.42,Ruby Red,South Korea,0,0.0,3.0,13513,3,0,Premium ($80K–$110K),3.081,271.59,Medium,1284497403.46,Early (2015-2018)
Acura,ZDX (with GM Ultium),2016,Lithium-Titanate,39.6,211,Vehicle-To-Home (V2H),4.8,104140.23,Lime Green,Finland,5,0.0,4.0,18076,4,0,Premium ($80K–$110K),5.328,493.56,High,1882438797.48,Early (2015-2018)
Tesla,Model S,2023,Lithium-Titanate,55.7,600,Solar Charging,0.7,127578.87,Sky Blue,Vietnam,1,0.0,4.0,4879,3,1,Luxury (>$110K),10.772,212.63,Top,622457306.73,Recent (2022-2025)
Lucid Motors,Lucid DreamDrive,2023,Lithium-Sulfur,126.0,236,Plug-In Hydrogen Refueling,1.4,145115.74,Sunset Orange,Singapore,5,0.0,3.0,1038,3,0,Luxury (>$110K),1.873,614.9,Low,150630138.12,Recent (2022-2025)
Xpeng,P5,2021,Lead-Acid,81.9,426,Level 1 Charging,8.6,39922.33,Rose Gold,Vietnam,2,0.0,3.0,17306,3,1,Budget (<$50K),5.201,93.71,High,690895842.98,Mid (2019-2021)
Volvo,C40 Recharge,2024,Nickel-Manganese-Cobalt,55.2,573,Dc Fast Charging (Dcfc),8.4,63644.76,Matte White,Singapore,1,0.0,3.0,19235,3,1,Mid ($50K–$80K),10.38,111.07,Top,1224206958.6000001,Recent (2022-2025)
Citroen,Ami,2021,Aluminum-Ion,30.0,183,Ultra-Fast Charging (350 Kw+),7.0,131933.09,Sky Blue,Saudi Arabia,5,0.0,5.0,2569,5,0,Luxury (>$110K),6.1,720.95,High,338936108.21,Mid (2019-2021)
Peugeot,e-3008,2015,Solid-State,76.8,529,Dc Fast Charging (Dcfc),4.4,122280.68,Gun Metal,Thailand,2,0.0,4.0,16076,3,1,Luxury (>$110K),6.888,231.15,Top,1965784211.6799998,Early (2015-2018)
Fisker,Pear (upcoming),2021,Nickel-Metal Hydride,108.4,438,Plug-In Hydrogen Refueling,1.5,104233.91,Cobalt Blue,Belgium,0,0.0,5.0,5055,5,1,Premium ($80K–$110K),4.041,237.98,Medium,526902415.05,Mid (2019-2021)
Nio,ES8,2020,Solid-State,31.9,582,Solar Charging,5.6,121361.58,Yellow,Italy,3,0.0,5.0,13370,3,1,Luxury (>$110K),18.245,208.53,Top,1622604324.6,Mid (2019-2021)
Nissan,Leaf,2020,Lead-Acid,32.1,406,Mobile Charging,10.4,31480.87,Tan,India,5,0.0,3.0,18741,5,1,Budget (<$50K),12.648,77.54,Top,589982984.67,Mid (2019-2021)
Mercedes-Benz,EQS SUV,2017,Nickel-Metal Hydride,55.0,237,Vehicle-To-Load (V2L),2.2,50064.89,Bronze,Indonesia,0,0.0,5.0,16246,5,0,Mid ($50K–$80K),4.309,211.24,High,813354202.9399999,Early (2015-2018)
Gmc,Hummer EV Pickup,2022,Solid-State,37.6,103,Plug-In Hydrogen Refueling,4.3,104423.06,Cobalt Blue,Mexico,3,0.0,5.0,4460,4,0,Premium ($80K–$110K),2.739,1013.82,Medium,465726847.59999996,Recent (2022-2025)
Rimac,Nevera,2022,Sodium-Ion,43.1,303,Mobile Charging,3.9,113394.93,Champagne,Singapore,2,0.0,4.0,11960,3,0,Luxury (>$110K),7.03,374.24,Top,1356203362.8,Recent (2022-2025)
Ferrari,SF90 Stradale (PHEV),2024,Lead-Acid,43.4,493,Level 1 Charging,11.5,85394.67,Cosmic Purple,Switzerland,2,0.0,4.0,13406,5,1,Premium ($80K–$110K),11.359,173.21,Top,1144800946.02,Recent (2022-2025)
Mahindra,XUV400,2025,Lithium-Sulfur,51.5,437,Chademo,8.7,124689.21,Red,Malaysia,3,0.0,5.0,13706,5,1,Luxury (>$110K),8.485,285.33,Top,1708990312.26,Recent (2022-2025)
Chevrolet,Volt (PHEV),2023,Zinc-Air,103.0,143,Ccs,9.3,108912.2,Teal,Netherlands,0,0.0,5.0,13094,4,0,Premium ($80K–$110K),1.388,761.62,Low,1426096346.8,Recent (2022-2025)
Vinfast,VF 9,2016,Lithium-Ion,32.8,213,Ultra-Fast Charging (350 Kw+),5.6,76936.1,Navy Blue,Israel,1,0.0,4.0,3425,4,0,Mid ($50K–$80K),6.494,361.2,High,263506142.50000003,Early (2015-2018)
Li Auto,L7,2016,Calcium-Ion,142.3,172,Overhead Pantograph Charging,4.1,84639.92,Electric Blue,South Africa,3,0.0,4.0,10450,3,0,Premium ($80K–$110K),1.209,492.09,Low,884487164.0,Early (2015-2018)
Subaru,Solterra,2016,Lithium-Ion,130.4,431,Ccs,8.3,49722.49,Racing Red,Belgium,4,0.0,4.0,7597,4,1,Budget (<$50K),3.305,115.37,Medium,377741756.53,Early (2015-2018)
Acura,ZDX (with GM Ultium),2017,Flow Batteries,105.5,302,Level 1 Charging,9.0,135971.68,Candy Apple Red,Israel,0,0.0,5.0,2050,5,0,Luxury (>$110K),2.863,450.24,Medium,278741944.0,Early (2015-2018)
Kia,Niro EV,2020,Sodium-Ion,45.6,158,Battery Swapping,8.2,88738.08,Emerald Green,Hungary,4,0.0,4.0,15003,5,0,Premium ($80K–$110K),3.465,561.63,Medium,1331337414.24,Mid (2019-2021)
Porsche,Panamera EV,2024,Zinc-Air,31.0,168,Mobile Charging,1.9,66645.6,Midnight Black,Argentina,4,0.0,5.0,12573,4,0,Mid ($50K–$80K),5.419,396.7,High,837935128.8000001,Recent (2022-2025)
Porsche,Cayenne Electric (upcoming),2025,Lead-Acid,110.1,430,Nacs,6.9,88757.04,Gray,Norway,3,0.0,3.0,15879,3,1,Premium ($80K–$110K),3.906,206.41,Medium,1409373038.1599998,Recent (2022-2025)
Lucid Motors,Lucid Gravity,2023,Lead-Acid,104.9,309,Vehicle-To-Load (V2L),5.3,130787.02,Champagne,Netherlands,3,0.0,4.0,1071,4,0,Luxury (>$110K),2.946,423.26,Medium,140072898.42000002,Recent (2022-2025)
Volvo,EX30,2017,Magnesium-Ion,79.5,480,Vehicle-To-Load (V2L),6.8,43585.32,Orange,Portugal,2,0.0,5.0,14462,5,1,Budget (<$50K),6.038,90.8,High,630330897.84,Early (2015-2018)
Rivian,R1S,2016,Lithium-Titanate,127.9,484,Ultra-Fast Charging (350 Kw+),3.9,149917.52,Candy Apple Red,Spain,0,0.0,3.0,6877,5,1,Luxury (>$110K),3.784,309.75,Medium,1030982785.04,Early (2015-2018)
Jeep,Wagoneer S,2024,Flow Batteries,75.7,415,Chademo,9.5,127623.58,Cobalt Blue,South Korea,4,0.0,4.0,9589,4,1,Luxury (>$110K),5.482,307.53,High,1223782508.6200001,Recent (2022-2025)
Ferrari,Roma PHEV,2023,Aluminum-Ion,108.3,148,Chademo,11.6,124282.93,Blue,Portugal,1,0.0,3.0,10554,3,0,Luxury (>$110K),1.367,839.75,Low,1311682043.22,Recent (2022-2025)
Citroen,Ami,2021,Nickel-Manganese-Cobalt,38.5,423,Battery Swapping,7.7,75020.68,Red,Uk,5,0.0,4.0,14899,4,1,Mid ($50K–$80K),10.987,177.35,Top,1117733111.32,Mid (2019-2021)
Rimac,Nevera,2016,Lithium-Titanate,146.4,425,Overhead Pantograph Charging,10.3,125481.35,Cream,Switzerland,1,0.0,4.0,11067,5,1,Luxury (>$110K),2.903,295.25,Medium,1388702100.45,Early (2015-2018)
Ferrari,SF90 Stradale (PHEV),2024,Calcium-Ion,83.1,275,Level 2 Charging,1.0,105141.54,Titanium,Australia,3,0.0,4.0,22,4,0,Premium ($80K–$110K),3.309,382.33,Medium,2313113.88,Recent (2022-2025)
Lucid Motors,Lucid DreamDrive,2017,Aluminum-Ion,104.5,181,Battery Swapping,1.6,73252.25,Green,Argentina,5,0.0,4.0,7672,4,0,Mid ($50K–$80K),1.732,404.71,Low,561991262.0,Early (2015-2018)
Genesis,GV60,2016,Lithium-Ion,47.7,139,Chademo,7.3,92333.31,Candy Apple Red,Usa,3,0.0,4.0,4331,4,0,Premium ($80K–$110K),2.914,664.27,Medium,399895565.61,Early (2015-2018)
Audi,e-tron GT,2021,Solid-State,115.0,152,Ccs,4.1,135718.68,Gray,India,1,0.0,3.0,17383,5,0,Luxury (>$110K),1.322,892.89,Low,2359197814.44,Mid (2019-2021)
Tesla,Cybertruck,2025,Nickel-Metal Hydride,77.2,469,Inductive (Wireless) Charging,7.7,48164.9,Tan,Finland,1,0.0,3.0,19319,5,1,Budget (<$50K),6.075,102.7,High,930497703.1,Recent (2022-2025)
Nio,ES8,2021,Sodium-Ion,122.8,226,Battery Swapping,7.9,59780.04,Gun Metal,Ireland,2,0.0,5.0,9884,3,0,Mid ($50K–$80K),1.84,264.51,Low,590865915.36,Mid (2019-2021)
Lotus,Evija,2023,Lithium-Iron Phosphate,117.2,251,Level 2 Charging,9.5,125253.36,Forest Green,Russia,1,0.0,5.0,395,4,0,Luxury (>$110K),2.142,499.02,Low,49475077.2,Recent (2022-2025)
Rimac,Nevera,2021,Calcium-Ion,129.1,315,Overhead Pantograph Charging,6.8,50732.44,Aurora Blue,China,3,0.0,3.0,1981,4,0,Mid ($50K–$80K),2.44,161.06,Low,100500963.64,Mid (2019-2021)
Mg,MG5 EV,2025,Lithium-Titanate,85.1,312,Vehicle-To-Grid (V2G),8.6,39891.34,Matte White,Saudi Arabia,2,0.0,4.0,6658,3,0,Budget (<$50K),3.666,127.86,Medium,265596541.71999997,Recent (2022-2025)
Maserati,GranTurismo Folgore,2021,Zinc-Air,102.5,527,Dc Fast Charging (Dcfc),4.1,82498.33,Rose Gold,Belgium,3,0.0,4.0,19950,3,1,Premium ($80K–$110K),5.141,156.54,High,1645841683.5,Mid (2019-2021)
Subaru,Solterra,2016,Lithium-Ion,112.0,459,Level 1 Charging,2.4,144361.94,Matte Black,South Africa,5,0.0,5.0,8806,5,1,Luxury (>$110K),4.098,314.51,High,1271251243.64,Early (2015-2018)
Jaguar,I-PACE,2020,Magnesium-Ion,75.8,368,Dc Fast Charging (Dcfc),3.5,147006.07,Emerald Green,China,4,0.0,5.0,5468,4,0,Luxury (>$110K),4.855,399.47,High,803829190.76,Mid (2019-2021)
Mercedes-Benz,EQA,2016,Aluminum-Ion,94.6,470,Ccs,3.1,91058.99,Silver,Usa,3,0.0,3.0,1158,5,1,Premium ($80K–$110K),4.968,193.74,High,105446310.42,Early (2015-2018)
Faraday Future,FF 91,2018,Sodium-Ion,52.3,568,Mobile Charging,3.6,39346.45,Turquoise,Canada,0,0.0,3.0,13137,3,1,Budget (<$50K),10.86,69.27,Top,516894313.65,Early (2015-2018)
Changan,Deepal S07,2019,Sodium-Ion,31.2,333,Level 1 Charging,4.7,64991.41,Burgundy,Poland,1,0.0,4.0,6403,5,0,Mid ($50K–$80K),10.673,195.17,Top,416139998.23,Mid (2019-2021)
Maserati,Grecale Folgore,2017,Lithium-Ion,141.2,112,Ultra-Fast Charging (350 Kw+),6.7,106313.02,Ice Silver,Usa,0,0.0,5.0,10076,3,0,Premium ($80K–$110K),0.793,949.22,Low,1071209989.5200001,Early (2015-2018)
Rivian,EDV (Electric Delivery Van),2018,Nickel-Cobalt-Aluminum,84.0,130,Chademo,8.7,41163.2,Crimson Red,South Africa,2,0.0,5.0,3131,5,0,Budget (<$50K),1.548,316.64,Low,128881979.19999999,Early (2015-2018)
Volkswagen,ID.Buzz,2021,Solid-State,96.9,131,Vehicle-To-Grid (V2G),8.1,45684.99,Copper,Spain,3,0.0,4.0,14835,4,0,Budget (<$50K),1.352,348.74,Low,677736826.65,Mid (2019-2021)
Volvo,XC40 Recharge,2018,Nickel-Metal Hydride,121.4,399,Ccs,2.3,49725.0,Sunset Orange,Hungary,4,0.0,4.0,10102,4,0,Budget (<$50K),3.287,124.62,Medium,502321950.0,Early (2015-2018)
Honda,e:Ny1,2016,Nickel-Metal Hydride,125.0,255,Level 2 Charging,3.0,132788.79,Charcoal,Uk,2,0.0,4.0,9792,4,0,Luxury (>$110K),2.04,520.74,Low,1300267831.68,Early (2015-2018)
Canoo,Lifestyle Vehicle,2015,Nickel-Cobalt-Aluminum,131.1,384,Ultra-Fast Charging (350 Kw+),1.6,42228.88,Burgundy,Italy,3,0.0,3.0,4283,3,0,Budget (<$50K),2.929,109.97,Medium,180866293.04,Early (2015-2018)
Canoo,Pickup,2020,Flow Batteries,101.9,430,Dc Fast Charging (Dcfc),7.2,61058.48,Platinum,China,3,0.0,4.0,4220,3,1,Mid ($50K–$80K),4.22,142.0,High,257666785.60000002,Mid (2019-2021)
Faraday Future,FF 91,2016,Lithium-Ion,142.5,125,Nacs,11.1,81978.77,Volcanic Yellow,Thailand,3,0.0,3.0,6132,4,0,Premium ($80K–$110K),0.877,655.83,Low,502693817.64000005,Early (2015-2018)
Toyota,Lexus RZ,2017,Lithium-Ion,99.8,415,Ultra-Fast Charging (350 Kw+),7.9,89866.99,Matte Gray,New Zealand,3,0.0,3.0,17229,3,1,Premium ($80K–$110K),4.158,216.55,High,1548318370.71,Early (2015-2018)
Acura,ZDX (with GM Ultium),2021,Magnesium-Ion,112.7,345,Vehicle-To-Load (V2L),4.5,97878.13,Purple,India,0,0.0,4.0,1919,4,0,Premium ($80K–$110K),3.061,283.7,Medium,187828131.47,Mid (2019-2021)
Lotus,Emeya,2024,Lithium-Iron Phosphate,146.6,151,Ultra-Fast Charging (350 Kw+),8.1,61983.24,Platinum,South Korea,1,0.0,4.0,11626,3,0,Mid ($50K–$80K),1.03,410.49,Low,720617148.24,Recent (2022-2025)
Porsche,Macan EV,2024,Sodium-Ion,124.8,457,Overhead Pantograph Charging,11.0,33384.79,Ice Silver,Brazil,4,0.0,4.0,17764,4,1,Budget (<$50K),3.662,73.05,Medium,593047409.5600001,Recent (2022-2025)
Porsche,Cayenne Electric (upcoming),2015,Solid-State,27.3,408,Ultra-Fast Charging (350 Kw+),0.7,87358.68,Pink,Finland,1,0.0,4.0,1951,3,1,Premium ($80K–$110K),14.945,214.11,Top,170436784.67999998,Early (2015-2018)
Ford,F-150 Lightning,2016,Calcium-Ion,88.4,286,Dc Fast Charging (Dcfc),4.8,143030.79,Cream,Israel,3,0.0,3.0,14315,5,0,Luxury (>$110K),3.235,500.11,Medium,2047485758.8500001,Early (2015-2018)
Mahindra,Born Electric (upcoming range),2017,Lithium-Titanate,145.9,455,Overhead Pantograph Charging,3.1,100674.02,Midnight Black,India,5,0.0,3.0,18770,4,1,Premium ($80K–$110K),3.119,221.26,Medium,1889651355.4,Early (2015-2018)
Opel,Grandland Electric,2015,Nickel-Metal Hydride,98.3,571,Ultra-Fast Charging (350 Kw+),7.9,42493.23,Champagne,Sweden,0,0.0,3.0,2907,5,1,Budget (<$50K),5.809,74.42,High,123527819.61000001,Early (2015-2018)
Mini,Mini Aceman,2020,Nickel-Manganese-Cobalt,21.5,207,Ultra-Fast Charging (350 Kw+),8.5,72057.74,Burgundy,France,0,0.0,3.0,13566,4,0,Mid ($50K–$80K),9.628,348.11,Top,977535300.84,Mid (2019-2021)
Nio,ES8,2023,Nickel-Cobalt-Aluminum,33.2,345,Ultra-Fast Charging (350 Kw+),2.4,38845.13,Rose Gold,Japan,2,0.0,4.0,5574,4,0,Budget (<$50K),10.392,112.59,Top,216522754.61999997,Recent (2022-2025)
Mercedes-Benz,EQS,2023,Aluminum-Ion,147.1,273,Vehicle-To-Load (V2L),8.6,81758.8,Ruby Red,Netherlands,3,0.0,3.0,6225,4,0,Premium ($80K–$110K),1.856,299.48,Low,508948530.0,Recent (2022-2025)
Seat,Avenger,2025,Lithium-Sulfur,58.7,149,Level 2 Charging,5.0,95959.52,Champagne,Sweden,3,0.0,4.0,19667,4,0,Premium ($80K–$110K),2.538,644.02,Low,1887235879.8400002,Recent (2022-2025)
Lucid Motors,Lucid Air,2015,Lithium-Iron Phosphate,42.2,249,Dc Fast Charging (Dcfc),5.9,43861.07,Burgundy,Thailand,5,0.0,4.0,6058,4,0,Budget (<$50K),5.9,176.15,High,265710362.06,Early (2015-2018)
Nio,ES8,2017,Nickel-Manganese-Cobalt,25.8,325,Vehicle-To-Home (V2H),3.5,130449.45,Matte Green,South Korea,5,0.0,4.0,11265,5,0,Luxury (>$110K),12.597,401.38,Top,1469513054.25,Early (2015-2018)
Li Auto,L8,2023,Lithium-Ion,129.3,519,Vehicle-To-Grid (V2G),11.6,112448.15,Aurora Blue,Singapore,3,0.0,5.0,1137,5,1,Luxury (>$110K),4.014,216.66,Medium,127853546.55,Recent (2022-2025)
Ferrari,Ferrari EV (2025+),2024,Flow Batteries,147.8,175,Ccs,11.4,83884.77,Pearl White,Switzerland,1,0.0,4.0,14266,3,0,Premium ($80K–$110K),1.184,479.34,Low,1196700128.8200002,Recent (2022-2025)
Canoo,MPDV,2017,Calcium-Ion,97.4,263,Dc Fast Charging (Dcfc),1.5,96763.7,Matte Gray,Hungary,4,0.0,5.0,19253,5,0,Premium ($80K–$110K),2.7,367.92,Medium,1862991516.1,Early (2015-2018)
Vinfast,VF 9,2016,Nickel-Cobalt-Aluminum,39.5,390,Ccs,11.1,97522.05,Yellow,Czech Republic,2,0.0,5.0,15911,5,0,Premium ($80K–$110K),9.873,250.06,Top,1551673337.55,Early (2015-2018)
Cadillac,Celestiq,2015,Nickel-Metal Hydride,55.8,173,Plug-In Hydrogen Refueling,0.9,136748.91,Pink,Belgium,3,0.0,4.0,662,4,0,Luxury (>$110K),3.1,790.46,Medium,90527778.42,Early (2015-2018)
Canoo,Pickup,2019,Lithium-Sulfur,129.6,539,Ccs,11.7,57354.89,Magenta,Malaysia,2,0.0,5.0,2925,3,1,Mid ($50K–$80K),4.159,106.41,High,167763053.25,Mid (2019-2021)
Geely,Geometry A,2021,Lithium-Titanate,83.0,364,Overhead Pantograph Charging,9.9,91832.36,Pearl White,China,4,0.0,5.0,18634,3,0,Premium ($80K–$110K),4.386,252.29,High,1711204196.24,Mid (2019-2021)
Porsche,Macan EV,2018,Calcium-Ion,27.5,116,Vehicle-To-Home (V2H),1.1,73245.01,Metallic Silver,Portugal,3,0.0,3.0,1001,3,0,Mid ($50K–$80K),4.218,631.42,High,73318255.00999999,Early (2015-2018)
Byd,Dolphin,2024,Nickel-Manganese-Cobalt,43.1,545,Vehicle-To-Load (V2L),7.2,71971.19,Pearl White,Spain,5,0.0,4.0,1626,3,1,Mid ($50K–$80K),12.645,132.06,Top,117025154.94,Recent (2022-2025)
Ferrari,SF90 Stradale (PHEV),2018,Flow Batteries,49.3,205,Battery Swapping,8.0,91593.75,Navy Blue,Usa,1,0.0,3.0,7332,4,0,Premium ($80K–$110K),4.158,446.8,High,671565375.0,Early (2015-2018)
Cadillac,Celestiq,2025,Lithium-Sulfur,75.1,292,Overhead Pantograph Charging,5.8,56185.09,Magenta,South Africa,3,0.0,4.0,12262,5,0,Mid ($50K–$80K),3.888,192.41,Medium,688941573.5799999,Recent (2022-2025)
Genesis,GV80 Electric,2019,Flow Batteries,34.1,132,Mobile Charging,11.9,106871.37,Bronze,Spain,5,0.0,3.0,1860,5,0,Premium ($80K–$110K),3.871,809.63,Medium,198780748.2,Mid (2019-2021)
Xpeng,G9,2025,Nickel-Metal Hydride,113.8,435,Vehicle-To-Load (V2L),12.0,61131.15,Tan,Thailand,0,0.0,3.0,11244,5,1,Mid ($50K–$80K),3.822,140.53,Medium,687358650.6,Recent (2022-2025)
Dacia,Jogger Hybrid,2025,Lead-Acid,103.0,343,Overhead Pantograph Charging,6.3,131450.31,Titanium,United Arab Emirates,0,0.0,5.0,18318,3,0,Luxury (>$110K),3.33,383.24,Medium,2407906778.58,Recent (2022-2025)
Skoda,Enyaq Coupe,2025,Solid-State,48.9,214,Solar Charging,5.3,136421.23,Turquoise,Spain,3,0.0,5.0,19122,5,0,Luxury (>$110K),4.376,637.48,High,2608646760.0600004,Recent (2022-2025)
Gmc,Hummer EV Pickup,2022,Aluminum-Ion,45.3,161,Plug-In Hydrogen Refueling,6.6,79572.87,Rose Gold,Sweden,3,0.0,5.0,14993,3,0,Mid ($50K–$80K),3.554,494.24,Medium,1193036039.9099998,Recent (2022-2025)
Rimac,Nevera,2016,Nickel-Manganese-Cobalt,63.2,190,Mobile Charging,7.8,30565.62,Bronze,Switzerland,1,0.0,3.0,4240,5,0,Budget (<$50K),3.006,160.87,Medium,129598228.8,Early (2015-2018)
Zeekr,Zeekr 007,2021,Nickel-Cobalt-Aluminum,145.5,296,Level 1 Charging,0.9,53929.71,Turquoise,Usa,4,0.0,5.0,8153,3,0,Mid ($50K–$80K),2.034,182.19,Low,439688925.63,Mid (2019-2021)
Seat,Avenger,2019,Nickel-Metal Hydride,33.4,357,Solar Charging,2.4,128861.26,Magenta,Czech Republic,4,0.0,5.0,4384,4,0,Luxury (>$110K),10.689,360.96,Top,564927763.84,Mid (2019-2021)
Mahindra,Born Electric (upcoming range),2018,Nickel-Metal Hydride,143.3,570,Plug-In Hydrogen Refueling,0.7,56918.56,Gray,Switzerland,4,0.0,5.0,1224,4,1,Mid ($50K–$80K),3.978,99.86,Medium,69668317.44,Early (2015-2018)
Acura,ZDX (with GM Ultium),2023,Zinc-Air,26.3,124,Ccs,8.0,32369.01,Ice Silver,Canada,3,0.0,5.0,5017,3,0,Budget (<$50K),4.715,261.04,High,162395323.17,Recent (2022-2025)
Seat,Avenger,2019,Nickel-Cobalt-Aluminum,106.0,439,Battery Swapping,7.7,114087.16,Tan,France,4,0.0,3.0,16309,3,1,Luxury (>$110K),4.142,259.88,High,1860647492.44,Mid (2019-2021)
Cadillac,Lyriq,2019,Calcium-Ion,88.0,203,Overhead Pantograph Charging,8.6,65442.14,Silver,United Arab Emirates,1,0.0,3.0,89,3,0,Mid ($50K–$80K),2.307,322.38,Low,5824350.46,Mid (2019-2021)
Mini,Mini Electric,2016,Calcium-Ion,94.6,352,Chademo,11.4,123543.15,Red,France,5,0.0,4.0,8654,4,0,Luxury (>$110K),3.721,350.97,Medium,1069142420.0999999,Early (2015-2018)
Bmw,i3,2017,Calcium-Ion,25.1,248,Overhead Pantograph Charging,9.7,67524.85,Racing Red,Canada,3,0.0,4.0,4534,5,0,Mid ($50K–$80K),9.88,272.28,Top,306157669.90000004,Early (2015-2018)
Genesis,GV70 Electric,2020,Sodium-Ion,136.3,589,Battery Swapping,10.6,41154.16,Platinum,Mexico,3,0.0,4.0,15671,4,1,Budget (<$50K),4.321,69.87,High,644926841.36,Mid (2019-2021)
Genesis,GV70 Electric,2016,Nickel-Metal Hydride,110.5,130,Nacs,1.7,139347.21,Aurora Blue,Singapore,1,0.0,5.0,944,5,0,Luxury (>$110K),1.176,1071.9,Low,131543766.24,Early (2015-2018)
Renault,5 E-Tech,2022,Aluminum-Ion,83.5,554,Vehicle-To-Grid (V2G),5.6,37600.33,Ruby Red,Hungary,3,0.0,5.0,18895,5,1,Budget (<$50K),6.635,67.87,High,710458235.35,Recent (2022-2025)
Ferrari,SF90 Stradale (PHEV),2025,Calcium-Ion,64.0,367,Ccs,5.5,117198.24,Aurora Blue,Brazil,5,0.0,5.0,1788,3,0,Luxury (>$110K),5.734,319.34,High,209550453.12,Recent (2022-2025)
Genesis,GV70 Electric,2023,Calcium-Ion,81.0,353,Nacs,1.4,88997.76,Forest Green,Mexico,0,0.0,4.0,13214,3,0,Premium ($80K–$110K),4.358,252.12,High,1176016400.6399999,Recent (2022-2025)
Hyundai,Ioniq 7 (upcoming),2022,Magnesium-Ion,94.5,145,Vehicle-To-Load (V2L),5.6,44244.82,Champagne,Germany,3,0.0,3.0,2978,5,0,Budget (<$50K),1.534,305.14,Low,131761073.96,Recent (2022-2025)
Gmc,Hummer EV SUV,2023,Lead-Acid,46.9,443,Vehicle-To-Home (V2H),11.4,73601.1,Blue,Austria,2,0.0,4.0,11904,5,1,Mid ($50K–$80K),9.446,166.14,Top,876147494.4000001,Recent (2022-2025)
Geely,Geometry A,2016,Magnesium-Ion,105.7,101,Mobile Charging,4.6,106039.34,Cobalt Blue,Czech Republic,2,0.0,4.0,5379,4,0,Premium ($80K–$110K),0.956,1049.89,Low,570385609.86,Early (2015-2018)
Volkswagen,ID.2all,2021,Solid-State,53.1,200,Inductive (Wireless) Charging,1.9,132263.32,Electric Blue,Australia,1,0.0,4.0,1523,5,0,Luxury (>$110K),3.766,661.32,Medium,201437036.36,Mid (2019-2021)
Skoda,Elroq (upcoming),2016,Magnesium-Ion,135.9,334,Chademo,11.6,30520.52,Racing Red,South Korea,3,0.0,5.0,5806,5,0,Budget (<$50K),2.458,91.38,Low,177202139.12,Early (2015-2018)
Jeep,Grand Cherokee 4xe (PHEV),2017,Solid-State,70.4,407,Mobile Charging,6.3,76159.52,Gun Metal,Belgium,2,0.0,3.0,4527,4,1,Mid ($50K–$80K),5.781,187.12,High,344774147.04,Early (2015-2018)
Cadillac,Optiq (upcoming),2023,Lithium-Sulfur,129.6,380,Mobile Charging,8.7,142261.45,Emerald Green,Switzerland,4,0.0,5.0,4347,5,0,Luxury (>$110K),2.932,374.37,Medium,618410523.1500001,Recent (2022-2025)
Genesis,GV70 Electric,2023,Lead-Acid,110.3,265,Ccs,9.2,97473.63,Matte Blue,Singapore,5,0.0,5.0,9369,4,0,Premium ($80K–$110K),2.403,367.83,Low,913230439.47,Recent (2022-2025)
Faraday Future,FF 91,2023,Solid-State,23.3,174,Level 2 Charging,8.2,53988.29,Stealth Gray,Netherlands,5,0.0,5.0,9671,3,0,Mid ($50K–$80K),7.468,310.28,Top,522120752.59000003,Recent (2022-2025)
Citroen,Ami,2015,Sodium-Ion,125.8,152,Ultra-Fast Charging (350 Kw+),9.0,97352.47,Forest Green,Turkey,5,0.0,4.0,12699,4,0,Premium ($80K–$110K),1.208,640.48,Low,1236279016.53,Early (2015-2018)
Vinfast,VF 8,2023,Lithium-Ion,21.7,228,Inductive (Wireless) Charging,7.6,123710.99,Candy Apple Red,Austria,5,0.0,5.0,17911,5,0,Luxury (>$110K),10.507,542.59,Top,2215787541.89,Recent (2022-2025)
Cadillac,Lyriq,2018,Lithium-Sulfur,78.3,449,Dc Fast Charging (Dcfc),2.7,50855.42,Graphite Gray,Canada,3,0.0,3.0,19136,4,1,Mid ($50K–$80K),5.734,113.26,High,973169317.12,Early (2015-2018)
Tesla,Model X,2022,Lithium-Titanate,141.9,120,Chademo,11.2,101625.64,Navy Blue,Finland,2,0.0,4.0,2388,5,0,Premium ($80K–$110K),0.846,846.88,Low,242682028.32,Recent (2022-2025)
Rimac,Nevera,2017,Lead-Acid,28.9,358,Nacs,5.3,94444.31,Green,Brazil,1,0.0,4.0,7158,5,0,Premium ($80K–$110K),12.388,263.81,Top,676032370.98,Early (2015-2018)
Lotus,Emeya,2023,Calcium-Ion,117.8,432,Level 1 Charging,1.8,71520.87,Forest Green,Finland,1,0.0,4.0,12496,3,1,Mid ($50K–$80K),3.667,165.56,Medium,893724791.52,Recent (2022-2025)
Nio,ES7,2023,Lithium-Titanate,56.8,566,Overhead Pantograph Charging,6.4,91048.27,Champagne,Japan,5,0.0,3.0,5485,5,1,Premium ($80K–$110K),9.965,160.86,Top,499399760.95000005,Recent (2022-2025)
Maserati,Grecale Folgore,2025,Solid-State,47.4,422,Inductive (Wireless) Charging,10.4,80905.13,Yellow,Switzerland,5,0.0,4.0,2363,5,1,Premium ($80K–$110K),8.903,191.72,Top,191178822.19,Recent (2022-2025)
Skoda,Enyaq,2015,Nickel-Manganese-Cobalt,113.2,119,Dc Fast Charging (Dcfc),1.3,51359.06,Gold,United Arab Emirates,3,0.0,4.0,12715,4,0,Mid ($50K–$80K),1.051,431.59,Low,653030447.9,Early (2015-2018)
Acura,ZDX (with GM Ultium),2021,Sodium-Ion,22.2,444,Ccs,6.7,106970.73,Sapphire Blue,China,4,0.0,4.0,16476,3,1,Premium ($80K–$110K),20.0,240.93,Top,1762449747.48,Mid (2019-2021)
Mazda,Mazda EV (upcoming models),2024,Solid-State,56.6,574,Vehicle-To-Home (V2H),4.9,128654.68,Black,New Zealand,1,0.0,5.0,9665,5,1,Luxury (>$110K),10.141,224.14,Top,1243447482.2,Recent (2022-2025)
Ford,E-Transit,2025,Aluminum-Ion,138.8,507,Overhead Pantograph Charging,11.5,31338.02,Matte Gray,Sweden,3,0.0,5.0,17941,3,1,Budget (<$50K),3.653,61.81,Medium,562235416.82,Recent (2022-2025)
Subaru,Solterra,2020,Lithium-Iron Phosphate,73.6,430,Chademo,2.4,56494.56,Titanium,Spain,1,0.0,3.0,17984,4,1,Mid ($50K–$80K),5.842,131.38,High,1015998167.04,Mid (2019-2021)
Genesis,GV60,2019,Flow Batteries,28.8,150,Inductive (Wireless) Charging,8.8,88462.85,Pink,Brazil,3,0.0,5.0,2287,3,0,Premium ($80K–$110K),5.208,589.75,High,202314537.95000002,Mid (2019-2021)
Rimac,Nevera,2022,Sodium-Ion,100.1,256,Chademo,7.0,73739.21,Purple,Vietnam,2,0.0,5.0,14290,4,0,Mid ($50K–$80K),2.557,288.04,Low,1053733310.9000001,Recent (2022-2025)
Byd,Tang EV,2025,Lithium-Titanate,63.1,345,Vehicle-To-Home (V2H),5.6,122972.04,Champagne,United Arab Emirates,3,0.0,4.0,9195,3,0,Luxury (>$110K),5.468,356.44,High,1130727907.8,Recent (2022-2025)
Maserati,Grecale Folgore,2019,Lithium-Titanate,135.2,139,Dc Fast Charging (Dcfc),10.8,131950.47,Emerald Green,Germany,4,0.0,3.0,18074,4,0,Luxury (>$110K),1.028,949.28,Low,2384872794.78,Mid (2019-2021)
Maserati,GranTurismo Folgore,2025,Magnesium-Ion,39.3,300,Ultra-Fast Charging (350 Kw+),10.8,100752.09,Rose Gold,Czech Republic,3,0.0,4.0,11923,5,0,Premium ($80K–$110K),7.634,335.84,Top,1201267169.07,Recent (2022-2025)
Tesla,Roadster (upcoming),2018,Calcium-Ion,145.3,414,Nacs,9.2,46844.48,Pearl White,Norway,4,0.0,5.0,15843,4,1,Budget (<$50K),2.849,113.15,Medium,742157096.6400001,Early (2015-2018)
Chevrolet,Bolt EUV,2022,Lithium-Iron Phosphate,28.2,289,Ultra-Fast Charging (350 Kw+),1.0,54812.89,Burgundy,Argentina,3,0.0,4.0,10619,3,0,Mid ($50K–$80K),10.248,189.66,Top,582058078.91,Recent (2022-2025)
Dacia,Bigster EV (upcoming),2019,Zinc-Air,90.8,189,Plug-In Hydrogen Refueling,8.0,73835.61,Ruby Red,China,3,0.0,4.0,11563,4,0,Mid ($50K–$80K),2.081,390.66,Low,853761158.43,Mid (2019-2021)
Mahindra,Born Electric (upcoming range),2024,Lithium-Ion,85.2,171,Vehicle-To-Home (V2H),2.4,39250.59,Ruby Red,Portugal,1,0.0,3.0,7547,4,0,Budget (<$50K),2.007,229.54,Low,296224202.72999996,Recent (2022-2025)
Faraday Future,FF 91,2016,Nickel-Manganese-Cobalt,107.8,345,Inductive (Wireless) Charging,7.3,107671.11,Tan,Germany,1,0.0,5.0,16798,3,0,Premium ($80K–$110K),3.2,312.09,Medium,1808659305.78,Early (2015-2018)
Ferrari,SF90 Stradale (PHEV),2015,Nickel-Metal Hydride,53.6,192,Plug-In Hydrogen Refueling,7.4,97632.56,Black,Czech Republic,1,0.0,4.0,5589,3,0,Premium ($80K–$110K),3.582,508.5,Medium,545668377.84,Early (2015-2018)
Li Auto,L8,2024,Calcium-Ion,119.8,419,Battery Swapping,2.4,112270.94,Sunset Orange,Ireland,1,0.0,3.0,6630,5,1,Luxury (>$110K),3.497,267.95,Medium,744356332.2,Recent (2022-2025)
Mg,MG ES5,2017,Zinc-Air,32.5,343,Level 2 Charging,10.6,93771.59,Stealth Gray,Canada,3,0.0,5.0,39,5,0,Premium ($80K–$110K),10.554,273.39,Top,3657092.01,Early (2015-2018)
Genesis,G80 Electric,2023,Nickel-Cobalt-Aluminum,68.1,122,Vehicle-To-Grid (V2G),3.1,126276.02,Burgundy,India,5,0.0,5.0,3201,4,0,Luxury (>$110K),1.791,1035.05,Low,404209540.02000004,Recent (2022-2025)
Volkswagen,ID.5,2022,Magnesium-Ion,50.2,539,Dc Fast Charging (Dcfc),3.8,135211.96,Tan,Spain,5,0.0,4.0,17122,3,1,Luxury (>$110K),10.737,250.86,Top,2315099179.12,Recent (2022-2025)
Lotus,Eletre,2021,Flow Batteries,46.7,511,Mobile Charging,5.2,42789.99,Brown,Israel,4,0.0,4.0,13023,3,1,Budget (<$50K),10.942,83.74,Top,557254039.77,Mid (2019-2021)
Li Auto,MEGA,2017,Sodium-Ion,92.7,347,Battery Swapping,11.9,99318.14,Navy Blue,Thailand,5,0.0,5.0,5301,3,0,Premium ($80K–$110K),3.743,286.22,Medium,526485460.14,Early (2015-2018)
Rivian,EDV (Electric Delivery Van),2021,Magnesium-Ion,64.0,381,Level 2 Charging,2.3,145748.43,White,Uk,3,0.0,3.0,8620,3,0,Luxury (>$110K),5.953,382.54,High,1256351466.6,Mid (2019-2021)
Byd,Han EV,2024,Lithium-Ion,114.2,576,Plug-In Hydrogen Refueling,7.6,92520.67,Cosmic Purple,Ireland,3,0.0,4.0,14384,3,1,Premium ($80K–$110K),5.044,160.63,High,1330817317.28,Recent (2022-2025)
Lucid Motors,Lucid DreamDrive,2023,Lithium-Sulfur,45.3,501,Ultra-Fast Charging (350 Kw+),7.6,110882.93,Turquoise,Belgium,1,0.0,4.0,11571,5,1,Luxury (>$110K),11.06,221.32,Top,1283026383.03,Recent (2022-2025)
Xpeng,P5,2024,Lithium-Iron Phosphate,87.3,477,Dc Fast Charging (Dcfc),11.1,95951.12,Volcanic Yellow,United Arab Emirates,2,0.0,3.0,19869,3,1,Premium ($80K–$110K),5.464,201.16,High,1906452803.28,Recent (2022-2025)
Changan,Deepal S07,2024,Lithium-Ion,53.9,308,Ccs,6.9,90380.3,Pink,Canada,2,0.0,5.0,8196,5,0,Premium ($80K–$110K),5.714,293.44,High,740756938.8000001,Recent (2022-2025)
Geely,Geometry C,2024,Nickel-Manganese-Cobalt,120.1,487,Mobile Charging,11.6,85061.81,Sunset Orange,Israel,3,0.0,4.0,7221,5,1,Premium ($80K–$110K),4.055,174.66,Medium,614231330.01,Recent (2022-2025)
Seat,Avenger,2020,Nickel-Cobalt-Aluminum,144.2,364,Level 1 Charging,8.6,61601.96,Copper,Uk,5,0.0,4.0,5848,4,0,Mid ($50K–$80K),2.524,169.24,Low,360248262.08,Mid (2019-2021)
Rimac,Nevera,2018,Aluminum-Ion,94.6,193,Inductive (Wireless) Charging,6.2,53959.98,Racing Red,Belgium,1,0.0,5.0,11666,3,0,Mid ($50K–$80K),2.04,279.59,Low,629497126.6800001,Early (2015-2018)
Opel,Corsa-e,2016,Aluminum-Ion,30.2,589,Vehicle-To-Load (V2L),7.6,121709.31,Matte White,Japan,2,0.0,5.0,9002,4,1,Luxury (>$110K),19.503,206.64,Top,1095627208.62,Early (2015-2018)
Porsche,Panamera EV,2021,Lithium-Iron Phosphate,117.5,165,Level 2 Charging,6.5,80781.1,Matte White,Japan,3,0.0,4.0,3944,5,0,Premium ($80K–$110K),1.404,489.58,Low,318600658.40000004,Mid (2019-2021)
Lotus,Emeya,2020,Lithium-Titanate,21.1,445,Inductive (Wireless) Charging,4.9,42089.74,Turquoise,Finland,1,0.0,4.0,11242,4,1,Budget (<$50K),21.09,94.58,Top,473172857.08,Mid (2019-2021)
Porsche,Cayenne Electric (upcoming),2021,Lithium-Iron Phosphate,74.5,485,Overhead Pantograph Charging,4.7,78071.11,Candy Apple Red,Norway,4,0.0,5.0,8845,3,1,Mid ($50K–$80K),6.51,160.97,High,690538967.95,Mid (2019-2021)
Lamborghini,Lanzador (upcoming EV),2021,Lithium-Iron Phosphate,39.0,591,Chademo,5.9,31169.07,Tan,Russia,3,0.0,5.0,10345,4,1,Budget (<$50K),15.154,52.74,Top,322444029.15,Mid (2019-2021)
Subaru,Solterra,2023,Calcium-Ion,93.8,303,Ccs,8.4,37204.37,Platinum,Spain,5,0.0,4.0,11828,4,0,Budget (<$50K),3.23,122.79,Medium,440053288.36,Recent (2022-2025)
Lamborghini,Lanzador (upcoming EV),2020,Lithium-Ion,73.5,279,Inductive (Wireless) Charging,7.1,107983.86,Matte White,Norway,2,0.0,4.0,14645,3,0,Premium ($80K–$110K),3.796,387.04,Medium,1581423629.7,Mid (2019-2021)
Nio,ES7,2022,Flow Batteries,144.4,544,Nacs,7.9,141428.0,Tan,Finland,0,0.0,4.0,10383,5,1,Luxury (>$110K),3.767,259.98,Medium,1468446924.0,Recent (2022-2025)
Mazda,Mazda EV (upcoming models),2024,Flow Batteries,71.4,554,Vehicle-To-Home (V2H),9.5,142652.38,Racing Red,Israel,3,0.0,3.0,4097,5,1,Luxury (>$110K),7.759,257.5,Top,584446800.86,Recent (2022-2025)
Polestar,Polestar 4,2016,Lithium-Iron Phosphate,41.7,152,Ccs,1.2,135442.92,Matte Gray,South Korea,3,0.0,3.0,3405,4,0,Luxury (>$110K),3.645,891.07,Medium,461183142.6,Early (2015-2018)
Gmc,Hummer EV Pickup,2016,Flow Batteries,141.1,299,Solar Charging,3.1,118511.19,Candy Apple Red,Italy,3,0.0,4.0,11692,4,0,Luxury (>$110K),2.119,396.36,Low,1385632833.48,Early (2015-2018)
Great Wall Motors,ORA Lightning Cat,2023,Aluminum-Ion,55.4,327,Chademo,11.6,113714.75,Midnight Black,Israel,5,0.0,4.0,17152,5,0,Luxury (>$110K),5.903,347.75,High,1950435392.0,Recent (2022-2025)
Acura,ZDX (with GM Ultium),2020,Nickel-Manganese-Cobalt,90.2,512,Dc Fast Charging (Dcfc),5.6,73894.0,Gold,Sweden,0,0.0,3.0,11268,4,1,Mid ($50K–$80K),5.676,144.32,High,832637592.0,Mid (2019-2021)
Great Wall Motors,ORA Ballet Cat,2015,Lithium-Titanate,139.9,584,Vehicle-To-Load (V2L),3.9,121904.3,Cobalt Blue,Czech Republic,0,0.0,5.0,14323,4,1,Luxury (>$110K),4.174,208.74,High,1746035288.9,Early (2015-2018)
Polestar,Polestar 3,2025,Nickel-Cobalt-Aluminum,127.7,212,Battery Swapping,1.4,105038.76,Matte Black,Finland,5,0.0,5.0,8808,4,0,Premium ($80K–$110K),1.66,495.47,Low,925181398.0799999,Recent (2022-2025)
Lucid Motors,Lucid Air,2017,Nickel-Metal Hydride,57.6,426,Vehicle-To-Home (V2H),7.6,62656.1,Sapphire Blue,Russia,0,0.0,3.0,6092,3,1,Mid ($50K–$80K),7.396,147.08,Top,381700961.2,Early (2015-2018)
Mazda,Mazda EV (upcoming models),2017,Lithium-Titanate,77.0,104,Ultra-Fast Charging (350 Kw+),1.5,31766.98,Electric Blue,Mexico,3,0.0,3.0,10821,3,0,Budget (<$50K),1.351,305.45,Low,343750490.58,Early (2015-2018)
Citroen,ë-C4,2015,Lithium-Sulfur,120.8,136,Vehicle-To-Load (V2L),2.6,137483.88,Gold,India,0,0.0,4.0,14514,3,0,Luxury (>$110K),1.126,1010.91,Low,1995441034.3200002,Early (2015-2018)
Peugeot,e-208,2018,Nickel-Manganese-Cobalt,115.6,148,Inductive (Wireless) Charging,5.9,111773.08,Magenta,Hungary,5,0.0,5.0,4002,4,0,Luxury (>$110K),1.28,755.22,Low,447315866.16,Early (2015-2018)
Great Wall Motors,ORA Ballet Cat,2019,Lithium-Iron Phosphate,66.9,126,Inductive (Wireless) Charging,11.7,58315.9,Brown,Hungary,3,0.0,4.0,7965,3,0,Mid ($50K–$80K),1.883,462.82,Low,464486143.5,Mid (2019-2021)
Chevrolet,Equinox EV,2022,Lithium-Titanate,97.5,290,Dc Fast Charging (Dcfc),3.4,89990.3,Sky Blue,Finland,5,0.0,3.0,17575,3,0,Premium ($80K–$110K),2.974,310.31,Medium,1581579522.5,Recent (2022-2025)
Volkswagen,ID.6,2018,Sodium-Ion,147.6,503,Overhead Pantograph Charging,9.8,82646.27,Metallic Silver,Germany,2,0.0,3.0,15902,5,1,Premium ($80K–$110K),3.408,164.31,Medium,1314240985.54,Early (2015-2018)
Geely,Emgrand EV,2019,Lead-Acid,110.6,197,Nacs,6.8,68841.71,Sunset Orange,Portugal,4,0.0,3.0,17404,3,0,Mid ($50K–$80K),1.781,349.45,Low,1198121120.8400002,Mid (2019-2021)
Geely,Geometry C,2019,Lead-Acid,67.7,100,Plug-In Hydrogen Refueling,8.9,135951.88,Sapphire Blue,Argentina,1,0.0,4.0,17660,4,0,Luxury (>$110K),1.477,1359.52,Low,2400910200.8,Mid (2019-2021)
Lucid Motors,Lucid DreamDrive,2025,Nickel-Manganese-Cobalt,119.5,178,Solar Charging,4.2,106908.47,Orange,France,0,0.0,3.0,1024,3,0,Premium ($80K–$110K),1.49,600.61,Low,109474273.28,Recent (2022-2025)
Kia,EV9,2018,Solid-State,24.1,428,Plug-In Hydrogen Refueling,8.1,93098.56,Ice Silver,Israel,2,0.0,3.0,6839,5,1,Premium ($80K–$110K),17.759,217.52,Top,636701051.84,Early (2015-2018)
Mahindra,XUV400,2022,Magnesium-Ion,103.1,284,Vehicle-To-Grid (V2G),10.0,125309.95,Blue,Finland,0,0.0,3.0,7074,5,0,Luxury (>$110K),2.755,441.23,Medium,886442586.3,Recent (2022-2025)
Kia,Soul EV,2018,Lead-Acid,70.1,198,Ultra-Fast Charging (350 Kw+),7.1,143700.4,Matte Gray,United Arab Emirates,0,0.0,5.0,15031,5,0,Luxury (>$110K),2.825,725.76,Medium,2159960712.4,Early (2015-2018)
Mini,Mini Cooper SE,2016,Nickel-Metal Hydride,123.0,381,Plug-In Hydrogen Refueling,6.3,108903.83,Matte White,Ireland,2,0.0,4.0,12180,4,0,Premium ($80K–$110K),3.098,285.84,Medium,1326448649.4,Early (2015-2018)
Citroen,Ami,2021,Calcium-Ion,114.4,411,Ultra-Fast Charging (350 Kw+),7.0,55671.38,Navy Blue,United Arab Emirates,2,0.0,4.0,6,5,1,Mid ($50K–$80K),3.593,135.45,Medium,334028.27999999997,Mid (2019-2021)
Chevrolet,Volt (PHEV),2024,Lithium-Ion,87.3,555,Solar Charging,0.6,148127.33,Electric Blue,Hungary,3,0.0,4.0,18142,5,1,Luxury (>$110K),6.357,266.9,High,2687326020.8599997,Recent (2022-2025)
Lamborghini,Revuelto (PHEV),2016,Lithium-Ion,79.8,179,Chademo,3.5,136755.04,Forest Green,Austria,2,0.0,3.0,2529,5,0,Luxury (>$110K),2.243,763.99,Low,345853496.16,Early (2015-2018)
Rimac,Nevera,2017,Nickel-Manganese-Cobalt,127.3,453,Ccs,7.3,66047.19,Volcanic Yellow,Singapore,0,0.0,4.0,13648,3,1,Mid ($50K–$80K),3.559,145.8,Medium,901412049.12,Early (2015-2018)
Opel,Corsa-e,2025,Calcium-Ion,98.3,105,Plug-In Hydrogen Refueling,1.1,92926.0,Purple,Saudi Arabia,2,0.0,3.0,12873,4,0,Premium ($80K–$110K),1.068,885.01,Low,1196236398.0,Recent (2022-2025)
Citroen,Ami,2024,Lead-Acid,31.7,321,Solar Charging,9.5,47761.49,Pink,Uk,5,0.0,3.0,13058,5,0,Budget (<$50K),10.126,148.79,Top,623669536.42,Recent (2022-2025)
Zeekr,Zeekr X,2017,Nickel-Manganese-Cobalt,92.7,349,Plug-In Hydrogen Refueling,8.0,53531.92,Sapphire Blue,South Africa,0,0.0,5.0,18874,3,0,Mid ($50K–$80K),3.765,153.39,Medium,1010361458.0799999,Early (2015-2018)
Jaguar,I-PACE,2021,Sodium-Ion,65.3,264,Overhead Pantograph Charging,7.3,32904.82,Magenta,Netherlands,4,0.0,5.0,4778,4,0,Budget (<$50K),4.043,124.64,Medium,157219229.96,Mid (2019-2021)
Chevrolet,Bolt EUV,2018,Flow Batteries,68.6,487,Dc Fast Charging (Dcfc),1.8,36544.56,Sapphire Blue,Sweden,2,0.0,3.0,9998,4,1,Budget (<$50K),7.099,75.04,Top,365372510.88,Early (2015-2018)
Great Wall Motors,ORA Good Cat,2020,Lithium-Iron Phosphate,116.2,208,Inductive (Wireless) Charging,6.8,120042.62,Matte Gray,New Zealand,1,0.0,4.0,19103,5,0,Luxury (>$110K),1.79,577.13,Low,2293174169.86,Mid (2019-2021)
Lotus,Eletre,2019,Nickel-Metal Hydride,27.8,202,Battery Swapping,1.1,108570.94,White,China,2,0.0,4.0,3535,3,0,Premium ($80K–$110K),7.266,537.48,Top,383798272.90000004,Mid (2019-2021)
Mazda,Mazda EV (upcoming models),2018,Nickel-Cobalt-Aluminum,86.1,463,Ccs,10.9,88159.46,Gun Metal,Saudi Arabia,3,0.0,5.0,704,3,1,Premium ($80K–$110K),5.377,190.41,High,62064259.84,Early (2015-2018)
Polestar,Polestar 4,2020,Nickel-Manganese-Cobalt,71.1,180,Level 1 Charging,4.5,72229.57,Emerald Green,Poland,4,0.0,4.0,8443,4,0,Mid ($50K–$80K),2.532,401.28,Low,609834259.5100001,Mid (2019-2021)
Canoo,Lifestyle Vehicle,2023,Lithium-Sulfur,49.3,274,Plug-In Hydrogen Refueling,8.1,40535.4,Beige,South Africa,4,0.0,4.0,7876,5,0,Budget (<$50K),5.558,147.94,High,319256810.40000004,Recent (2022-2025)
Ford,Explorer EV (Europe),2019,Aluminum-Ion,98.7,329,Chademo,2.9,46629.18,Matte White,Denmark,2,0.0,3.0,14092,3,0,Budget (<$50K),3.333,141.73,Medium,657098404.5600001,Mid (2019-2021)
Genesis,GV70 Electric,2020,Solid-State,92.5,585,Ccs,2.6,130742.7,Charcoal,Germany,3,0.0,5.0,8971,3,1,Luxury (>$110K),6.324,223.49,High,1172892761.7,Mid (2019-2021)
Opel,Corsa-e,2016,Nickel-Metal Hydride,44.0,490,Battery Swapping,7.5,103483.44,Gun Metal,Austria,0,0.0,4.0,4393,5,1,Premium ($80K–$110K),11.136,211.19,Top,454602751.92,Early (2015-2018)
Cadillac,Celestiq,2025,Sodium-Ion,43.9,298,Vehicle-To-Load (V2L),5.9,49654.37,Crimson Red,Japan,0,0.0,3.0,6646,3,0,Budget (<$50K),6.788,166.63,Top,330002943.02000004,Recent (2022-2025)
Audi,e-tron GT,2022,Calcium-Ion,100.2,452,Mobile Charging,10.5,136510.43,Brown,Thailand,4,0.0,4.0,12915,5,1,Luxury (>$110K),4.511,302.01,High,1763032203.4499998,Recent (2022-2025)
Peugeot,e-208,2023,Solid-State,78.7,523,Level 2 Charging,10.6,59486.6,Matte White,Thailand,0,0.0,5.0,1615,3,1,Mid ($50K–$80K),6.645,113.74,High,96070859.0,Recent (2022-2025)
Mazda,Mazda EV (upcoming models),2021,Aluminum-Ion,59.6,523,Solar Charging,5.8,80695.46,Sapphire Blue,South Korea,1,0.0,3.0,16405,3,1,Premium ($80K–$110K),8.775,154.29,Top,1323809021.3000002,Mid (2019-2021)
Porsche,Macan EV,2021,Nickel-Cobalt-Aluminum,62.0,112,Nacs,5.7,137594.1,Metallic Silver,Australia,3,0.0,5.0,5373,5,0,Luxury (>$110K),1.806,1228.52,Low,739293099.3000001,Mid (2019-2021)
Renault,Megane E-Tech,2016,Solid-State,111.8,424,Overhead Pantograph Charging,1.5,114873.49,Volcanic Yellow,Turkey,1,0.0,3.0,10983,5,1,Luxury (>$110K),3.792,270.93,Medium,1261655540.67,Early (2015-2018)
Mini,Mini Electric,2017,Calcium-Ion,38.8,493,Level 2 Charging,5.3,67142.2,Navy Blue,Malaysia,1,0.0,3.0,115,5,1,Mid ($50K–$80K),12.706,136.19,Top,7721353.0,Early (2015-2018)
Citroen,ë-Spacetourer,2015,Nickel-Manganese-Cobalt,84.7,355,Level 1 Charging,7.5,89216.02,Electric Blue,Israel,3,0.0,4.0,19664,3,0,Premium ($80K–$110K),4.191,251.31,High,1754343817.28,Early (2015-2018)
Polestar,Polestar 4,2024,Flow Batteries,92.5,522,Inductive (Wireless) Charging,1.1,47790.74,Ruby Red,Brazil,3,0.0,5.0,9779,4,1,Budget (<$50K),5.643,91.55,High,467345646.46,Recent (2022-2025)
Hyundai,Kona Electric,2016,Nickel-Cobalt-Aluminum,149.2,182,Solar Charging,7.5,112981.63,Gun Metal,Singapore,1,0.0,4.0,1174,3,0,Luxury (>$110K),1.22,620.78,Low,132640433.62,Early (2015-2018)
Opel,Mokka-e,2020,Sodium-Ion,136.7,519,Dc Fast Charging (Dcfc),9.2,131197.16,Red,Czech Republic,0,0.0,5.0,13558,5,1,Luxury (>$110K),3.797,252.79,Medium,1778771095.28,Mid (2019-2021)
Rivian,EDV (Electric Delivery Van),2018,Zinc-Air,27.6,392,Dc Fast Charging (Dcfc),6.1,112638.51,Burgundy,Czech Republic,2,0.0,5.0,11595,3,0,Luxury (>$110K),14.203,287.34,Top,1306043523.45,Early (2015-2018)
Gmc,Hummer EV SUV,2023,Lithium-Titanate,102.1,352,Nacs,10.7,57926.6,Copper,Denmark,3,0.0,3.0,6793,5,0,Mid ($50K–$80K),3.448,164.56,Medium,393495393.8,Recent (2022-2025)
Li Auto,MEGA,2015,Sodium-Ion,65.5,512,Inductive (Wireless) Charging,0.6,54142.46,Copper,Spain,2,0.0,3.0,3730,5,1,Mid ($50K–$80K),7.817,105.75,Top,201951375.79999998,Early (2015-2018)
Pininfarina,Battista,2021,Lithium-Titanate,94.0,591,Level 1 Charging,10.1,53281.87,Titanium,Mexico,3,0.0,5.0,4448,4,1,Mid ($50K–$80K),6.287,90.16,High,236997757.76000002,Mid (2019-2021)
Ford,Explorer EV (Europe),2023,Aluminum-Ion,63.6,501,Vehicle-To-Grid (V2G),11.2,36722.67,Matte Black,Poland,5,0.0,3.0,18920,5,1,Budget (<$50K),7.877,73.3,Top,694792916.4,Recent (2022-2025)
Pininfarina,Battista,2016,Nickel-Metal Hydride,56.5,115,Mobile Charging,11.8,105181.3,Titanium,Netherlands,3,0.0,4.0,10305,5,0,Premium ($80K–$110K),2.035,914.62,Low,1083893296.5,Early (2015-2018)
Chevrolet,Volt (PHEV),2021,Solid-State,84.6,221,Overhead Pantograph Charging,5.7,144087.21,Electric Blue,South Africa,0,0.0,4.0,6622,3,0,Luxury (>$110K),2.612,651.98,Medium,954145504.62,Mid (2019-2021)
Geely,Emgrand EV,2015,Magnesium-Ion,82.7,356,Chademo,2.7,140836.41,Volcanic Yellow,South Africa,2,0.0,5.0,4348,3,0,Luxury (>$110K),4.305,395.61,High,612356710.6800001,Early (2015-2018)
Renault,Megane E-Tech,2022,Nickel-Cobalt-Aluminum,112.8,367,Ccs,0.5,141880.48,Sky Blue,Ireland,2,0.0,4.0,17058,5,0,Luxury (>$110K),3.254,386.6,Medium,2420197227.84,Recent (2022-2025)
Peugeot,e-3008,2015,Zinc-Air,118.6,427,Inductive (Wireless) Charging,4.2,53105.48,Bronze,Saudi Arabia,3,0.0,3.0,8966,3,1,Mid ($50K–$80K),3.6,124.37,Medium,476143733.68,Early (2015-2018)
Tesla,Cybertruck,2023,Lead-Acid,33.3,377,Overhead Pantograph Charging,6.8,62526.25,Cosmic Purple,Czech Republic,1,0.0,4.0,17713,4,0,Mid ($50K–$80K),11.321,165.85,Top,1107527466.25,Recent (2022-2025)
Bmw,iX,2015,Nickel-Manganese-Cobalt,137.4,125,Ccs,4.9,40334.35,Cream,Norway,4,0.0,4.0,11653,4,0,Budget (<$50K),0.91,322.67,Low,470016180.55,Early (2015-2018)
Pininfarina,Battista,2025,Magnesium-Ion,89.4,598,Vehicle-To-Home (V2H),7.0,41149.94,Cobalt Blue,Australia,3,0.0,4.0,15418,3,1,Budget (<$50K),6.689,68.81,High,634449774.9200001,Recent (2022-2025)
Volvo,C40 Recharge,2024,Lithium-Sulfur,138.7,300,Nacs,8.5,109821.67,Burgundy,Hungary,0,0.0,4.0,15113,3,0,Premium ($80K–$110K),2.163,366.07,Low,1659734898.71,Recent (2022-2025)
Mazda,Mazda EV (upcoming models),2024,Zinc-Air,36.6,152,Plug-In Hydrogen Refueling,9.9,125610.93,Purple,United Arab Emirates,2,0.0,4.0,7817,5,0,Luxury (>$110K),4.153,826.39,High,981900639.81,Recent (2022-2025)
Polestar,Polestar 3,2022,Nickel-Cobalt-Aluminum,28.6,206,Vehicle-To-Grid (V2G),9.5,82242.44,Burgundy,Mexico,1,0.0,5.0,18815,4,0,Premium ($80K–$110K),7.203,399.24,Top,1547391508.6000001,Recent (2022-2025)
Jaguar,I-PACE,2020,Lead-Acid,32.7,327,Nacs,4.0,78695.24,Gun Metal,France,4,0.0,4.0,2014,3,0,Mid ($50K–$80K),10.0,240.66,Top,158492213.36,Mid (2019-2021)
Rivian,R1T,2024,Aluminum-Ion,118.1,514,Level 1 Charging,9.2,109305.77,Candy Apple Red,Saudi Arabia,4,0.0,5.0,10374,4,1,Premium ($80K–$110K),4.352,212.66,High,1133938057.98,Recent (2022-2025)
Ferrari,Ferrari EV (2025+),2019,Aluminum-Ion,142.6,322,Overhead Pantograph Charging,11.9,99927.24,Sapphire Blue,Turkey,1,0.0,4.0,17985,3,0,Premium ($80K–$110K),2.258,310.33,Low,1797191411.4,Mid (2019-2021)
Tesla,Roadster (upcoming),2023,Calcium-Ion,147.2,156,Solar Charging,10.5,58228.94,Ice Silver,Israel,2,0.0,4.0,17862,3,0,Mid ($50K–$80K),1.06,373.26,Low,1040085326.2800001,Recent (2022-2025)
Mini,Mini Electric,2022,Nickel-Metal Hydride,44.5,296,Overhead Pantograph Charging,10.2,48512.07,Lime Green,Italy,3,0.0,4.0,15948,5,0,Budget (<$50K),6.652,163.89,High,773670492.36,Recent (2022-2025)
Zeekr,Zeekr X,2016,Nickel-Metal Hydride,103.5,312,Vehicle-To-Home (V2H),10.8,113446.86,Brown,Finland,4,0.0,4.0,11642,3,0,Luxury (>$110K),3.014,363.61,Medium,1320748344.1200001,Early (2015-2018)
Porsche,Cayenne Electric (upcoming),2024,Lithium-Ion,95.1,533,Ultra-Fast Charging (350 Kw+),8.7,62310.05,Matte White,Singapore,0,0.0,3.0,19014,4,1,Mid ($50K–$80K),5.605,116.9,High,1184763290.7,Recent (2022-2025)
Seat,Avenger,2017,Lithium-Titanate,115.1,539,Battery Swapping,5.8,39388.15,Sapphire Blue,Uk,5,0.0,3.0,17668,5,1,Budget (<$50K),4.683,73.08,High,695909834.2,Early (2015-2018)
Subaru,Solterra,2020,Lead-Acid,121.2,340,Vehicle-To-Home (V2H),6.4,86307.89,Volcanic Yellow,Mexico,2,0.0,4.0,19583,5,0,Premium ($80K–$110K),2.805,253.85,Medium,1690167409.87,Mid (2019-2021)
Subaru,Solterra,2015,Flow Batteries,81.5,186,Level 2 Charging,8.0,65010.39,Racing Red,Finland,3,0.0,3.0,9104,4,0,Mid ($50K–$80K),2.282,349.52,Low,591854590.56,Early (2015-2018)
Volkswagen,ID.7,2019,Lithium-Sulfur,131.5,107,Ccs,7.4,139215.78,Racing Red,Sweden,2,0.0,5.0,7739,4,0,Luxury (>$110K),0.814,1301.08,Low,1077390921.42,Mid (2019-2021)
Porsche,Taycan,2020,Solid-State,145.8,404,Chademo,10.1,120331.36,Tan,India,3,0.0,5.0,11307,3,1,Luxury (>$110K),2.771,297.85,Medium,1360586687.52,Mid (2019-2021)
Genesis,GV80 Electric,2016,Lithium-Ion,41.8,304,Vehicle-To-Load (V2L),4.0,119538.07,Stealth Gray,Saudi Arabia,5,0.0,3.0,17381,4,0,Luxury (>$110K),7.273,393.22,Top,2077691194.67,Early (2015-2018)
Tesla,Model X,2022,Nickel-Cobalt-Aluminum,108.2,592,Level 2 Charging,1.6,93755.2,Teal,Vietnam,5,0.0,4.0,3220,4,1,Premium ($80K–$110K),5.471,158.37,High,301891744.0,Recent (2022-2025)
Genesis,G80 Electric,2022,Magnesium-Ion,107.8,223,Inductive (Wireless) Charging,6.5,111326.18,Midnight Black,Hungary,5,0.0,4.0,13475,3,0,Luxury (>$110K),2.069,499.22,Low,1500120275.5,Recent (2022-2025)
Lotus,Eletre,2025,Nickel-Manganese-Cobalt,65.7,471,Solar Charging,3.4,34085.01,Sapphire Blue,Uk,3,0.0,3.0,19640,5,1,Budget (<$50K),7.169,72.37,Top,669429596.4000001,Recent (2022-2025)
Jaguar,I-PACE,2016,Calcium-Ion,98.6,292,Nacs,10.8,113478.44,Gold,Czech Republic,0,0.0,4.0,13991,5,0,Luxury (>$110K),2.961,388.62,Medium,1587676854.04,Early (2015-2018)
Mini,Mini Cooper SE,2019,Nickel-Metal Hydride,121.5,241,Level 2 Charging,4.9,69918.57,Blue,Spain,2,0.0,4.0,6575,5,0,Mid ($50K–$80K),1.984,290.12,Low,459714597.75000006,Mid (2019-2021)
Xpeng,G6,2025,Nickel-Manganese-Cobalt,34.1,376,Vehicle-To-Grid (V2G),3.0,107200.58,Candy Apple Red,Spain,3,0.0,4.0,14610,3,0,Premium ($80K–$110K),11.026,285.11,Top,1566200473.8,Recent (2022-2025)
Mahindra,XUV400,2025,Flow Batteries,20.1,119,Plug-In Hydrogen Refueling,3.6,114006.62,Cream,Singapore,3,0.0,4.0,14288,4,0,Luxury (>$110K),5.92,958.04,High,1628926586.56,Recent (2022-2025)
Renault,Megane E-Tech,2023,Lithium-Iron Phosphate,20.4,588,Vehicle-To-Load (V2L),1.9,94236.49,Teal,Mexico,3,0.0,5.0,2970,4,1,Premium ($80K–$110K),28.824,160.27,Top,279882375.3,Recent (2022-2025)
Maserati,GranTurismo Folgore,2016,Calcium-Ion,79.8,492,Solar Charging,7.9,51194.2,Silver,India,2,0.0,5.0,11772,4,1,Mid ($50K–$80K),6.165,104.05,High,602658122.4,Early (2015-2018)
Hyundai,Ioniq 7 (upcoming),2018,Nickel-Metal Hydride,24.6,112,Ultra-Fast Charging (350 Kw+),6.1,37559.12,Matte White,Poland,3,0.0,4.0,11117,3,0,Budget (<$50K),4.553,335.35,High,417544737.04,Early (2015-2018)
Pininfarina,Battista,2021,Solid-State,47.5,434,Vehicle-To-Home (V2H),11.3,134424.0,Matte White,Sweden,1,0.0,4.0,4639,4,1,Luxury (>$110K),9.137,309.73,Top,623592936.0,Mid (2019-2021)
Genesis,GV60,2022,Aluminum-Ion,139.3,123,Ultra-Fast Charging (350 Kw+),8.6,45664.53,Midnight Black,South Korea,0,0.0,5.0,2095,3,0,Budget (<$50K),0.883,371.26,Low,95667190.35,Recent (2022-2025)
Jaguar,I-PACE,2024,Magnesium-Ion,100.0,132,Inductive (Wireless) Charging,5.4,127382.52,Racing Red,Thailand,5,0.0,3.0,1493,5,0,Luxury (>$110K),1.32,965.02,Low,190182102.36,Recent (2022-2025)
Porsche,Panamera EV,2016,Solid-State,55.6,487,Vehicle-To-Grid (V2G),2.4,74391.28,Pearl White,Malaysia,4,0.0,4.0,12325,3,1,Mid ($50K–$80K),8.759,152.75,Top,916872526.0,Early (2015-2018)
Nissan,Ariya,2016,Lithium-Ion,20.9,574,Dc Fast Charging (Dcfc),8.6,101247.66,Copper,Indonesia,3,0.0,5.0,8878,5,1,Premium ($80K–$110K),27.464,176.39,Top,898876725.48,Early (2015-2018)
Geely,Geometry C,2018,Nickel-Metal Hydride,99.4,119,Nacs,8.7,103445.98,Green,Poland,0,0.0,5.0,3135,5,0,Premium ($80K–$110K),1.197,869.29,Low,324303147.3,Early (2015-2018)
Byd,Atto 3,2023,Lithium-Iron Phosphate,80.3,420,Inductive (Wireless) Charging,3.7,53246.28,Burgundy,Sweden,3,0.0,3.0,1770,5,1,Mid ($50K–$80K),5.23,126.78,High,94245915.6,Recent (2022-2025)
Byd,Seal,2018,Nickel-Cobalt-Aluminum,52.7,415,Vehicle-To-Home (V2H),1.0,118850.03,Matte White,Norway,0,0.0,3.0,14575,5,1,Luxury (>$110K),7.875,286.39,Top,1732239187.25,Early (2015-2018)
Jeep,Wagoneer S,2021,Lithium-Iron Phosphate,117.1,559,Mobile Charging,3.1,43215.94,Crimson Red,France,3,0.0,3.0,2409,4,1,Budget (<$50K),4.774,77.31,High,104107199.46000001,Mid (2019-2021)
Jeep,Recon (upcoming),2015,Aluminum-Ion,76.7,210,Vehicle-To-Home (V2H),2.5,74818.21,Sunset Orange,Denmark,2,0.0,5.0,18634,3,0,Mid ($50K–$80K),2.738,356.28,Medium,1394162525.14,Early (2015-2018)
Toyota,bZ4X,2016,Calcium-Ion,80.5,314,Nacs,9.2,56382.43,Copper,Ireland,5,0.0,5.0,18112,3,0,Mid ($50K–$80K),3.901,179.56,Medium,1021198572.16,Early (2015-2018)
Hyundai,Ioniq 7 (upcoming),2023,Nickel-Manganese-Cobalt,132.1,210,Vehicle-To-Load (V2L),10.1,63500.51,Volcanic Yellow,Vietnam,1,0.0,3.0,19391,3,0,Mid ($50K–$80K),1.59,302.38,Low,1231338389.41,Recent (2022-2025)
Ferrari,SF90 Stradale (PHEV),2021,Lithium-Ion,25.2,340,Level 2 Charging,5.4,77318.42,Cobalt Blue,France,1,0.0,5.0,13324,3,0,Mid ($50K–$80K),13.492,227.41,Top,1030190628.0799999,Mid (2019-2021)
Volkswagen,ID.5,2019,Lithium-Iron Phosphate,104.2,146,Level 1 Charging,6.0,66580.39,Cosmic Purple,Australia,5,0.0,4.0,4542,5,0,Mid ($50K–$80K),1.401,456.03,Low,302408131.38,Mid (2019-2021)
Xpeng,G6,2020,Flow Batteries,80.4,424,Level 1 Charging,10.4,38483.83,Ice Silver,Mexico,2,0.0,5.0,17774,5,1,Budget (<$50K),5.274,90.76,High,684011594.4200001,Mid (2019-2021)
Vinfast,VF 7,2025,Solid-State,100.7,271,Level 2 Charging,6.4,139200.49,Turquoise,South Korea,3,0.0,4.0,12007,3,0,Luxury (>$110K),2.691,513.65,Medium,1671380283.4299998,Recent (2022-2025)
Genesis,GV60,2023,Lithium-Titanate,120.6,170,Mobile Charging,3.2,43626.92,Aurora Blue,Israel,5,0.0,3.0,10500,4,0,Budget (<$50K),1.41,256.63,Low,458082660.0,Recent (2022-2025)
Toyota,Lexus UX 300e,2025,Nickel-Cobalt-Aluminum,56.0,132,Overhead Pantograph Charging,4.5,88347.23,Matte Black,Canada,4,0.0,4.0,14810,5,0,Premium ($80K–$110K),2.357,669.3,Low,1308422476.3,Recent (2022-2025)
Byd,Seagull,2016,Lithium-Iron Phosphate,135.9,334,Dc Fast Charging (Dcfc),1.4,137753.5,Copper,China,3,0.0,4.0,4931,3,0,Luxury (>$110K),2.458,412.44,Low,679262508.5,Early (2015-2018)
Lotus,Evija,2015,Lithium-Sulfur,74.1,449,Chademo,5.9,80415.6,Racing Red,Germany,0,0.0,5.0,11006,4,1,Premium ($80K–$110K),6.059,179.1,High,885054093.6,Early (2015-2018)
Jeep,Wagoneer S,2025,Flow Batteries,122.3,348,Vehicle-To-Home (V2H),5.8,98070.2,Burgundy,Poland,2,0.0,4.0,1550,3,0,Premium ($80K–$110K),2.845,281.81,Medium,152008810.0,Recent (2022-2025)
Fisker,Pear (upcoming),2022,Nickel-Metal Hydride,100.4,182,Solar Charging,2.6,51043.12,Cosmic Purple,Sweden,0,0.0,3.0,14447,4,0,Mid ($50K–$80K),1.813,280.46,Low,737419954.64,Recent (2022-2025)
Byd,Tang EV,2018,Lead-Acid,111.9,440,Mobile Charging,11.7,47753.31,Candy Apple Red,Saudi Arabia,4,0.0,4.0,16364,3,1,Budget (<$50K),3.932,108.53,Medium,781435164.8399999,Early (2015-2018)
Changan,Deepal S07,2017,Lithium-Ion,146.1,379,Mobile Charging,7.9,65466.82,Copper,Singapore,4,0.0,4.0,3680,5,0,Mid ($50K–$80K),2.594,172.74,Low,240917897.6,Early (2015-2018)
Great Wall Motors,ORA Good Cat,2017,Flow Batteries,91.6,257,Level 1 Charging,5.1,130905.23,Candy Apple Red,Brazil,3,0.0,5.0,17250,3,0,Luxury (>$110K),2.806,509.36,Medium,2258115217.5,Early (2015-2018)
Vinfast,VF 8,2018,Lithium-Ion,30.9,534,Vehicle-To-Home (V2H),8.3,144914.84,Graphite Gray,Thailand,2,0.0,3.0,11831,4,1,Luxury (>$110K),17.282,271.38,Top,1714487472.04,Early (2015-2018)
Ford,Explorer EV (Europe),2020,Nickel-Cobalt-Aluminum,68.5,245,Overhead Pantograph Charging,4.5,147302.84,Matte Gray,Uk,3,0.0,4.0,9457,3,0,Luxury (>$110K),3.577,601.24,Medium,1393042957.8799999,Mid (2019-2021)
Faraday Future,FF 91,2021,Nickel-Metal Hydride,128.6,406,Dc Fast Charging (Dcfc),2.2,66387.74,Matte Black,Mexico,3,0.0,3.0,216,4,1,Mid ($50K–$80K),3.157,163.52,Medium,14339751.840000002,Mid (2019-2021)
Acura,ZDX (with GM Ultium),2021,Nickel-Metal Hydride,92.3,463,Chademo,2.8,129874.05,Copper,United Arab Emirates,2,0.0,5.0,15186,3,1,Luxury (>$110K),5.016,280.51,High,1972267323.3,Mid (2019-2021)
Nissan,Leaf,2017,Lithium-Sulfur,59.0,427,Vehicle-To-Load (V2L),1.9,109909.62,Copper,Indonesia,5,0.0,4.0,9083,4,1,Premium ($80K–$110K),7.237,257.4,Top,998309078.4599999,Early (2015-2018)
Audi,A6 e-tron (upcoming),2020,Zinc-Air,82.5,323,Battery Swapping,7.7,87124.89,Ice Silver,Canada,5,0.0,3.0,19059,3,0,Premium ($80K–$110K),3.915,269.74,Medium,1660513278.51,Mid (2019-2021)
Ford,E-Transit,2022,Aluminum-Ion,110.1,282,Nacs,1.1,73339.61,Emerald Green,Brazil,3,0.0,3.0,16838,3,0,Mid ($50K–$80K),2.561,260.07,Low,1234892353.18,Recent (2022-2025)
Opel,Grandland Electric,2017,Magnesium-Ion,32.3,485,Nacs,6.8,134693.18,Platinum,Poland,5,0.0,4.0,19006,4,1,Luxury (>$110K),15.015,277.72,Top,2559978579.08,Early (2015-2018)
Canoo,Lifestyle Vehicle,2015,Nickel-Metal Hydride,87.4,290,Vehicle-To-Load (V2L),5.2,140508.89,Pearl White,France,4,0.0,5.0,17224,5,0,Luxury (>$110K),3.318,484.51,Medium,2420125121.36,Early (2015-2018)
Dacia,Jogger Hybrid,2021,Nickel-Manganese-Cobalt,139.1,159,Chademo,11.1,87542.19,Magenta,Argentina,3,0.0,5.0,11208,3,0,Premium ($80K–$110K),1.143,550.58,Low,981172865.52,Mid (2019-2021)
Dacia,Bigster EV (upcoming),2015,Lithium-Titanate,125.9,213,Chademo,10.4,47083.12,Crimson Red,Poland,3,0.0,4.0,3660,3,0,Budget (<$50K),1.692,221.05,Low,172324219.20000002,Early (2015-2018)
Nissan,Ariya,2021,Lithium-Ion,45.5,116,Level 2 Charging,5.9,139023.52,Silver,China,0,0.0,5.0,6730,5,0,Luxury (>$110K),2.549,1198.48,Low,935628289.5999999,Mid (2019-2021)
Lucid Motors,Lucid Air,2025,Sodium-Ion,23.8,174,Battery Swapping,11.4,71740.39,Pearl White,Turkey,4,0.0,3.0,18944,3,0,Mid ($50K–$80K),7.311,412.3,Top,1359049948.16,Recent (2022-2025)
Lotus,Eletre,2018,Lithium-Sulfur,42.3,486,Level 1 Charging,11.7,41842.29,Electric Blue,Turkey,3,0.0,4.0,3516,3,1,Budget (<$50K),11.489,86.1,Top,147117491.64000002,Early (2015-2018)
Fisker,Pear (upcoming),2021,Lithium-Iron Phosphate,86.9,308,Ccs,9.3,67713.63,Sunset Orange,Canada,3,0.0,5.0,1330,3,0,Mid ($50K–$80K),3.544,219.85,Medium,90059127.9,Mid (2019-2021)
Rimac,Nevera,2016,Nickel-Cobalt-Aluminum,56.9,407,Solar Charging,8.4,130930.82,Crimson Red,United Arab Emirates,3,0.0,4.0,15586,5,1,Luxury (>$110K),7.153,321.7,Top,2040687760.5200002,Early (2015-2018)
Byd,Tang EV,2015,Flow Batteries,83.9,153,Plug-In Hydrogen Refueling,5.5,109025.79,Green,Canada,3,0.0,3.0,5528,3,0,Premium ($80K–$110K),1.824,712.59,Low,602694567.12,Early (2015-2018)
Byd,Tang EV,2020,Lithium-Iron Phosphate,97.3,306,Ccs,3.2,80964.5,Champagne,Portugal,4,0.0,5.0,13114,4,0,Premium ($80K–$110K),3.145,264.59,Medium,1061768453.0,Mid (2019-2021)
Great Wall Motors,ORA Ballet Cat,2024,Nickel-Cobalt-Aluminum,148.4,361,Battery Swapping,2.2,84556.17,Orange,Spain,1,0.0,3.0,1731,3,0,Premium ($80K–$110K),2.433,234.23,Low,146366730.27,Recent (2022-2025)
Mahindra,XUV400,2017,Nickel-Cobalt-Aluminum,98.6,267,Chademo,4.0,104787.91,Stealth Gray,China,4,0.0,3.0,9619,5,0,Premium ($80K–$110K),2.708,392.46,Medium,1007954906.2900001,Early (2015-2018)
Mahindra,Born Electric (upcoming range),2023,Lithium-Sulfur,90.5,514,Level 1 Charging,11.5,33791.82,Brown,Canada,2,0.0,3.0,1076,3,1,Budget (<$50K),5.68,65.74,High,36359998.32,Recent (2022-2025)
Lamborghini,Lanzador (upcoming EV),2017,Nickel-Manganese-Cobalt,76.0,259,Plug-In Hydrogen Refueling,6.1,43125.84,Sky Blue,Russia,5,0.0,5.0,5121,5,0,Budget (<$50K),3.408,166.51,Medium,220847426.64,Early (2015-2018)
Bmw,i7,2019,Nickel-Manganese-Cobalt,96.8,293,Overhead Pantograph Charging,9.3,64132.5,Blue,Germany,1,0.0,5.0,19135,3,0,Mid ($50K–$80K),3.027,218.88,Medium,1227175387.5,Mid (2019-2021)
Citroen,Ami,2020,Nickel-Cobalt-Aluminum,32.7,276,Overhead Pantograph Charging,5.2,36773.91,Forest Green,Belgium,2,0.0,3.0,9991,3,0,Budget (<$50K),8.44,133.24,Top,367408134.81000006,Mid (2019-2021)
Pininfarina,Battista,2015,Lead-Acid,62.4,335,Vehicle-To-Grid (V2G),7.0,138169.18,Bronze,Germany,4,0.0,5.0,12789,4,0,Luxury (>$110K),5.369,412.45,High,1767045643.02,Early (2015-2018)
Ferrari,SF90 Stradale (PHEV),2022,Solid-State,109.8,205,Mobile Charging,6.2,127374.86,Lime Green,Mexico,2,0.0,4.0,2468,5,0,Luxury (>$110K),1.867,621.34,Low,314361154.48,Recent (2022-2025)
Rivian,R1S,2019,Lithium-Ion,58.7,393,Plug-In Hydrogen Refueling,9.8,104948.67,Green,Israel,3,0.0,4.0,17401,4,0,Premium ($80K–$110K),6.695,267.04,High,1826211806.67,Mid (2019-2021)
Zeekr,Zeekr X,2020,Magnesium-Ion,30.0,521,Solar Charging,6.3,65989.08,Lime Green,Saudi Arabia,3,0.0,4.0,17942,3,1,Mid ($50K–$80K),17.367,126.66,Top,1183976073.3600001,Mid (2019-2021)
Nissan,Leaf,2024,Nickel-Manganese-Cobalt,47.7,592,Vehicle-To-Home (V2H),3.6,106551.16,Cobalt Blue,Finland,3,0.0,3.0,17113,3,1,Premium ($80K–$110K),12.411,179.99,Top,1823410001.0800002,Recent (2022-2025)
Byd,Dolphin,2017,Lithium-Iron Phosphate,39.6,450,Solar Charging,10.2,79231.23,Titanium,China,3,0.0,3.0,8403,5,1,Mid ($50K–$80K),11.364,176.07,Top,665780025.6899999,Early (2015-2018)
Cadillac,Lyriq,2021,Lithium-Iron Phosphate,34.8,198,Level 1 Charging,3.3,129267.46,Sunset Orange,Russia,3,0.0,3.0,5221,4,0,Luxury (>$110K),5.69,652.87,High,674905408.6600001,Mid (2019-2021)
Volkswagen,ID.3,2019,Magnesium-Ion,124.5,437,Nacs,7.9,35067.88,Volcanic Yellow,Russia,0,0.0,4.0,19713,4,1,Budget (<$50K),3.51,80.25,Medium,691293118.4399999,Mid (2019-2021)
Audi,Q8 e-tron,2020,Flow Batteries,105.5,146,Plug-In Hydrogen Refueling,11.3,116908.13,Gray,Belgium,3,0.0,5.0,19019,5,0,Luxury (>$110K),1.384,800.74,Low,2223475724.4700003,Mid (2019-2021)
Honda,Honda Prologue,2016,Lithium-Iron Phosphate,98.0,495,Mobile Charging,4.3,100119.15,Beige,Belgium,1,0.0,4.0,14400,4,1,Premium ($80K–$110K),5.051,202.26,High,1441715760.0,Early (2015-2018)
Honda,Honda e (discontinued),2015,Nickel-Manganese-Cobalt,89.4,458,Ccs,4.1,80853.76,Sky Blue,Belgium,1,0.0,4.0,690,5,1,Premium ($80K–$110K),5.123,176.54,High,55789094.4,Early (2015-2018)
Cadillac,Lyriq,2025,Magnesium-Ion,142.3,453,Ultra-Fast Charging (350 Kw+),3.4,76162.83,Emerald Green,Argentina,5,0.0,4.0,12729,3,1,Mid ($50K–$80K),3.183,168.13,Medium,969476663.07,Recent (2022-2025)
Xpeng,G9,2019,Solid-State,141.7,487,Ultra-Fast Charging (350 Kw+),3.9,133130.01,Pearl White,Malaysia,5,0.0,4.0,2624,4,1,Luxury (>$110K),3.437,273.37,Medium,349333146.24,Mid (2019-2021)
Great Wall Motors,ORA Ballet Cat,2021,Aluminum-Ion,129.4,467,Vehicle-To-Grid (V2G),10.6,128428.96,Platinum,Netherlands,4,0.0,5.0,17947,5,1,Luxury (>$110K),3.609,275.01,Medium,2304914545.12,Mid (2019-2021)
Rimac,Nevera,2015,Magnesium-Ion,26.8,428,Nacs,7.7,124922.32,Gray,Usa,5,0.0,3.0,5171,3,1,Luxury (>$110K),15.97,291.87,Top,645973316.72,Early (2015-2018)
Lotus,Evija,2025,Magnesium-Ion,36.9,404,Vehicle-To-Grid (V2G),9.6,68327.9,Aurora Blue,Italy,5,0.0,4.0,6509,3,1,Mid ($50K–$80K),10.949,169.13,Top,444746301.09999996,Recent (2022-2025)
Li Auto,L9,2017,Nickel-Cobalt-Aluminum,133.9,583,Ultra-Fast Charging (350 Kw+),0.7,32756.41,Matte Gray,Finland,0,0.0,5.0,5529,3,1,Budget (<$50K),4.354,56.19,High,181110190.89,Early (2015-2018)
Xpeng,X9,2021,Zinc-Air,53.8,145,Overhead Pantograph Charging,2.5,98069.15,White,South Africa,3,0.0,3.0,6656,3,0,Premium ($80K–$110K),2.695,676.34,Medium,652748262.4,Mid (2019-2021)
Canoo,Pickup,2019,Lithium-Titanate,84.2,166,Vehicle-To-Grid (V2G),10.3,102009.93,Platinum,Czech Republic,1,0.0,3.0,942,4,0,Premium ($80K–$110K),1.971,614.52,Low,96093354.05999999,Mid (2019-2021)
Honda,e:Ny1,2024,Nickel-Manganese-Cobalt,138.0,289,Vehicle-To-Home (V2H),1.5,86265.79,Purple,Thailand,5,0.0,5.0,8396,3,0,Premium ($80K–$110K),2.094,298.5,Low,724287572.8399999,Recent (2022-2025)
Kia,Soul EV,2015,Sodium-Ion,141.0,341,Overhead Pantograph Charging,12.0,142718.63,Cobalt Blue,Ireland,0,0.0,4.0,9912,4,0,Luxury (>$110K),2.418,418.53,Low,1414627060.56,Early (2015-2018)
Mini,Mini Cooper SE,2017,Aluminum-Ion,92.7,397,Nacs,3.5,90449.61,Pink,Australia,3,0.0,3.0,8532,3,0,Premium ($80K–$110K),4.283,227.83,High,771716072.52,Early (2015-2018)
Rimac,Nevera,2017,Nickel-Manganese-Cobalt,133.3,527,Battery Swapping,9.1,141148.45,Copper,Spain,2,0.0,3.0,10339,5,1,Luxury (>$110K),3.953,267.83,Medium,1459333824.5500002,Early (2015-2018)
Mahindra,XUV400,2023,Calcium-Ion,140.0,425,Vehicle-To-Home (V2H),1.1,47834.5,Crimson Red,Norway,3,0.0,4.0,3801,4,1,Budget (<$50K),3.036,112.55,Medium,181818934.5,Recent (2022-2025)
Chevrolet,Silverado EV,2020,Lithium-Titanate,92.9,334,Vehicle-To-Load (V2L),1.8,116371.68,Charcoal,Canada,1,0.0,3.0,16670,4,0,Luxury (>$110K),3.595,348.42,Medium,1939915905.6,Mid (2019-2021)
Ferrari,Ferrari EV (2025+),2024,Lithium-Iron Phosphate,95.9,597,Level 1 Charging,6.5,98494.54,Tan,China,3,0.0,3.0,9315,5,1,Premium ($80K–$110K),6.225,164.98,High,917476640.0999999,Recent (2022-2025)
Skoda,Enyaq,2021,Sodium-Ion,96.7,587,Ccs,10.1,48453.06,Green,Australia,5,0.0,4.0,19470,5,1,Budget (<$50K),6.07,82.54,High,943381078.1999999,Mid (2019-2021)
Tesla,Model X,2015,Flow Batteries,100.9,331,Mobile Charging,11.4,149978.53,Cobalt Blue,Singapore,3,0.0,4.0,10589,3,0,Luxury (>$110K),3.28,453.11,Medium,1588122654.17,Early (2015-2018)
Peugeot,e-208,2023,Zinc-Air,69.6,304,Battery Swapping,2.5,145805.92,Cream,Uk,3,0.0,4.0,9336,5,0,Luxury (>$110K),4.368,479.62,High,1361244069.1200001,Recent (2022-2025)
Citroen,Ami,2017,Solid-State,58.8,510,Vehicle-To-Grid (V2G),9.0,140603.98,Sky Blue,Ireland,3,0.0,5.0,6549,4,1,Luxury (>$110K),8.673,275.69,Top,920815465.0200001,Early (2015-2018)
Geely,Geometry C,2022,Lithium-Sulfur,93.2,316,Dc Fast Charging (Dcfc),9.2,127319.32,Sapphire Blue,Norway,3,0.0,4.0,7347,5,0,Luxury (>$110K),3.391,402.91,Medium,935415044.0400001,Recent (2022-2025)
Skoda,Elroq (upcoming),2017,Aluminum-Ion,84.4,422,Dc Fast Charging (Dcfc),3.8,82482.66,Cobalt Blue,New Zealand,1,0.0,3.0,17140,4,1,Premium ($80K–$110K),5.0,195.46,High,1413752792.4,Early (2015-2018)
Mazda,MX-30,2023,Solid-State,139.2,362,Ccs,6.4,79562.33,Sunset Orange,Singapore,2,0.0,4.0,16496,3,0,Mid ($50K–$80K),2.601,219.79,Medium,1312460195.68,Recent (2022-2025)
Jaguar,I-PACE,2017,Magnesium-Ion,43.7,301,Level 2 Charging,1.5,135210.64,Magenta,Hungary,3,0.0,4.0,11184,3,0,Luxury (>$110K),6.888,449.2,Top,1512195797.7600002,Early (2015-2018)
Rivian,R1T,2016,Lithium-Titanate,147.7,232,Ccs,5.5,32149.83,Cream,Canada,3,0.0,4.0,19722,5,0,Budget (<$50K),1.571,138.58,Low,634058947.26,Early (2015-2018)
Mahindra,Born Electric (upcoming range),2024,Calcium-Ion,146.6,284,Plug-In Hydrogen Refueling,9.8,40516.22,Gray,Usa,0,0.0,3.0,6856,4,0,Budget (<$50K),1.937,142.66,Low,277779204.32,Recent (2022-2025)
Genesis,GV70 Electric,2025,Lithium-Iron Phosphate,76.7,420,Inductive (Wireless) Charging,1.5,122366.54,Charcoal,New Zealand,0,0.0,5.0,14590,4,1,Luxury (>$110K),5.476,291.35,High,1785327818.6,Recent (2022-2025)
Great Wall Motors,ORA Good Cat,2022,Zinc-Air,51.5,250,Plug-In Hydrogen Refueling,1.1,30944.91,Emerald Green,Vietnam,3,0.0,5.0,9528,3,0,Budget (<$50K),4.854,123.78,High,294843102.48,Recent (2022-2025)
Mahindra,Born Electric (upcoming range),2022,Lead-Acid,96.8,413,Vehicle-To-Load (V2L),3.2,37284.56,Black,Vietnam,4,0.0,4.0,15510,3,1,Budget (<$50K),4.267,90.28,High,578283525.5999999,Recent (2022-2025)
Mahindra,Born Electric (upcoming range),2022,Lithium-Titanate,76.7,182,Solar Charging,8.9,86308.85,Candy Apple Red,Austria,4,0.0,5.0,15350,3,0,Premium ($80K–$110K),2.373,474.22,Low,1324840847.5,Recent (2022-2025)
Mazda,Mazda EV (upcoming models),2021,Calcium-Ion,142.4,434,Overhead Pantograph Charging,9.7,125970.61,Rose Gold,Netherlands,2,0.0,4.0,15823,3,1,Luxury (>$110K),3.048,290.25,Medium,1993232962.03,Mid (2019-2021)
Porsche,Macan EV,2017,Zinc-Air,84.0,506,Vehicle-To-Grid (V2G),11.3,89247.01,Forest Green,Switzerland,0,0.0,5.0,5197,3,1,Premium ($80K–$110K),6.024,176.38,High,463816710.96999997,Early (2015-2018)
Canoo,MPDV,2015,Magnesium-Ion,28.3,320,Ccs,7.6,44482.56,Crimson Red,Russia,2,0.0,5.0,8765,3,0,Budget (<$50K),11.307,139.01,Top,389889638.4,Early (2015-2018)
Seat,Avenger,2015,Aluminum-Ion,143.0,509,Vehicle-To-Home (V2H),11.6,120691.72,Yellow,Finland,0,0.0,4.0,3454,3,1,Luxury (>$110K),3.559,237.12,Medium,416869200.88,Early (2015-2018)
Acura,ZDX (with GM Ultium),2018,Aluminum-Ion,67.0,472,Solar Charging,8.6,121435.76,Champagne,France,2,0.0,3.0,14388,4,1,Luxury (>$110K),7.045,257.28,Top,1747217714.8799999,Early (2015-2018)
Opel,Corsa-e,2018,Calcium-Ion,125.2,274,Solar Charging,6.3,40228.06,Turquoise,Indonesia,5,0.0,5.0,13818,3,0,Budget (<$50K),2.188,146.82,Low,555871333.0799999,Early (2015-2018)
Volkswagen,ID.2all,2021,Nickel-Cobalt-Aluminum,139.3,559,Vehicle-To-Home (V2H),11.4,91938.64,Sky Blue,Argentina,3,0.0,4.0,16952,3,1,Premium ($80K–$110K),4.013,164.47,Medium,1558543825.28,Mid (2019-2021)
Hyundai,Ioniq 6,2020,Nickel-Cobalt-Aluminum,147.7,184,Vehicle-To-Grid (V2G),1.2,121103.09,Lime Green,Sweden,0,0.0,5.0,17032,4,0,Luxury (>$110K),1.246,658.17,Low,2062627828.8799999,Mid (2019-2021)
Li Auto,MEGA,2025,Lithium-Titanate,92.0,255,Mobile Charging,11.0,30948.27,Bronze,South Africa,1,0.0,3.0,17839,5,0,Budget (<$50K),2.772,121.37,Medium,552086188.53,Recent (2022-2025)
Vinfast,VFe34 (discontinued),2025,Nickel-Manganese-Cobalt,110.7,554,Plug-In Hydrogen Refueling,9.4,135716.96,Green,Japan,3,0.0,3.0,17054,5,1,Luxury (>$110K),5.005,244.98,High,2314517035.8399997,Recent (2022-2025)
Mazda,MX-30,2016,Lead-Acid,91.7,366,Mobile Charging,9.2,49203.28,Black,Saudi Arabia,1,0.0,4.0,16556,3,0,Budget (<$50K),3.991,134.44,Medium,814609503.68,Early (2015-2018)
Renault,Megane E-Tech,2020,Lithium-Sulfur,101.5,281,Ccs,1.0,108115.49,Orange,Malaysia,5,0.0,3.0,19057,5,0,Premium ($80K–$110K),2.768,384.75,Medium,2060356892.93,Mid (2019-2021)
Dacia,Jogger Hybrid,2020,Lithium-Sulfur,57.0,501,Chademo,8.7,92360.0,Forest Green,France,4,0.0,4.0,3210,3,1,Premium ($80K–$110K),8.789,184.35,Top,296475600.0,Mid (2019-2021)
Dacia,Bigster EV (upcoming),2021,Solid-State,32.0,317,Chademo,6.0,83539.69,Turquoise,South Africa,4,0.0,4.0,19146,4,0,Premium ($80K–$110K),9.906,263.53,Top,1599450904.74,Mid (2019-2021)
Acura,ZDX (with GM Ultium),2022,Lithium-Titanate,141.0,350,Vehicle-To-Grid (V2G),10.0,47321.54,Gray,Russia,1,0.0,5.0,3868,5,0,Budget (<$50K),2.482,135.2,Low,183039716.72,Recent (2022-2025)
Rivian,R1S,2022,Lithium-Ion,117.0,583,Overhead Pantograph Charging,11.1,44251.93,Rose Gold,Indonesia,3,0.0,5.0,5023,3,1,Budget (<$50K),4.983,75.9,High,222277444.39000002,Recent (2022-2025)
Byd,Seal,2020,Lithium-Sulfur,58.2,114,Chademo,2.1,100754.91,Blue,Poland,1,0.0,3.0,4008,5,0,Premium ($80K–$110K),1.959,883.82,Low,403825679.28000003,Mid (2019-2021)
Fisker,Ocean,2015,Nickel-Cobalt-Aluminum,82.6,258,Vehicle-To-Home (V2H),10.9,123761.92,Aurora Blue,Ireland,3,0.0,4.0,14715,3,0,Luxury (>$110K),3.123,479.7,Medium,1821156652.8,Early (2015-2018)
Renault,Scenic E-Tech,2016,Magnesium-Ion,101.2,419,Vehicle-To-Grid (V2G),5.0,138029.33,Pink,Saudi Arabia,3,0.0,4.0,2900,3,1,Luxury (>$110K),4.14,329.43,High,400285056.99999994,Early (2015-2018)
Dacia,Jogger Hybrid,2024,Flow Batteries,123.5,462,Solar Charging,7.0,44853.79,Matte Gray,Uk,4,0.0,5.0,17096,3,1,Budget (<$50K),3.741,97.09,Medium,766820393.84,Recent (2022-2025)
Citroen,ë-Spacetourer,2023,Aluminum-Ion,22.4,437,Nacs,11.6,62995.5,Electric Blue,Belgium,4,0.0,5.0,10499,4,1,Mid ($50K–$80K),19.509,144.15,Top,661389754.5,Recent (2022-2025)
Jeep,Wrangler 4xe (PHEV),2022,Calcium-Ion,141.4,274,Vehicle-To-Grid (V2G),2.6,32886.83,Matte Black,Hungary,0,0.0,4.0,5510,4,0,Budget (<$50K),1.938,120.02,Low,181206433.3,Recent (2022-2025)
Ford,F-150 Lightning,2019,Magnesium-Ion,31.7,257,Vehicle-To-Grid (V2G),8.3,37069.65,Purple,Norway,3,0.0,4.0,4668,4,0,Budget (<$50K),8.107,144.24,Top,173041126.20000002,Mid (2019-2021)
Rimac,Nevera,2021,Calcium-Ion,136.9,126,Inductive (Wireless) Charging,3.3,101640.55,Forest Green,Russia,4,0.0,3.0,10431,4,0,Premium ($80K–$110K),0.92,806.67,Low,1060212577.0500001,Mid (2019-2021)
Lamborghini,Lanzador (upcoming EV),2016,Nickel-Manganese-Cobalt,23.8,424,Ultra-Fast Charging (350 Kw+),11.0,32234.74,Matte Gray,Israel,1,0.0,3.0,9981,5,1,Budget (<$50K),17.815,76.03,Top,321734939.94,Early (2015-2018)
Li Auto,MEGA,2016,Calcium-Ion,102.7,204,Chademo,4.8,148237.05,Burgundy,Belgium,3,0.0,3.0,32,4,0,Luxury (>$110K),1.986,726.65,Low,4743585.6,Early (2015-2018)
Gmc,Hummer EV SUV,2025,Nickel-Metal Hydride,20.1,577,Vehicle-To-Load (V2L),3.6,60106.67,Sky Blue,India,5,0.0,4.0,1490,3,1,Mid ($50K–$80K),28.706,104.17,Top,89558938.3,Recent (2022-2025)
Peugeot,e-208,2019,Solid-State,71.4,162,Chademo,8.8,149858.55,Brown,Switzerland,2,0.0,5.0,8564,5,0,Luxury (>$110K),2.269,925.05,Low,1283388622.1999998,Mid (2019-2021)
Geely,Geometry C,2018,Flow Batteries,147.8,274,Inductive (Wireless) Charging,5.8,101941.64,Black,Italy,0,0.0,4.0,313,5,0,Premium ($80K–$110K),1.854,372.05,Low,31907733.32,Early (2015-2018)
Porsche,Cayenne Electric (upcoming),2023,Aluminum-Ion,110.5,350,Plug-In Hydrogen Refueling,6.7,124476.63,Ruby Red,China,5,0.0,4.0,19703,4,0,Luxury (>$110K),3.167,355.65,Medium,2452563040.89,Recent (2022-2025)
Nio,ET9,2015,Solid-State,80.2,579,Inductive (Wireless) Charging,5.6,56582.49,Black,Portugal,5,0.0,4.0,9934,5,1,Mid ($50K–$80K),7.219,97.72,Top,562090455.66,Early (2015-2018)
Volvo,C40 Recharge,2022,Sodium-Ion,24.8,352,Inductive (Wireless) Charging,0.6,148111.62,Emerald Green,Thailand,3,0.0,3.0,18080,3,0,Luxury (>$110K),14.194,420.77,Top,2677858089.6,Recent (2022-2025)
Mini,Mini Aceman,2024,Flow Batteries,108.7,389,Nacs,1.3,45389.57,Red,Italy,4,0.0,5.0,8989,3,0,Budget (<$50K),3.579,116.68,Medium,408006844.73,Recent (2022-2025)
Skoda,Enyaq,2025,Lead-Acid,99.9,448,Vehicle-To-Home (V2H),0.5,81253.74,Sky Blue,South Korea,2,0.0,4.0,3988,5,1,Premium ($80K–$110K),4.484,181.37,High,324039915.12,Recent (2022-2025)
Lotus,Emeya,2022,Sodium-Ion,87.2,122,Ultra-Fast Charging (350 Kw+),1.0,140206.98,Matte White,Malaysia,3,0.0,4.0,18737,3,0,Luxury (>$110K),1.399,1149.24,Low,2627058184.26,Recent (2022-2025)
Peugeot,e-2008,2021,Solid-State,139.2,200,Nacs,4.3,37541.29,Emerald Green,France,3,0.0,4.0,10954,4,0,Budget (<$50K),1.437,187.71,Low,411227290.66,Mid (2019-2021)
Polestar,Polestar 2,2022,Lithium-Iron Phosphate,144.6,526,Level 2 Charging,9.9,92361.01,Forest Green,China,4,0.0,4.0,14629,5,1,Premium ($80K–$110K),3.638,175.59,Medium,1351149215.29,Recent (2022-2025)
Jaguar,I-PACE,2015,Aluminum-Ion,24.3,260,Dc Fast Charging (Dcfc),9.5,37440.27,Cobalt Blue,Malaysia,3,0.0,3.0,1828,5,0,Budget (<$50K),10.7,144.0,Top,68440813.55999999,Early (2015-2018)
Bmw,i4,2021,Nickel-Cobalt-Aluminum,32.5,485,Vehicle-To-Grid (V2G),3.2,101949.1,Lime Green,Finland,3,0.0,5.0,3318,4,1,Premium ($80K–$110K),14.923,210.2,Top,338267113.8,Mid (2019-2021)
Genesis,GV60,2022,Lead-Acid,62.7,198,Ccs,1.7,101421.01,Red,Israel,1,0.0,5.0,8397,4,0,Premium ($80K–$110K),3.158,512.23,Medium,851632220.9699999,Recent (2022-2025)
Li Auto,MEGA,2024,Nickel-Manganese-Cobalt,44.2,170,Level 2 Charging,1.2,67400.02,Brown,Turkey,2,0.0,3.0,4830,4,0,Mid ($50K–$80K),3.846,396.47,Medium,325542096.6,Recent (2022-2025)
Subaru,Solterra,2019,Sodium-Ion,146.1,365,Chademo,1.2,90852.94,Titanium,United Arab Emirates,3,0.0,5.0,6594,3,0,Premium ($80K–$110K),2.498,248.91,Low,599084286.36,Mid (2019-2021)
Pininfarina,Battista,2025,Nickel-Manganese-Cobalt,110.3,339,Mobile Charging,10.3,97931.63,Pink,Finland,2,0.0,3.0,16250,3,0,Premium ($80K–$110K),3.073,288.88,Medium,1591388987.5,Recent (2022-2025)
Tesla,Roadster (upcoming),2018,Lithium-Titanate,49.9,419,Inductive (Wireless) Charging,3.2,118150.34,Platinum,Mexico,3,0.0,3.0,11888,3,1,Luxury (>$110K),8.397,281.98,Top,1404571241.92,Early (2015-2018)
Audi,Q4 e-tron,2015,Lead-Acid,35.0,248,Vehicle-To-Home (V2H),2.7,100282.37,Stealth Gray,Argentina,3,0.0,3.0,7174,4,0,Premium ($80K–$110K),7.086,404.36,Top,719425722.38,Early (2015-2018)
Renault,5 E-Tech,2020,Calcium-Ion,92.1,191,Inductive (Wireless) Charging,0.7,131145.77,Yellow,Germany,1,0.0,3.0,11088,3,0,Luxury (>$110K),2.074,686.63,Low,1454144297.76,Mid (2019-2021)
Subaru,Solterra,2018,Sodium-Ion,125.2,438,Nacs,11.3,147252.22,Sapphire Blue,Vietnam,0,0.0,3.0,6214,3,1,Luxury (>$110K),3.498,336.19,Medium,915025295.08,Early (2015-2018)
Maserati,GranTurismo Folgore,2020,Sodium-Ion,97.9,600,Ultra-Fast Charging (350 Kw+),11.1,121569.88,Matte Blue,Denmark,2,0.0,3.0,9177,3,1,Luxury (>$110K),6.129,202.62,High,1115646788.76,Mid (2019-2021)
Mg,MG ES5,2018,Lithium-Titanate,30.6,340,Dc Fast Charging (Dcfc),2.4,76573.9,Ruby Red,Turkey,4,0.0,4.0,17218,5,0,Mid ($50K–$80K),11.111,225.22,Top,1318449410.1999998,Early (2015-2018)
Great Wall Motors,ORA Ballet Cat,2022,Nickel-Manganese-Cobalt,54.9,305,Level 2 Charging,2.9,137386.16,Candy Apple Red,Belgium,2,0.0,3.0,12258,4,0,Luxury (>$110K),5.556,450.45,High,1684079549.28,Recent (2022-2025)
Lamborghini,Revuelto (PHEV),2017,Magnesium-Ion,30.9,327,Overhead Pantograph Charging,3.1,34937.15,Graphite Gray,Finland,3,0.0,4.0,10388,4,0,Budget (<$50K),10.583,106.84,Top,362927114.2,Early (2015-2018)
Nio,ET5,2017,Nickel-Manganese-Cobalt,50.4,430,Dc Fast Charging (Dcfc),4.6,39890.22,Titanium,Turkey,5,0.0,3.0,3224,3,1,Budget (<$50K),8.532,92.77,Top,128606069.28,Early (2015-2018)
Audi,Q4 e-tron,2015,Lead-Acid,46.0,200,Mobile Charging,3.4,119425.36,Navy Blue,Portugal,4,0.0,5.0,17797,4,0,Luxury (>$110K),4.348,597.13,High,2125413131.92,Early (2015-2018)
Tesla,Model X,2019,Calcium-Ion,65.1,306,Plug-In Hydrogen Refueling,10.0,120936.73,White,New Zealand,1,0.0,5.0,6877,4,0,Luxury (>$110K),4.7,395.22,High,831681892.2099999,Mid (2019-2021)
Volvo,EX90,2022,Sodium-Ion,122.9,260,Inductive (Wireless) Charging,5.4,143031.57,Tan,Switzerland,4,0.0,3.0,10012,5,0,Luxury (>$110K),2.116,550.12,Low,1432032078.8400002,Recent (2022-2025)
Tesla,Model Y,2025,Calcium-Ion,66.1,215,Vehicle-To-Grid (V2G),5.4,120315.14,Stealth Gray,Saudi Arabia,4,0.0,3.0,5036,4,0,Luxury (>$110K),3.253,559.61,Medium,605907045.04,Recent (2022-2025)
Ferrari,Ferrari EV (2025+),2024,Aluminum-Ion,99.0,543,Plug-In Hydrogen Refueling,11.8,54504.55,Cream,China,1,0.0,4.0,9982,3,1,Mid ($50K–$80K),5.485,100.38,High,544064418.1,Recent (2022-2025)
Mercedes-Benz,EQS,2025,Lead-Acid,43.1,523,Vehicle-To-Load (V2L),0.8,53879.85,Beige,Czech Republic,2,0.0,4.0,1882,4,1,Mid ($50K–$80K),12.135,103.02,Top,101401877.7,Recent (2022-2025)
Lotus,Eletre,2017,Sodium-Ion,131.8,310,Plug-In Hydrogen Refueling,2.3,43289.27,Matte White,Indonesia,0,0.0,3.0,4257,3,0,Budget (<$50K),2.352,139.64,Low,184282422.39,Early (2015-2018)
Subaru,Solterra,2025,Nickel-Manganese-Cobalt,40.6,394,Solar Charging,7.3,90297.0,Sky Blue,Australia,0,0.0,4.0,19819,3,0,Premium ($80K–$110K),9.704,229.18,Top,1789596243.0,Recent (2022-2025)
Lotus,Emeya,2024,Aluminum-Ion,83.8,336,Level 2 Charging,9.0,64549.41,Sunset Orange,Brazil,5,0.0,3.0,13600,3,0,Mid ($50K–$80K),4.01,192.11,Medium,877871976.0,Recent (2022-2025)
Porsche,Cayenne Electric (upcoming),2022,Nickel-Cobalt-Aluminum,138.4,193,Ccs,5.0,143482.48,Forest Green,Netherlands,5,0.0,3.0,7119,4,0,Luxury (>$110K),1.395,743.43,Low,1021451775.1200001,Recent (2022-2025)
Li Auto,L7,2020,Solid-State,118.2,358,Mobile Charging,5.2,49780.69,Electric Blue,Turkey,3,0.0,5.0,15135,4,0,Budget (<$50K),3.029,139.05,Medium,753430743.15,Mid (2019-2021)
Pininfarina,Battista,2018,Nickel-Cobalt-Aluminum,24.9,228,Ccs,8.7,46377.67,Lime Green,Australia,0,0.0,5.0,14343,3,0,Budget (<$50K),9.157,203.41,Top,665194920.81,Early (2015-2018)
Great Wall Motors,ORA Lightning Cat,2017,Nickel-Metal Hydride,129.0,410,Ccs,2.5,44898.17,Racing Red,Thailand,5,0.0,3.0,14439,4,1,Budget (<$50K),3.178,109.51,Medium,648284676.63,Early (2015-2018)
Porsche,Macan EV,2015,Aluminum-Ion,107.8,210,Vehicle-To-Home (V2H),8.5,130380.14,Cobalt Blue,South Africa,5,0.0,5.0,10103,4,0,Luxury (>$110K),1.948,620.86,Low,1317230554.42,Early (2015-2018)
Bmw,iX1,2015,Lithium-Ion,120.4,492,Inductive (Wireless) Charging,11.2,74957.36,Forest Green,Denmark,3,0.0,4.0,6296,5,1,Mid ($50K–$80K),4.086,152.35,High,471931538.56,Early (2015-2018)
Mini,Mini Electric,2018,Aluminum-Ion,32.6,527,Nacs,8.8,35281.5,Graphite Gray,France,2,0.0,3.0,17750,4,1,Budget (<$50K),16.166,66.95,Top,626246625.0,Early (2015-2018)
Zeekr,Zeekr 001,2018,Lithium-Iron Phosphate,33.8,265,Nacs,0.7,108479.13,White,India,1,0.0,5.0,12090,3,0,Premium ($80K–$110K),7.84,409.36,Top,1311512681.7,Early (2015-2018)
Audi,e-tron GT,2021,Lithium-Sulfur,119.8,355,Ccs,8.7,124951.17,Rose Gold,Singapore,0,0.0,5.0,12732,5,0,Luxury (>$110K),2.963,351.98,Medium,1590878296.44,Mid (2019-2021)
Opel,Grandland Electric,2017,Sodium-Ion,42.8,489,Mobile Charging,11.7,109964.47,Red,Mexico,3,0.0,5.0,7616,5,1,Premium ($80K–$110K),11.425,224.88,Top,837489403.52,Early (2015-2018)
Jeep,Wrangler 4xe (PHEV),2018,Lithium-Ion,100.1,559,Ccs,4.1,118549.59,Stealth Gray,Belgium,0,0.0,3.0,4969,4,1,Luxury (>$110K),5.584,212.07,High,589072912.71,Early (2015-2018)
Rivian,EDV (Electric Delivery Van),2015,Lithium-Iron Phosphate,140.0,406,Vehicle-To-Home (V2H),9.0,69442.78,Bronze,Hungary,0,0.0,5.0,9452,3,1,Mid ($50K–$80K),2.9,171.04,Medium,656373156.56,Early (2015-2018)
Volvo,EX30,2020,Lithium-Iron Phosphate,46.8,127,Ultra-Fast Charging (350 Kw+),9.7,113553.37,Crimson Red,Ireland,4,0.0,3.0,2117,4,0,Luxury (>$110K),2.714,894.12,Medium,240392484.29,Mid (2019-2021)
Audi,e-tron GT,2015,Flow Batteries,149.0,580,Inductive (Wireless) Charging,1.9,50841.1,Matte Gray,Switzerland,0,0.0,3.0,6472,3,1,Mid ($50K–$80K),3.893,87.66,Medium,329043599.2,Early (2015-2018)
Zeekr,Zeekr X,2024,Lithium-Iron Phosphate,59.4,395,Vehicle-To-Home (V2H),11.6,54168.12,Burgundy,New Zealand,3,0.0,3.0,15424,4,0,Mid ($50K–$80K),6.65,137.13,High,835489082.88,Recent (2022-2025)
Zeekr,Zeekr 007,2017,Calcium-Ion,144.0,346,Level 1 Charging,9.3,81287.67,Green,Poland,1,0.0,4.0,15192,4,0,Premium ($80K–$110K),2.403,234.94,Low,1234922282.6399999,Early (2015-2018)
Changan,Deepal S07,2021,Lead-Acid,98.8,136,Mobile Charging,2.1,86311.02,Charcoal,Denmark,3,0.0,4.0,16103,4,0,Premium ($80K–$110K),1.377,634.64,Low,1389866355.0600002,Mid (2019-2021)
Li Auto,MEGA,2020,Nickel-Cobalt-Aluminum,83.6,428,Dc Fast Charging (Dcfc),5.2,34659.23,Orange,India,1,0.0,4.0,11422,5,1,Budget (<$50K),5.12,80.98,High,395877725.06000006,Mid (2019-2021)
Dacia,Bigster EV (upcoming),2025,Lithium-Titanate,67.9,129,Plug-In Hydrogen Refueling,11.2,118279.7,Forest Green,New Zealand,3,0.0,5.0,925,5,0,Luxury (>$110K),1.9,916.9,Low,109408722.5,Recent (2022-2025)
Mini,Mini Aceman,2017,Lithium-Sulfur,98.7,583,Chademo,3.4,102257.92,Lime Green,Netherlands,3,0.0,4.0,13030,5,1,Premium ($80K–$110K),5.907,175.4,High,1332420697.6,Early (2015-2018)
Jeep,Wrangler 4xe (PHEV),2023,Aluminum-Ion,44.5,316,Nacs,10.0,60344.55,Magenta,Turkey,5,0.0,5.0,13487,5,0,Mid ($50K–$80K),7.101,190.96,Top,813866945.85,Recent (2022-2025)
Hyundai,Kona Electric,2025,Zinc-Air,121.0,276,Chademo,3.6,55143.07,Racing Red,Thailand,0,0.0,3.0,3174,3,0,Mid ($50K–$80K),2.281,199.79,Low,175024104.18,Recent (2022-2025)
Opel,Grandland Electric,2021,Lead-Acid,74.2,247,Vehicle-To-Grid (V2G),2.5,74958.17,Cosmic Purple,Italy,1,0.0,5.0,6965,3,0,Mid ($50K–$80K),3.329,303.47,Medium,522083654.05,Mid (2019-2021)
Lucid Motors,Lucid Air,2017,Magnesium-Ion,118.7,232,Vehicle-To-Grid (V2G),5.6,139556.57,Yellow,Netherlands,3,0.0,3.0,11211,3,0,Luxury (>$110K),1.955,601.54,Low,1564568706.27,Early (2015-2018)
Jeep,Grand Cherokee 4xe (PHEV),2022,Nickel-Manganese-Cobalt,107.5,151,Level 1 Charging,1.2,120215.84,White,Israel,0,0.0,3.0,12309,5,0,Luxury (>$110K),1.405,796.13,Low,1479736774.56,Recent (2022-2025)
Lotus,Emeya,2022,Nickel-Manganese-Cobalt,118.4,409,Vehicle-To-Grid (V2G),4.4,111823.2,Pink,Hungary,2,0.0,3.0,11666,4,1,Luxury (>$110K),3.454,273.41,Medium,1304529451.2,Recent (2022-2025)
Faraday Future,FF 91,2015,Nickel-Manganese-Cobalt,133.2,305,Chademo,0.8,44747.34,Matte Black,Portugal,1,0.0,5.0,15571,5,0,Budget (<$50K),2.29,146.71,Low,696760831.14,Early (2015-2018)
Li Auto,L8,2015,Flow Batteries,144.5,516,Mobile Charging,0.7,73224.67,Silver,Hungary,1,0.0,5.0,2666,4,1,Mid ($50K–$80K),3.571,141.91,Medium,195216970.22,Early (2015-2018)
Zeekr,Zeekr 007,2025,Calcium-Ion,110.9,151,Plug-In Hydrogen Refueling,3.9,53409.23,Charcoal,South Africa,5,0.0,3.0,9874,5,0,Mid ($50K–$80K),1.362,353.7,Low,527362737.02000004,Recent (2022-2025)
Lamborghini,Lanzador (upcoming EV),2017,Aluminum-Ion,78.0,159,Vehicle-To-Load (V2L),8.1,58908.19,Electric Blue,Netherlands,5,0.0,5.0,957,3,0,Mid ($50K–$80K),2.038,370.49,Low,56375137.830000006,Early (2015-2018)
Rimac,Nevera,2019,Lithium-Iron Phosphate,113.5,440,Vehicle-To-Load (V2L),11.4,110472.15,Lime Green,Italy,5,0.0,4.0,10905,3,1,Luxury (>$110K),3.877,251.07,Medium,1204698795.75,Mid (2019-2021)
Ferrari,Ferrari EV (2025+),2016,Flow Batteries,64.6,566,Plug-In Hydrogen Refueling,8.0,124209.83,Rose Gold,Vietnam,1,0.0,3.0,2920,4,1,Luxury (>$110K),8.762,219.45,Top,362692703.6,Early (2015-2018)
Peugeot,e-2008,2016,Zinc-Air,67.8,536,Mobile Charging,11.5,99230.02,White,Poland,3,0.0,4.0,10474,4,1,Premium ($80K–$110K),7.906,185.13,Top,1039335229.48,Early (2015-2018)
Faraday Future,FF 91,2023,Flow Batteries,98.2,213,Ccs,5.0,94595.15,Sunset Orange,Hungary,3,0.0,4.0,14935,3,0,Premium ($80K–$110K),2.169,444.11,Low,1412778565.25,Recent (2022-2025)
Cadillac,Celestiq,2017,Lithium-Titanate,106.5,510,Level 2 Charging,7.4,67066.97,Ice Silver,Canada,5,0.0,3.0,16220,4,1,Mid ($50K–$80K),4.789,131.5,High,1087826253.4,Early (2015-2018)
Dacia,Bigster EV (upcoming),2015,Magnesium-Ion,63.3,523,Inductive (Wireless) Charging,10.3,142131.95,Crimson Red,South Korea,1,0.0,4.0,5216,3,1,Luxury (>$110K),8.262,271.76,Top,741360251.2,Early (2015-2018)
Lamborghini,Lanzador (upcoming EV),2020,Nickel-Cobalt-Aluminum,108.1,278,Plug-In Hydrogen Refueling,5.0,93341.33,Copper,Czech Republic,1,0.0,3.0,4289,4,0,Premium ($80K–$110K),2.572,335.76,Low,400340964.37,Mid (2019-2021)
Citroen,Ami,2015,Calcium-Ion,141.5,255,Vehicle-To-Home (V2H),8.0,99258.89,Candy Apple Red,New Zealand,1,0.0,3.0,299,4,0,Premium ($80K–$110K),1.802,389.25,Low,29678408.11,Early (2015-2018)
Renault,Megane E-Tech,2025,Magnesium-Ion,148.5,175,Plug-In Hydrogen Refueling,11.4,81253.33,Titanium,Netherlands,0,0.0,3.0,3845,5,0,Premium ($80K–$110K),1.178,464.3,Low,312419053.85,Recent (2022-2025)
Genesis,GV80 Electric,2024,Nickel-Cobalt-Aluminum,146.1,421,Plug-In Hydrogen Refueling,3.3,44256.31,Cream,Russia,4,0.0,4.0,2936,4,1,Budget (<$50K),2.882,105.12,Medium,129936526.16,Recent (2022-2025)
Canoo,MPDV,2021,Lithium-Sulfur,102.2,327,Overhead Pantograph Charging,0.6,43995.32,Orange,Russia,4,0.0,5.0,15712,4,0,Budget (<$50K),3.2,134.54,Medium,691254467.84,Mid (2019-2021)
Seat,Avenger,2024,Nickel-Metal Hydride,69.9,430,Vehicle-To-Grid (V2G),3.9,45028.37,Purple,China,4,0.0,3.0,12903,5,1,Budget (<$50K),6.152,104.72,High,581001058.11,Recent (2022-2025)
Canoo,MPDV,2023,Nickel-Manganese-Cobalt,28.3,528,Ccs,9.2,54895.65,Lime Green,Canada,4,0.0,4.0,14654,4,1,Mid ($50K–$80K),18.657,103.97,Top,804440855.1,Recent (2022-2025)
Jaguar,I-PACE,2017,Zinc-Air,46.8,182,Dc Fast Charging (Dcfc),7.0,132174.01,Silver,Uk,4,0.0,3.0,13862,5,0,Luxury (>$110K),3.889,726.23,Medium,1832196126.6200001,Early (2015-2018)
Tesla,Model 3,2019,Lithium-Ion,143.0,365,Solar Charging,8.1,83390.43,Matte Green,Russia,4,0.0,5.0,17636,5,0,Premium ($80K–$110K),2.552,228.47,Low,1470673623.4799998,Mid (2019-2021)
Rivian,EDV (Electric Delivery Van),2016,Flow Batteries,126.6,221,Level 2 Charging,2.7,65965.11,Titanium,Switzerland,4,0.0,4.0,4210,5,0,Mid ($50K–$80K),1.746,298.48,Low,277713113.1,Early (2015-2018)
Gmc,Hummer EV SUV,2016,Lead-Acid,53.1,295,Nacs,5.1,39990.49,Gold,Vietnam,1,0.0,4.0,8827,5,0,Budget (<$50K),5.556,135.56,High,352996055.22999996,Early (2015-2018)
Seat,Avenger,2020,Zinc-Air,105.5,520,Nacs,5.3,48418.97,Burgundy,Vietnam,4,0.0,5.0,3604,5,1,Budget (<$50K),4.929,93.11,High,174501967.88,Mid (2019-2021)
Lamborghini,Lanzador (upcoming EV),2016,Sodium-Ion,103.2,285,Mobile Charging,9.4,47559.56,Cobalt Blue,Austria,0,0.0,4.0,3440,3,0,Budget (<$50K),2.762,166.88,Medium,163604886.4,Early (2015-2018)
Porsche,Panamera EV,2024,Calcium-Ion,124.9,148,Overhead Pantograph Charging,8.6,133847.8,Matte Gray,Portugal,0,0.0,4.0,5920,4,0,Luxury (>$110K),1.185,904.38,Low,792378975.9999999,Recent (2022-2025)
Faraday Future,FF 91,2022,Zinc-Air,36.6,104,Chademo,8.1,47120.42,Matte Green,Portugal,3,0.0,5.0,8162,5,0,Budget (<$50K),2.842,453.08,Medium,384596868.03999996,Recent (2022-2025)
Cadillac,Celestiq,2022,Nickel-Metal Hydride,77.1,281,Vehicle-To-Home (V2H),6.3,63098.76,Brown,South Africa,1,0.0,4.0,13320,4,0,Mid ($50K–$80K),3.645,224.55,Medium,840475483.2,Recent (2022-2025)
Hyundai,Kona Electric,2016,Lithium-Titanate,51.2,147,Nacs,7.1,40150.21,Copper,United Arab Emirates,0,0.0,5.0,4470,4,0,Budget (<$50K),2.871,273.13,Medium,179471438.7,Early (2015-2018)
Mahindra,XUV400,2021,Lithium-Ion,100.1,566,Level 1 Charging,8.7,114311.01,Racing Red,Brazil,5,0.0,5.0,19962,3,1,Luxury (>$110K),5.654,201.96,High,2281876381.62,Mid (2019-2021)
Cadillac,Celestiq,2017,Flow Batteries,140.9,491,Ultra-Fast Charging (350 Kw+),2.5,74046.11,Gray,Turkey,0,0.0,4.0,3710,4,1,Mid ($50K–$80K),3.485,150.81,Medium,274711068.1,Early (2015-2018)
Skoda,Enyaq,2023,Calcium-Ion,119.6,160,Solar Charging,3.9,65225.4,Electric Blue,Usa,4,0.0,5.0,16892,3,0,Mid ($50K–$80K),1.338,407.66,Low,1101787456.8,Recent (2022-2025)
Changan,Q05,2022,Lithium-Ion,66.2,415,Vehicle-To-Home (V2H),4.3,72467.13,White,Brazil,1,0.0,4.0,14116,4,1,Mid ($50K–$80K),6.269,174.62,High,1022946007.08,Recent (2022-2025)
Lucid Motors,Lucid Air,2023,Lead-Acid,136.8,310,Ccs,11.0,30829.25,Navy Blue,Spain,3,0.0,3.0,17577,4,0,Budget (<$50K),2.266,99.45,Low,541885727.25,Recent (2022-2025)
Kia,EV9,2025,Calcium-Ion,77.1,171,Overhead Pantograph Charging,9.1,30697.23,Cosmic Purple,Denmark,3,0.0,4.0,10853,3,0,Budget (<$50K),2.218,179.52,Low,333157037.19,Recent (2022-2025)
Mercedes-Benz,EQB,2022,Flow Batteries,147.8,160,Vehicle-To-Grid (V2G),6.1,89468.11,Sky Blue,Italy,3,0.0,4.0,4306,3,0,Premium ($80K–$110K),1.083,559.18,Low,385249681.66,Recent (2022-2025)
Kia,Soul EV,2017,Nickel-Metal Hydride,64.7,106,Ultra-Fast Charging (350 Kw+),1.1,129580.29,Brown,Ireland,3,0.0,3.0,14055,3,0,Luxury (>$110K),1.638,1222.46,Low,1821250975.9499998,Early (2015-2018)
Gmc,Hummer EV Pickup,2023,Nickel-Metal Hydride,52.4,492,Ccs,10.4,149310.85,Forest Green,Vietnam,5,0.0,5.0,16460,5,1,Luxury (>$110K),9.389,303.48,Top,2457656591.0,Recent (2022-2025)
Porsche,Macan EV,2024,Flow Batteries,102.5,217,Ccs,2.0,34603.97,Metallic Silver,Sweden,4,0.0,4.0,13346,5,0,Budget (<$50K),2.117,159.47,Low,461824583.62,Recent (2022-2025)
Subaru,Solterra,2018,Sodium-Ion,75.4,131,Vehicle-To-Grid (V2G),7.9,66514.8,Bronze,Argentina,2,0.0,3.0,5955,3,0,Mid ($50K–$80K),1.737,507.75,Low,396095634.0,Early (2015-2018)
Tesla,Model S,2025,Lithium-Titanate,61.8,246,Vehicle-To-Load (V2L),3.7,102782.62,Brown,Norway,3,0.0,3.0,447,5,0,Premium ($80K–$110K),3.981,417.82,Medium,45943831.14,Recent (2022-2025)
Lamborghini,Revuelto (PHEV),2020,Sodium-Ion,116.4,285,Overhead Pantograph Charging,3.2,63113.63,Matte Blue,India,3,0.0,5.0,3943,3,0,Mid ($50K–$80K),2.448,221.45,Low,248857043.09,Mid (2019-2021)
Jeep,Grand Cherokee 4xe (PHEV),2018,Lithium-Titanate,78.0,150,Dc Fast Charging (Dcfc),11.3,104281.24,Magenta,New Zealand,1,0.0,3.0,6281,4,0,Premium ($80K–$110K),1.923,695.21,Low,654990468.44,Early (2015-2018)
Lamborghini,Lanzador (upcoming EV),2023,Sodium-Ion,136.3,329,Ccs,11.0,38125.02,Tan,South Africa,4,0.0,4.0,4224,4,0,Budget (<$50K),2.414,115.88,Low,161040084.48,Recent (2022-2025)
Chevrolet,Equinox EV,2015,Magnesium-Ion,146.4,197,Plug-In Hydrogen Refueling,6.2,93896.38,Graphite Gray,China,4,0.0,4.0,19897,4,0,Premium ($80K–$110K),1.346,476.63,Low,1868256272.8600001,Early (2015-2018)
Rivian,R1T,2015,Nickel-Metal Hydride,94.3,403,Level 1 Charging,10.6,124877.63,Sunset Orange,Turkey,4,0.0,4.0,8798,5,1,Luxury (>$110K),4.274,309.87,High,1098673388.74,Early (2015-2018)
Jaguar,I-PACE,2018,Lithium-Ion,89.4,249,Level 2 Charging,7.9,143045.52,Bronze,Italy,0,0.0,3.0,17517,3,0,Luxury (>$110K),2.785,574.48,Medium,2505728373.8399997,Early (2015-2018)
Tesla,Roadster (upcoming),2020,Flow Batteries,98.7,288,Mobile Charging,1.5,114655.41,Matte Gray,Spain,3,0.0,3.0,341,4,0,Luxury (>$110K),2.918,398.11,Medium,39097494.81,Mid (2019-2021)
Volvo,EX30,2017,Lithium-Sulfur,146.3,375,Ccs,8.8,112573.85,Ruby Red,Spain,5,0.0,4.0,7229,4,0,Luxury (>$110K),2.563,300.2,Low,813796361.6500001,Early (2015-2018)
Toyota,bZ4X,2024,Flow Batteries,125.0,485,Plug-In Hydrogen Refueling,2.3,57806.78,Volcanic Yellow,Vietnam,3,0.0,3.0,5770,3,1,Mid ($50K–$80K),3.88,119.19,Medium,333545120.59999996,Recent (2022-2025)
Ferrari,Roma PHEV,2017,Flow Batteries,56.7,258,Nacs,10.7,128099.9,Sky Blue,Ireland,1,0.0,5.0,13189,3,0,Luxury (>$110K),4.55,496.51,High,1689509581.1,Early (2015-2018)
Renault,5 E-Tech,2015,Zinc-Air,33.0,296,Level 1 Charging,1.8,31626.25,Titanium,Japan,3,0.0,5.0,19648,3,0,Budget (<$50K),8.97,106.85,Top,621392560.0,Early (2015-2018)
Vinfast,VF 6,2016,Lead-Acid,115.7,273,Dc Fast Charging (Dcfc),2.8,87651.05,Matte Green,Malaysia,2,0.0,3.0,17810,5,0,Premium ($80K–$110K),2.36,321.07,Low,1561065200.5,Early (2015-2018)
Toyota,Lexus UX 300e,2023,Solid-State,22.8,122,Ccs,6.8,42307.93,Titanium,Indonesia,3,0.0,4.0,13996,4,0,Budget (<$50K),5.351,346.79,High,592141788.28,Recent (2022-2025)
Ford,E-Transit,2025,Lithium-Sulfur,49.4,550,Plug-In Hydrogen Refueling,8.4,115782.14,Orange,Russia,0,0.0,4.0,11708,3,1,Luxury (>$110K),11.134,210.51,Top,1355577295.12,Recent (2022-2025)
Gmc,Hummer EV SUV,2016,Sodium-Ion,140.0,570,Dc Fast Charging (Dcfc),10.8,102540.77,Midnight Black,Vietnam,4,0.0,5.0,9881,5,1,Premium ($80K–$110K),4.071,179.9,High,1013205348.37,Early (2015-2018)
Canoo,Pickup,2020,Aluminum-Ion,33.5,569,Vehicle-To-Load (V2L),8.1,141945.82,Cobalt Blue,China,1,0.0,3.0,12799,4,1,Luxury (>$110K),16.985,249.47,Top,1816764550.18,Mid (2019-2021)
Renault,Kangoo E-Tech,2016,Solid-State,95.1,591,Battery Swapping,2.2,68766.41,Gray,Norway,2,0.0,5.0,13564,5,1,Mid ($50K–$80K),6.215,116.36,High,932747585.24,Early (2015-2018)
Vinfast,VF 8,2017,Magnesium-Ion,142.7,571,Ultra-Fast Charging (350 Kw+),4.9,95920.71,Matte White,Saudi Arabia,4,0.0,5.0,13822,5,1,Premium ($80K–$110K),4.001,167.99,Medium,1325816053.6200001,Early (2015-2018)
Ferrari,Ferrari EV (2025+),2018,Lithium-Titanate,31.3,285,Level 1 Charging,2.8,132071.41,Turquoise,United Arab Emirates,1,0.0,4.0,11447,4,0,Luxury (>$110K),9.105,463.41,Top,1511821430.27,Early (2015-2018)
Opel,Corsa-e,2019,Nickel-Manganese-Cobalt,38.7,536,Vehicle-To-Grid (V2G),3.3,129338.62,Blue,Italy,3,0.0,5.0,863,5,1,Luxury (>$110K),13.85,241.3,Top,111619229.06,Mid (2019-2021)
Zeekr,Zeekr 009,2015,Lithium-Titanate,33.8,397,Dc Fast Charging (Dcfc),6.0,101271.08,Pearl White,Germany,3,0.0,3.0,18650,4,0,Premium ($80K–$110K),11.746,255.09,Top,1888705642.0,Early (2015-2018)
Ford,F-150 Lightning,2022,Lithium-Titanate,38.2,370,Solar Charging,5.9,116706.89,Candy Apple Red,Usa,1,0.0,5.0,5687,5,0,Luxury (>$110K),9.686,315.42,Top,663712083.43,Recent (2022-2025)
Mercedes-Benz,EQC,2021,Calcium-Ion,75.1,585,Vehicle-To-Home (V2H),6.9,129542.19,Matte Green,Turkey,1,0.0,3.0,17088,4,1,Luxury (>$110K),7.79,221.44,Top,2213616942.7200003,Mid (2019-2021)
Volkswagen,ID.Buzz,2018,Nickel-Cobalt-Aluminum,100.5,212,Plug-In Hydrogen Refueling,2.6,119519.49,Matte Gray,Ireland,5,0.0,5.0,13274,4,0,Luxury (>$110K),2.109,563.77,Low,1586501710.26,Early (2015-2018)
Mercedes-Benz,EQC,2020,Flow Batteries,75.1,238,Ccs,1.7,73524.2,Navy Blue,Mexico,3,0.0,3.0,6943,5,0,Mid ($50K–$80K),3.169,308.93,Medium,510478520.59999996,Mid (2019-2021)
Tesla,Model X,2018,Lead-Acid,46.2,575,Level 2 Charging,3.3,40204.72,Matte Green,Singapore,3,0.0,3.0,10308,3,1,Budget (<$50K),12.446,69.92,Top,414430253.76,Early (2015-2018)
Subaru,Solterra,2020,Magnesium-Ion,56.7,303,Inductive (Wireless) Charging,4.1,76876.96,Teal,Italy,0,0.0,5.0,3309,5,0,Mid ($50K–$80K),5.344,253.72,High,254385860.64000002,Mid (2019-2021)
Faraday Future,FF 91,2015,Zinc-Air,123.5,344,Level 2 Charging,3.8,48184.54,Sunset Orange,Uk,0,0.0,3.0,4615,5,0,Budget (<$50K),2.785,140.07,Medium,222371652.1,Early (2015-2018)
Mercedes-Benz,EQE SUV,2022,Magnesium-Ion,37.1,248,Overhead Pantograph Charging,7.7,142816.94,Silver,India,4,0.0,5.0,16302,3,0,Luxury (>$110K),6.685,575.87,High,2328201755.88,Recent (2022-2025)
Faraday Future,FF 91,2017,Magnesium-Ion,133.2,380,Dc Fast Charging (Dcfc),6.2,84576.94,Pearl White,Czech Republic,2,0.0,3.0,5871,5,0,Premium ($80K–$110K),2.853,222.57,Medium,496551214.74,Early (2015-2018)
Opel,Mokka-e,2019,Nickel-Manganese-Cobalt,147.2,490,Vehicle-To-Home (V2H),8.0,46853.67,Orange,Singapore,2,0.0,5.0,4226,4,1,Budget (<$50K),3.329,95.62,Medium,198003609.42,Mid (2019-2021)
Byd,Atto 3,2024,Sodium-Ion,68.6,449,Vehicle-To-Grid (V2G),6.3,61539.29,Sky Blue,Japan,5,0.0,5.0,18376,3,1,Mid ($50K–$80K),6.545,137.06,High,1130845993.04,Recent (2022-2025)
Ford,Mustang Mach-E,2019,Nickel-Cobalt-Aluminum,40.6,304,Dc Fast Charging (Dcfc),3.1,134899.07,Lime Green,Uk,3,0.0,4.0,3575,3,0,Luxury (>$110K),7.488,443.75,Top,482264175.25,Mid (2019-2021)
Porsche,Taycan,2021,Magnesium-Ion,76.3,305,Mobile Charging,1.2,71090.83,Gun Metal,Russia,5,0.0,3.0,17861,3,0,Mid ($50K–$80K),3.997,233.08,Medium,1269753314.63,Mid (2019-2021)
Great Wall Motors,ORA Good Cat,2025,Lithium-Iron Phosphate,61.6,116,Plug-In Hydrogen Refueling,1.2,127024.03,Burgundy,Vietnam,1,0.0,5.0,13858,4,0,Luxury (>$110K),1.883,1095.03,Low,1760299007.74,Recent (2022-2025)
Honda,Honda e (discontinued),2017,Solid-State,38.4,240,Plug-In Hydrogen Refueling,1.4,134853.11,Candy Apple Red,Indonesia,5,0.0,3.0,3029,4,0,Luxury (>$110K),6.25,561.89,High,408470070.18999994,Early (2015-2018)
Pininfarina,Battista,2017,Lithium-Iron Phosphate,65.4,314,Vehicle-To-Load (V2L),6.0,112659.66,Pearl White,Vietnam,5,0.0,5.0,19566,3,0,Luxury (>$110K),4.801,358.79,High,2204298907.56,Early (2015-2018)
Audi,A6 e-tron (upcoming),2024,Nickel-Metal Hydride,62.1,521,Mobile Charging,0.7,137580.13,Charcoal,Russia,0,0.0,4.0,17062,5,1,Luxury (>$110K),8.39,264.07,Top,2347392178.06,Recent (2022-2025)
Tesla,Model Y,2017,Flow Batteries,78.4,596,Ccs,0.9,119484.9,Metallic Silver,Indonesia,1,0.0,3.0,6263,5,1,Luxury (>$110K),7.602,200.48,Top,748333928.6999999,Early (2015-2018)
Ferrari,SF90 Stradale (PHEV),2020,Calcium-Ion,67.3,254,Solar Charging,6.3,134130.98,Ice Silver,Russia,3,0.0,5.0,13954,5,0,Luxury (>$110K),3.774,528.07,Medium,1871663694.92,Mid (2019-2021)
Citroen,ë-Spacetourer,2016,Aluminum-Ion,42.9,319,Overhead Pantograph Charging,2.5,101387.02,Matte White,Vietnam,5,0.0,4.0,3251,3,0,Premium ($80K–$110K),7.436,317.83,Top,329609202.02000004,Early (2015-2018)
Faraday Future,FF 91,2016,Flow Batteries,22.1,577,Vehicle-To-Grid (V2G),1.7,119993.24,Sapphire Blue,Saudi Arabia,3,0.0,3.0,9499,4,1,Luxury (>$110K),26.109,207.96,Top,1139815786.76,Early (2015-2018)
Rivian,R1T,2022,Lead-Acid,69.5,200,Vehicle-To-Load (V2L),11.4,72073.64,Burgundy,Australia,5,0.0,3.0,12276,3,0,Mid ($50K–$80K),2.878,360.37,Medium,884776004.64,Recent (2022-2025)
Mg,MG5 EV,2019,Aluminum-Ion,105.6,257,Vehicle-To-Grid (V2G),8.2,30498.91,Tan,Japan,3,0.0,5.0,19659,4,0,Budget (<$50K),2.434,118.67,Low,599578071.6899999,Mid (2019-2021)
Pininfarina,Battista,2024,Nickel-Cobalt-Aluminum,51.4,598,Plug-In Hydrogen Refueling,2.7,107332.12,Titanium,South Korea,4,0.0,4.0,5692,4,1,Premium ($80K–$110K),11.634,179.49,Top,610934427.04,Recent (2022-2025)
Rimac,Nevera,2021,Lithium-Iron Phosphate,32.9,510,Chademo,6.3,105772.93,Burgundy,Thailand,5,0.0,3.0,10564,3,1,Premium ($80K–$110K),15.502,207.4,Top,1117385232.52,Mid (2019-2021)
Hyundai,Kona Electric,2015,Nickel-Cobalt-Aluminum,21.5,494,Chademo,0.8,114909.11,Green,Singapore,5,0.0,5.0,11734,3,1,Luxury (>$110K),22.977,232.61,Top,1348343496.74,Early (2015-2018)
Polestar,Polestar 3,2019,Lithium-Iron Phosphate,89.6,225,Plug-In Hydrogen Refueling,9.4,109110.92,Bronze,Uk,5,0.0,3.0,3635,4,0,Premium ($80K–$110K),2.511,484.94,Low,396618194.2,Mid (2019-2021)
Cadillac,Lyriq,2016,Nickel-Metal Hydride,56.7,558,Nacs,1.6,89309.41,Turquoise,Switzerland,3,0.0,4.0,2500,3,1,Premium ($80K–$110K),9.841,160.05,Top,223273525.0,Early (2015-2018)
Skoda,Enyaq Coupe,2021,Aluminum-Ion,60.8,565,Vehicle-To-Home (V2H),9.8,51576.77,White,Norway,5,0.0,4.0,11233,4,1,Mid ($50K–$80K),9.293,91.29,Top,579361857.41,Mid (2019-2021)
Great Wall Motors,ORA Ballet Cat,2024,Lead-Acid,20.7,367,Battery Swapping,11.2,53141.43,Black,Saudi Arabia,3,0.0,4.0,3761,3,0,Mid ($50K–$80K),17.729,144.8,Top,199864918.23,Recent (2022-2025)
Nissan,Ariya,2017,Lithium-Iron Phosphate,30.8,454,Chademo,3.6,87788.98,Green,Brazil,5,0.0,4.0,14288,5,1,Premium ($80K–$110K),14.74,193.37,Top,1254328946.24,Early (2015-2018)
Xpeng,G6,2019,Nickel-Metal Hydride,45.7,533,Battery Swapping,11.6,42347.35,Burgundy,Israel,1,0.0,4.0,13885,5,1,Budget (<$50K),11.663,79.45,Top,587992954.75,Mid (2019-2021)
Peugeot,e-3008,2020,Zinc-Air,34.0,296,Vehicle-To-Grid (V2G),2.8,72349.86,Emerald Green,China,0,0.0,4.0,9616,5,0,Mid ($50K–$80K),8.706,244.43,Top,695716253.76,Mid (2019-2021)
Canoo,MPDV,2023,Sodium-Ion,71.8,158,Nacs,9.8,81526.42,Midnight Black,Brazil,1,0.0,4.0,4007,3,0,Premium ($80K–$110K),2.201,515.99,Low,326676364.94,Recent (2022-2025)
Rimac,Nevera,2020,Lithium-Iron Phosphate,80.5,507,Mobile Charging,10.8,97396.87,Beige,Czech Republic,4,0.0,5.0,19919,5,1,Premium ($80K–$110K),6.298,192.1,High,1940048253.53,Mid (2019-2021)
Audi,A6 e-tron (upcoming),2025,Nickel-Cobalt-Aluminum,108.7,322,Mobile Charging,9.9,53778.05,Blue,Russia,2,0.0,3.0,19707,4,0,Mid ($50K–$80K),2.962,167.01,Medium,1059804031.35,Recent (2022-2025)
Jeep,Recon (upcoming),2018,Zinc-Air,22.8,109,Level 1 Charging,11.0,64123.9,Titanium,Thailand,3,0.0,4.0,533,3,0,Mid ($50K–$80K),4.781,588.29,High,34178038.7,Early (2015-2018)
Great Wall Motors,ORA Good Cat,2021,Lithium-Titanate,59.1,262,Overhead Pantograph Charging,5.1,96774.02,Purple,Russia,3,0.0,4.0,3978,4,0,Premium ($80K–$110K),4.433,369.37,High,384967051.56,Mid (2019-2021)
Gmc,Hummer EV Pickup,2015,Lithium-Iron Phosphate,26.2,105,Chademo,1.7,68743.08,Ice Silver,Vietnam,0,0.0,4.0,17614,3,0,Mid ($50K–$80K),4.008,654.7,Medium,1210840611.1200001,Early (2015-2018)
Seat,Avenger,2019,Aluminum-Ion,122.0,156,Level 2 Charging,11.4,39005.06,Pink,Finland,3,0.0,3.0,19118,4,0,Budget (<$50K),1.279,250.03,Low,745698737.0799999,Mid (2019-2021)
Jaguar,I-PACE,2020,Calcium-Ion,39.2,399,Vehicle-To-Grid (V2G),7.8,110188.23,Matte Black,South Africa,3,0.0,4.0,15817,3,0,Luxury (>$110K),10.179,276.16,Top,1742847233.9099998,Mid (2019-2021)
Hyundai,Ioniq 6,2019,Lithium-Titanate,30.8,385,Ultra-Fast Charging (350 Kw+),8.1,118232.19,Electric Blue,China,3,0.0,5.0,7082,4,0,Luxury (>$110K),12.5,307.1,Top,837320369.58,Mid (2019-2021)
Canoo,Pickup,2018,Nickel-Manganese-Cobalt,33.6,206,Mobile Charging,9.2,67419.05,Sunset Orange,Sweden,0,0.0,4.0,12634,4,0,Mid ($50K–$80K),6.131,327.28,High,851772277.7,Early (2015-2018)
Gmc,Hummer EV Pickup,2021,Lithium-Iron Phosphate,28.9,316,Nacs,8.4,144179.35,Matte Green,France,3,0.0,3.0,543,4,0,Luxury (>$110K),10.934,456.26,Top,78289387.05,Mid (2019-2021)
Porsche,Panamera EV,2015,Nickel-Manganese-Cobalt,106.0,331,Overhead Pantograph Charging,3.6,141231.33,Green,Brazil,1,0.0,4.0,1741,4,0,Luxury (>$110K),3.123,426.68,Medium,245883745.52999997,Early (2015-2018)
Toyota,Lexus RZ,2016,Lithium-Ion,104.3,474,Vehicle-To-Grid (V2G),2.7,52733.96,Midnight Black,Ireland,4,0.0,5.0,1634,5,1,Mid ($50K–$80K),4.545,111.25,High,86167290.64,Early (2015-2018)
Polestar,Polestar 2,2018,Solid-State,26.9,118,Battery Swapping,3.2,93855.81,Bronze,Austria,5,0.0,3.0,7205,5,0,Premium ($80K–$110K),4.387,795.39,High,676231111.05,Early (2015-2018)
Canoo,MPDV,2019,Nickel-Manganese-Cobalt,46.7,502,Inductive (Wireless) Charging,4.5,64559.11,Gun Metal,Czech Republic,0,0.0,5.0,15622,5,1,Mid ($50K–$80K),10.749,128.6,Top,1008542416.42,Mid (2019-2021)
Subaru,Solterra,2017,Sodium-Ion,108.6,185,Nacs,4.3,84625.96,White,New Zealand,0,0.0,3.0,5594,5,0,Premium ($80K–$110K),1.703,457.44,Low,473397620.24,Early (2015-2018)
Citroen,ë-C4,2024,Sodium-Ion,146.0,398,Level 1 Charging,6.1,59701.25,Orange,Japan,4,0.0,3.0,17212,5,0,Mid ($50K–$80K),2.726,150.0,Medium,1027577915.0,Recent (2022-2025)
Mercedes-Benz,EQE,2016,Solid-State,59.6,476,Mobile Charging,5.7,118177.8,Matte White,Spain,2,0.0,4.0,11554,4,1,Luxury (>$110K),7.987,248.27,Top,1365426301.2,Early (2015-2018)
Dacia,Bigster EV (upcoming),2023,Magnesium-Ion,106.3,542,Vehicle-To-Load (V2L),1.8,112294.1,Volcanic Yellow,Germany,3,0.0,3.0,11704,4,1,Luxury (>$110K),5.099,207.18,High,1314290146.4,Recent (2022-2025)
Nissan,Leaf,2024,Lithium-Titanate,110.5,320,Overhead Pantograph Charging,2.9,40712.88,Beige,France,5,0.0,4.0,17265,3,0,Budget (<$50K),2.896,127.23,Medium,702907873.1999999,Recent (2022-2025)
Honda,Honda e (discontinued),2020,Aluminum-Ion,63.1,401,Vehicle-To-Grid (V2G),11.4,63149.66,Metallic Silver,Japan,5,0.0,4.0,14910,5,1,Mid ($50K–$80K),6.355,157.48,High,941561430.6,Mid (2019-2021)
Vinfast,VF 8,2019,Solid-State,146.0,355,Chademo,5.9,48027.33,Copper,Finland,1,0.0,4.0,510,4,0,Budget (<$50K),2.432,135.29,Low,24493938.3,Mid (2019-2021)
Chevrolet,Bolt EUV,2019,Calcium-Ion,97.1,127,Vehicle-To-Load (V2L),4.0,81638.74,Lime Green,Usa,3,0.0,5.0,18374,3,0,Premium ($80K–$110K),1.308,642.82,Low,1500030208.76,Mid (2019-2021)
Hyundai,Ioniq 6,2017,Lithium-Titanate,45.6,399,Dc Fast Charging (Dcfc),3.8,33856.4,Teal,Belgium,5,0.0,3.0,8560,4,0,Budget (<$50K),8.75,84.85,Top,289810784.0,Early (2015-2018)
Cadillac,Celestiq,2017,Zinc-Air,76.7,548,Mobile Charging,9.8,46701.16,Navy Blue,Denmark,3,0.0,3.0,9743,5,1,Budget (<$50K),7.145,85.22,Top,455009401.88000005,Early (2015-2018)
Acura,ZDX (with GM Ultium),2023,Nickel-Metal Hydride,68.9,548,Vehicle-To-Grid (V2G),1.6,93188.57,Ice Silver,Hungary,5,0.0,4.0,15287,4,1,Premium ($80K–$110K),7.954,170.05,Top,1424573669.5900002,Recent (2022-2025)
Li Auto,MEGA,2015,Aluminum-Ion,92.7,590,Vehicle-To-Grid (V2G),1.5,46870.27,Magenta,Belgium,2,0.0,5.0,9612,3,1,Budget (<$50K),6.365,79.44,High,450517035.23999995,Early (2015-2018)
Citroen,ë-Spacetourer,2017,Nickel-Cobalt-Aluminum,107.1,336,Vehicle-To-Home (V2H),10.2,40159.09,Bronze,France,0,0.0,5.0,10856,3,0,Budget (<$50K),3.137,119.52,Medium,435967081.03999996,Early (2015-2018)
Jaguar,I-PACE,2018,Lead-Acid,38.7,479,Vehicle-To-Load (V2L),2.1,137406.28,Emerald Green,Sweden,2,0.0,4.0,6576,3,1,Luxury (>$110K),12.377,286.86,Top,903583697.28,Early (2015-2018)
Audi,e-tron,2017,Zinc-Air,134.4,366,Ccs,3.3,42432.84,Black,Turkey,0,0.0,4.0,6030,3,0,Budget (<$50K),2.723,115.94,Medium,255870025.2,Early (2015-2018)
Maserati,GranTurismo Folgore,2024,Flow Batteries,77.1,436,Ccs,5.5,106343.66,Midnight Black,Sweden,5,0.0,5.0,17913,3,1,Premium ($80K–$110K),5.655,243.91,High,1904933981.5800002,Recent (2022-2025)
Great Wall Motors,ORA Lightning Cat,2019,Lithium-Sulfur,106.8,591,Vehicle-To-Load (V2L),4.7,63021.76,Beige,France,3,0.0,3.0,18488,4,1,Mid ($50K–$80K),5.534,106.64,High,1165146298.88,Mid (2019-2021)
Tesla,Cybertruck,2019,Lithium-Ion,103.9,557,Vehicle-To-Home (V2H),1.0,138847.01,Gray,Australia,3,0.0,4.0,16404,5,1,Luxury (>$110K),5.361,249.28,High,2277646352.04,Mid (2019-2021)
Rivian,R1S,2023,Nickel-Cobalt-Aluminum,86.7,189,Chademo,4.5,116305.09,Pink,Australia,1,0.0,4.0,12908,3,0,Luxury (>$110K),2.18,615.37,Low,1501266101.72,Recent (2022-2025)
Genesis,G80 Electric,2021,Nickel-Manganese-Cobalt,98.8,192,Battery Swapping,2.0,68889.19,Matte Blue,Brazil,3,0.0,4.0,5215,3,0,Mid ($50K–$80K),1.943,358.8,Low,359257125.85,Mid (2019-2021)
Kia,Soul EV,2022,Aluminum-Ion,108.3,265,Ultra-Fast Charging (350 Kw+),11.8,127026.66,Volcanic Yellow,Belgium,3,0.0,4.0,13764,3,0,Luxury (>$110K),2.447,479.35,Low,1748394948.24,Recent (2022-2025)
Bmw,iX1,2019,Solid-State,24.9,483,Dc Fast Charging (Dcfc),5.6,74918.65,Emerald Green,Germany,2,0.0,3.0,18801,5,1,Mid ($50K–$80K),19.398,155.11,Top,1408545538.6499999,Mid (2019-2021)
Lucid Motors,Lucid Air,2019,Nickel-Manganese-Cobalt,76.9,246,Ultra-Fast Charging (350 Kw+),2.8,49450.75,Platinum,South Africa,1,0.0,4.0,3152,3,0,Budget (<$50K),3.199,201.02,Medium,155868764.0,Mid (2019-2021)
Chevrolet,Bolt EUV,2015,Sodium-Ion,120.7,390,Dc Fast Charging (Dcfc),4.4,111883.34,Volcanic Yellow,South Africa,1,0.0,4.0,11681,5,0,Luxury (>$110K),3.231,286.88,Medium,1306909294.54,Early (2015-2018)
Lamborghini,Revuelto (PHEV),2016,Nickel-Manganese-Cobalt,75.6,292,Dc Fast Charging (Dcfc),7.0,45263.09,Matte Black,Poland,3,0.0,4.0,17712,4,0,Budget (<$50K),3.862,155.01,Medium,801699850.0799999,Early (2015-2018)
Nissan,Leaf,2019,Aluminum-Ion,127.7,299,Overhead Pantograph Charging,1.3,134576.8,Copper,China,1,0.0,5.0,10231,4,0,Luxury (>$110K),2.341,450.09,Low,1376855240.8,Mid (2019-2021)
Gmc,Hummer EV Pickup,2023,Lithium-Titanate,135.9,398,Vehicle-To-Load (V2L),11.3,148192.07,Ruby Red,Germany,3,0.0,3.0,4564,3,0,Luxury (>$110K),2.929,372.34,Medium,676348607.48,Recent (2022-2025)
Lamborghini,Lanzador (upcoming EV),2025,Aluminum-Ion,134.2,220,Vehicle-To-Load (V2L),1.3,143759.71,Sapphire Blue,Japan,0,0.0,5.0,2640,5,0,Luxury (>$110K),1.639,653.45,Low,379525634.4,Recent (2022-2025)
Great Wall Motors,ORA Good Cat,2019,Lithium-Titanate,25.4,118,Vehicle-To-Load (V2L),6.3,108040.44,Brown,New Zealand,1,0.0,4.0,6428,5,0,Premium ($80K–$110K),4.646,915.6,High,694483948.32,Mid (2019-2021)
Cadillac,Celestiq,2025,Flow Batteries,115.9,382,Vehicle-To-Load (V2L),1.1,121881.78,Ice Silver,Italy,3,0.0,3.0,12049,4,0,Luxury (>$110K),3.296,319.06,Medium,1468553567.22,Recent (2022-2025)
Lucid Motors,Lucid Gravity,2021,Aluminum-Ion,27.5,218,Dc Fast Charging (Dcfc),7.3,57255.11,Racing Red,Saudi Arabia,0,0.0,3.0,2510,3,0,Mid ($50K–$80K),7.927,262.64,Top,143710326.1,Mid (2019-2021)
Volkswagen,ID.6,2017,Lithium-Sulfur,25.7,279,Ultra-Fast Charging (350 Kw+),12.0,45565.95,Cream,New Zealand,5,0.0,5.0,6745,4,0,Budget (<$50K),10.856,163.32,Top,307342332.75,Early (2015-2018)
Dacia,Bigster EV (upcoming),2018,Nickel-Manganese-Cobalt,112.7,582,Overhead Pantograph Charging,9.5,65122.01,Ruby Red,Belgium,2,0.0,3.0,1769,4,1,Mid ($50K–$80K),5.164,111.89,High,115200835.69,Early (2015-2018)
Li Auto,MEGA,2019,Solid-State,46.5,170,Ultra-Fast Charging (350 Kw+),4.0,96355.88,Orange,Argentina,1,0.0,4.0,14868,3,0,Premium ($80K–$110K),3.656,566.8,Medium,1432619223.8400002,Mid (2019-2021)
Nissan,Ariya,2015,Lithium-Sulfur,56.1,296,Solar Charging,10.0,40139.2,Bronze,Finland,0,0.0,3.0,7354,3,0,Budget (<$50K),5.276,135.61,High,295183676.79999995,Early (2015-2018)
Nio,ET9,2025,Nickel-Cobalt-Aluminum,89.2,438,Solar Charging,0.9,121559.56,Black,Ireland,2,0.0,5.0,7095,3,1,Luxury (>$110K),4.91,277.53,High,862465078.1999999,Recent (2022-2025)
Pininfarina,Battista,2021,Magnesium-Ion,114.8,476,Level 2 Charging,9.8,96395.3,Volcanic Yellow,Czech Republic,4,0.0,5.0,17003,4,1,Premium ($80K–$110K),4.146,202.51,High,1639009285.9,Mid (2019-2021)
Mercedes-Benz,EQS SUV,2022,Lithium-Titanate,149.0,221,Chademo,10.9,63684.02,Sky Blue,Portugal,3,0.0,4.0,18713,4,0,Mid ($50K–$80K),1.483,288.16,Low,1191719066.26,Recent (2022-2025)
Chevrolet,Equinox EV,2019,Sodium-Ion,54.9,228,Level 1 Charging,1.9,98212.93,Purple,Spain,3,0.0,4.0,1212,4,0,Premium ($80K–$110K),4.153,430.76,High,119034071.16,Mid (2019-2021)
Great Wall Motors,ORA Ballet Cat,2023,Lithium-Iron Phosphate,73.1,396,Dc Fast Charging (Dcfc),3.7,103239.42,Purple,China,2,0.0,4.0,4168,3,0,Premium ($80K–$110K),5.417,260.71,High,430301902.56,Recent (2022-2025)
Acura,ZDX (with GM Ultium),2017,Calcium-Ion,100.3,125,Ultra-Fast Charging (350 Kw+),1.8,34620.21,Sky Blue,Turkey,4,0.0,3.0,1992,5,0,Budget (<$50K),1.246,276.96,Low,68963458.32,Early (2015-2018)
Honda,Honda Prologue,2015,Flow Batteries,129.8,534,Overhead Pantograph Charging,6.7,35367.97,Forest Green,Brazil,3,0.0,3.0,7765,3,1,Budget (<$50K),4.114,66.23,High,274632287.05,Early (2015-2018)
Rimac,Nevera,2025,Nickel-Cobalt-Aluminum,29.3,318,Solar Charging,2.1,69184.87,Burgundy,Argentina,3,0.0,4.0,1020,3,0,Mid ($50K–$80K),10.853,217.56,Top,70568567.39999999,Recent (2022-2025)
Byd,Han EV,2019,Aluminum-Ion,39.5,402,Level 1 Charging,1.7,55377.56,Purple,Turkey,5,0.0,4.0,7040,4,1,Mid ($50K–$80K),10.177,137.76,Top,389858022.4,Mid (2019-2021)
Jeep,Wrangler 4xe (PHEV),2025,Lithium-Titanate,39.5,490,Dc Fast Charging (Dcfc),11.5,145035.02,Crimson Red,Singapore,4,0.0,5.0,3972,5,1,Luxury (>$110K),12.405,295.99,Top,576079099.4399999,Recent (2022-2025)
Faraday Future,FF 91,2024,Nickel-Manganese-Cobalt,105.7,366,Vehicle-To-Home (V2H),4.1,53402.83,Matte Green,Czech Republic,2,0.0,4.0,7565,4,0,Mid ($50K–$80K),3.463,145.91,Medium,403992408.95,Recent (2022-2025)
Rimac,Nevera,2018,Nickel-Manganese-Cobalt,115.3,550,Vehicle-To-Grid (V2G),4.7,72238.15,Graphite Gray,China,5,0.0,4.0,7528,5,1,Mid ($50K–$80K),4.77,131.34,High,543808793.1999999,Early (2015-2018)
Canoo,Lifestyle Vehicle,2023,Lithium-Iron Phosphate,120.9,308,Chademo,7.5,125502.71,Pink,Hungary,3,0.0,3.0,18874,4,0,Luxury (>$110K),2.548,407.48,Low,2368738148.54,Recent (2022-2025)
Acura,ZDX (with GM Ultium),2017,Aluminum-Ion,79.0,185,Ccs,5.3,121861.15,Cosmic Purple,New Zealand,1,0.0,3.0,5470,3,0,Luxury (>$110K),2.342,658.71,Low,666580490.5,Early (2015-2018)
Volkswagen,ID.7,2023,Aluminum-Ion,70.5,316,Overhead Pantograph Charging,2.0,113631.44,Forest Green,Czech Republic,3,0.0,5.0,19947,5,0,Luxury (>$110K),4.482,359.59,High,2266606333.68,Recent (2022-2025)
Kia,Soul EV,2016,Lithium-Titanate,139.7,586,Vehicle-To-Home (V2H),11.0,105699.84,Racing Red,Vietnam,3,0.0,5.0,19318,5,1,Premium ($80K–$110K),4.195,180.38,High,2041909509.12,Early (2015-2018)
Hyundai,Ioniq 5,2015,Zinc-Air,97.1,445,Vehicle-To-Home (V2H),4.9,82630.44,Graphite Gray,Israel,0,0.0,3.0,18485,5,1,Premium ($80K–$110K),4.583,185.69,High,1527423683.4,Early (2015-2018)
Lotus,Evija,2023,Calcium-Ion,140.6,246,Mobile Charging,4.9,120876.03,Charcoal,Japan,5,0.0,4.0,17011,4,0,Luxury (>$110K),1.75,491.37,Low,2056222146.33,Recent (2022-2025)
Ferrari,Ferrari EV (2025+),2020,Solid-State,65.2,184,Ccs,3.8,88396.29,Crimson Red,Netherlands,2,0.0,3.0,9130,3,0,Premium ($80K–$110K),2.822,480.41,Medium,807058127.6999999,Mid (2019-2021)
Kia,Niro EV,2023,Calcium-Ion,86.1,186,Level 1 Charging,7.4,34769.4,Matte White,Saudi Arabia,0,0.0,4.0,6656,4,0,Budget (<$50K),2.16,186.93,Low,231425126.4,Recent (2022-2025)
Ferrari,Roma PHEV,2022,Lead-Acid,36.4,332,Solar Charging,11.1,115950.11,Rose Gold,Canada,3,0.0,4.0,4483,4,0,Luxury (>$110K),9.121,349.25,Top,519804343.13,Recent (2022-2025)
Renault,Megane E-Tech,2020,Magnesium-Ion,30.3,506,Ultra-Fast Charging (350 Kw+),8.9,69253.89,Graphite Gray,Mexico,5,0.0,3.0,10315,3,1,Mid ($50K–$80K),16.7,136.87,Top,714353875.35,Mid (2019-2021)
Zeekr,Zeekr 001,2023,Sodium-Ion,44.8,385,Level 2 Charging,11.4,105274.21,Forest Green,Italy,1,0.0,3.0,15876,3,0,Premium ($80K–$110K),8.594,273.44,Top,1671333357.96,Recent (2022-2025)
Renault,Kangoo E-Tech,2019,Nickel-Metal Hydride,45.8,548,Dc Fast Charging (Dcfc),11.4,132858.82,Racing Red,Switzerland,3,0.0,3.0,5836,3,1,Luxury (>$110K),11.965,242.44,Top,775364073.5200001,Mid (2019-2021)
Li Auto,L9,2024,Nickel-Cobalt-Aluminum,102.0,220,Overhead Pantograph Charging,6.1,108832.92,Midnight Black,Poland,2,0.0,5.0,12851,5,0,Premium ($80K–$110K),2.157,494.7,Low,1398611854.92,Recent (2022-2025)
Fisker,Pear (upcoming),2019,Solid-State,48.5,593,Solar Charging,5.3,83660.75,Forest Green,Vietnam,3,0.0,3.0,11389,5,1,Premium ($80K–$110K),12.227,141.08,Top,952812281.75,Mid (2019-2021)
Xpeng,G6,2022,Calcium-Ion,124.6,350,Vehicle-To-Grid (V2G),8.4,33475.51,Bronze,Turkey,3,0.0,4.0,10407,4,0,Budget (<$50K),2.809,95.64,Medium,348379632.57,Recent (2022-2025)
Xpeng,P5,2021,Nickel-Cobalt-Aluminum,53.9,127,Battery Swapping,6.1,56273.78,Emerald Green,Japan,3,0.0,5.0,6756,5,0,Mid ($50K–$80K),2.356,443.1,Low,380185657.68,Mid (2019-2021)
Jaguar,I-PACE,2017,Zinc-Air,90.2,586,Level 1 Charging,9.7,40830.33,Cosmic Purple,Mexico,4,0.0,4.0,6896,4,1,Budget (<$50K),6.497,69.68,High,281565955.68,Early (2015-2018)
Maserati,Grecale Folgore,2017,Calcium-Ion,89.6,540,Ultra-Fast Charging (350 Kw+),3.8,49368.5,Turquoise,Mexico,4,0.0,3.0,656,5,1,Budget (<$50K),6.027,91.42,High,32385736.0,Early (2015-2018)
Kia,EV9,2022,Lithium-Ion,40.4,254,Level 1 Charging,3.1,122689.4,Forest Green,Japan,0,0.0,4.0,4298,5,0,Luxury (>$110K),6.287,483.03,High,527319041.2,Recent (2022-2025)
Toyota,bZ4X,2016,Solid-State,85.6,460,Vehicle-To-Grid (V2G),0.7,119118.24,Matte White,Ireland,0,0.0,3.0,19847,4,1,Luxury (>$110K),5.374,258.95,High,2364139709.28,Early (2015-2018)
Vinfast,VF 8,2021,Lead-Acid,116.7,254,Battery Swapping,5.8,41961.51,Ruby Red,Singapore,2,0.0,4.0,18382,4,0,Budget (<$50K),2.177,165.2,Low,771336476.82,Mid (2019-2021)
Great Wall Motors,ORA Lightning Cat,2023,Lead-Acid,51.8,108,Vehicle-To-Load (V2L),8.9,144174.89,Stealth Gray,Saudi Arabia,3,0.0,4.0,7605,4,0,Luxury (>$110K),2.085,1334.95,Low,1096450038.45,Recent (2022-2025)
Byd,Dolphin,2024,Solid-State,103.6,270,Chademo,9.8,147098.09,Yellow,United Arab Emirates,3,0.0,4.0,13211,5,0,Luxury (>$110K),2.606,544.81,Medium,1943312866.99,Recent (2022-2025)
Great Wall Motors,ORA Ballet Cat,2024,Magnesium-Ion,50.2,492,Vehicle-To-Load (V2L),3.4,67374.59,Pink,Sweden,3,0.0,3.0,8786,5,1,Mid ($50K–$80K),9.801,136.94,Top,591953147.74,Recent (2022-2025)
Rivian,EDV (Electric Delivery Van),2022,Lead-Acid,85.0,591,Ultra-Fast Charging (350 Kw+),4.2,115064.18,Graphite Gray,United Arab Emirates,5,0.0,5.0,2539,4,1,Luxury (>$110K),6.953,194.69,Top,292147953.02,Recent (2022-2025)
Volkswagen,ID.2all,2015,Nickel-Metal Hydride,87.6,162,Nacs,2.8,134369.9,Orange,Japan,3,0.0,4.0,4583,5,0,Luxury (>$110K),1.849,829.44,Low,615817251.6999999,Early (2015-2018)
Lamborghini,Lanzador (upcoming EV),2021,Lithium-Ion,58.6,322,Solar Charging,8.8,135627.14,Bronze,South Africa,2,0.0,4.0,17145,5,0,Luxury (>$110K),5.495,421.2,High,2325327315.3,Mid (2019-2021)
Rivian,EDV (Electric Delivery Van),2020,Lead-Acid,98.6,341,Vehicle-To-Home (V2H),2.9,69621.26,Racing Red,Italy,5,0.0,4.0,13641,3,0,Mid ($50K–$80K),3.458,204.17,Medium,949703607.66,Mid (2019-2021)
Ford,Explorer EV (Europe),2016,Lithium-Ion,60.5,196,Inductive (Wireless) Charging,8.5,94527.78,Pink,France,3,0.0,4.0,18322,3,0,Premium ($80K–$110K),3.24,482.28,Medium,1731937985.16,Early (2015-2018)
Fisker,Ocean,2018,Lithium-Sulfur,56.9,566,Vehicle-To-Grid (V2G),7.2,66690.04,Sapphire Blue,Thailand,4,0.0,3.0,19419,3,1,Mid ($50K–$80K),9.947,117.83,Top,1295053886.76,Early (2015-2018)
Kia,Niro EV,2019,Nickel-Metal Hydride,54.2,152,Chademo,9.7,100478.05,Navy Blue,India,4,0.0,5.0,15512,3,0,Premium ($80K–$110K),2.804,661.04,Medium,1558615511.6000001,Mid (2019-2021)
Mercedes-Benz,EQC,2018,Lithium-Iron Phosphate,31.9,511,Chademo,2.1,87055.68,White,Hungary,3,0.0,4.0,13939,5,1,Premium ($80K–$110K),16.019,170.36,Top,1213469123.52,Early (2015-2018)
Great Wall Motors,ORA Lightning Cat,2019,Lead-Acid,118.8,223,Plug-In Hydrogen Refueling,4.8,76263.58,Aurora Blue,Brazil,4,0.0,4.0,19837,3,0,Mid ($50K–$80K),1.877,341.99,Low,1512840636.46,Mid (2019-2021)
Mercedes-Benz,EQA,2017,Calcium-Ion,76.8,326,Vehicle-To-Load (V2L),8.5,60064.68,Orange,United Arab Emirates,5,0.0,4.0,11982,4,0,Mid ($50K–$80K),4.245,184.25,High,719694995.76,Early (2015-2018)
Opel,Grandland Electric,2020,Lithium-Titanate,75.1,415,Inductive (Wireless) Charging,4.9,51480.67,Racing Red,Usa,2,0.0,4.0,10170,4,1,Mid ($50K–$80K),5.526,124.05,High,523558413.9,Mid (2019-2021)
Kia,EV6,2019,Lead-Acid,139.8,410,Battery Swapping,0.9,62994.17,Aurora Blue,Thailand,3,0.0,5.0,1875,5,1,Mid ($50K–$80K),2.933,153.64,Medium,118114068.75,Mid (2019-2021)
Canoo,Lifestyle Vehicle,2022,Zinc-Air,102.2,351,Nacs,5.9,134992.42,Stealth Gray,Saudi Arabia,0,0.0,5.0,5019,5,0,Luxury (>$110K),3.434,384.59,Medium,677526955.98,Recent (2022-2025)
Peugeot,e-2008,2017,Solid-State,74.5,533,Ccs,1.1,106497.38,Blue,Hungary,3,0.0,3.0,546,4,1,Premium ($80K–$110K),7.154,199.81,Top,58147569.480000004,Early (2015-2018)
Skoda,Enyaq Coupe,2017,Aluminum-Ion,148.2,469,Overhead Pantograph Charging,6.4,142865.42,Cream,Indonesia,5,0.0,5.0,4833,5,1,Luxury (>$110K),3.165,304.62,Medium,690468574.86,Early (2015-2018)
Toyota,bZ4X,2017,Nickel-Manganese-Cobalt,25.8,411,Inductive (Wireless) Charging,8.4,79110.18,Emerald Green,Usa,4,0.0,5.0,2821,5,1,Mid ($50K–$80K),15.93,192.48,Top,223169817.77999997,Early (2015-2018)
Changan,SL03,2016,Aluminum-Ion,31.8,473,Dc Fast Charging (Dcfc),2.6,100937.82,Black,Netherlands,1,0.0,5.0,8084,4,1,Premium ($80K–$110K),14.874,213.4,Top,815981336.8800001,Early (2015-2018)
Skoda,Elroq (upcoming),2018,Lithium-Titanate,118.3,167,Solar Charging,1.1,114709.68,Midnight Black,Portugal,3,0.0,3.0,8939,3,0,Luxury (>$110K),1.412,686.88,Low,1025389829.52,Early (2015-2018)
Porsche,Panamera EV,2019,Lithium-Titanate,77.1,147,Vehicle-To-Load (V2L),4.6,73633.58,Navy Blue,South Africa,5,0.0,5.0,12637,3,0,Mid ($50K–$80K),1.907,500.91,Low,930507550.46,Mid (2019-2021)
Maserati,Grecale Folgore,2021,Sodium-Ion,104.0,449,Solar Charging,2.9,113958.46,Graphite Gray,United Arab Emirates,2,0.0,4.0,7151,4,1,Luxury (>$110K),4.317,253.81,High,814916947.46,Mid (2019-2021)
Honda,e:Ny1,2016,Lead-Acid,105.6,195,Vehicle-To-Load (V2L),2.1,100418.49,Turquoise,Singapore,4,0.0,3.0,11759,3,0,Premium ($80K–$110K),1.847,514.97,Low,1180821023.91,Early (2015-2018)
Mercedes-Benz,EQS SUV,2022,Sodium-Ion,63.8,562,Ccs,2.7,72960.54,Pearl White,Australia,0,0.0,5.0,18873,5,1,Mid ($50K–$80K),8.809,129.82,Top,1376984271.4199998,Recent (2022-2025)
Zeekr,Zeekr 007,2022,Calcium-Ion,51.7,470,Overhead Pantograph Charging,7.4,87906.91,Cream,Poland,3,0.0,5.0,3534,4,1,Premium ($80K–$110K),9.091,187.04,Top,310663019.94,Recent (2022-2025)
Zeekr,Zeekr 009,2024,Nickel-Cobalt-Aluminum,97.1,183,Nacs,11.1,136391.43,Ice Silver,South Africa,4,0.0,4.0,1762,3,0,Luxury (>$110K),1.885,745.31,Low,240321699.66,Recent (2022-2025)
Subaru,Solterra,2020,Nickel-Manganese-Cobalt,71.5,335,Level 1 Charging,8.1,54048.78,Midnight Black,Poland,1,0.0,3.0,8019,3,0,Mid ($50K–$80K),4.685,161.34,High,433417166.82,Mid (2019-2021)
Skoda,Elroq (upcoming),2020,Lithium-Ion,82.1,276,Ccs,5.9,112414.37,Ice Silver,Switzerland,5,0.0,3.0,3139,4,0,Luxury (>$110K),3.362,407.3,Medium,352868707.43,Mid (2019-2021)
Volkswagen,ID.5,2017,Nickel-Cobalt-Aluminum,120.5,559,Solar Charging,9.9,117644.65,Brown,Ireland,0,0.0,5.0,881,3,1,Luxury (>$110K),4.639,210.46,High,103644936.64999999,Early (2015-2018)
Cadillac,Lyriq,2018,Sodium-Ion,67.1,356,Level 1 Charging,7.5,120202.14,Red,Austria,3,0.0,4.0,3042,4,0,Luxury (>$110K),5.306,337.65,High,365654909.88,Early (2015-2018)
Nio,ET9,2021,Nickel-Metal Hydride,57.0,298,Vehicle-To-Load (V2L),0.9,145021.53,Tan,Norway,5,0.0,3.0,11347,5,0,Luxury (>$110K),5.228,486.65,High,1645559300.91,Mid (2019-2021)
Renault,Megane E-Tech,2025,Calcium-Ion,72.6,513,Level 1 Charging,2.4,45448.74,Graphite Gray,India,0,0.0,4.0,13843,3,1,Budget (<$50K),7.066,88.59,Top,629146907.8199999,Recent (2022-2025)
Subaru,Solterra,2019,Lithium-Titanate,102.4,409,Vehicle-To-Home (V2H),6.3,123720.42,Cosmic Purple,Mexico,2,0.0,4.0,17423,4,1,Luxury (>$110K),3.994,302.49,Medium,2155580877.66,Mid (2019-2021)
Skoda,Enyaq,2017,Lithium-Ion,63.8,578,Battery Swapping,2.8,127540.21,Volcanic Yellow,Australia,3,0.0,4.0,15081,4,1,Luxury (>$110K),9.06,220.66,Top,1923433907.01,Early (2015-2018)
Bmw,iX1,2025,Sodium-Ion,52.8,272,Solar Charging,9.3,32823.64,Bronze,Norway,3,0.0,5.0,1167,5,0,Budget (<$50K),5.152,120.68,High,38305187.88,Recent (2022-2025)
Jaguar,I-PACE,2015,Lead-Acid,116.0,227,Nacs,1.5,41348.71,Volcanic Yellow,Sweden,3,0.0,4.0,7998,5,0,Budget (<$50K),1.957,182.15,Low,330706982.58,Early (2015-2018)
Canoo,MPDV,2024,Nickel-Manganese-Cobalt,25.3,267,Overhead Pantograph Charging,0.9,103122.42,Volcanic Yellow,France,5,0.0,5.0,9895,4,0,Premium ($80K–$110K),10.553,386.23,Top,1020396345.9,Recent (2022-2025)
Xpeng,P7,2017,Lithium-Titanate,53.4,434,Dc Fast Charging (Dcfc),10.1,82012.23,Orange,Denmark,2,0.0,3.0,1600,4,1,Premium ($80K–$110K),8.127,188.97,Top,131219568.0,Early (2015-2018)
Ferrari,Roma PHEV,2018,Magnesium-Ion,141.6,240,Nacs,3.7,110572.76,Gun Metal,Thailand,5,0.0,4.0,6787,3,0,Luxury (>$110K),1.695,460.72,Low,750457322.12,Early (2015-2018)
Vinfast,VF 9,2025,Nickel-Metal Hydride,55.7,336,Mobile Charging,1.6,56978.97,Cosmic Purple,Hungary,4,0.0,4.0,19264,4,0,Mid ($50K–$80K),6.032,169.58,High,1097642878.08,Recent (2022-2025)
Acura,ZDX (with GM Ultium),2023,Nickel-Cobalt-Aluminum,81.8,385,Level 1 Charging,4.4,68357.14,Platinum,Malaysia,5,0.0,3.0,12781,4,0,Mid ($50K–$80K),4.707,177.55,High,873672606.34,Recent (2022-2025)
Xpeng,P7,2025,Calcium-Ion,94.3,140,Vehicle-To-Load (V2L),7.0,71435.9,Electric Blue,South Africa,2,0.0,4.0,968,3,0,Mid ($50K–$80K),1.485,510.26,Low,69149951.19999999,Recent (2022-2025)
Gmc,Hummer EV Pickup,2024,Sodium-Ion,93.4,312,Level 1 Charging,9.1,64066.52,Racing Red,Russia,3,0.0,5.0,4046,3,0,Mid ($50K–$80K),3.34,205.34,Medium,259213139.92,Recent (2022-2025)
Xpeng,G6,2018,Solid-State,94.2,191,Nacs,9.3,148125.93,Cream,United Arab Emirates,1,0.0,4.0,11900,5,0,Luxury (>$110K),2.028,775.53,Low,1762698567.0,Early (2015-2018)
Kia,EV6,2023,Lead-Acid,89.2,215,Plug-In Hydrogen Refueling,6.2,85669.67,Platinum,Malaysia,1,0.0,4.0,10946,4,0,Premium ($80K–$110K),2.41,398.46,Low,937740207.8199999,Recent (2022-2025)
Genesis,GV70 Electric,2025,Aluminum-Ion,32.8,397,Vehicle-To-Grid (V2G),11.7,79235.26,Emerald Green,Germany,1,0.0,3.0,19646,5,0,Mid ($50K–$80K),12.104,199.59,Top,1556655917.9599998,Recent (2022-2025)
Renault,Kangoo E-Tech,2015,Sodium-Ion,99.3,185,Vehicle-To-Load (V2L),8.4,144221.53,Black,Ireland,5,0.0,3.0,5288,4,0,Luxury (>$110K),1.863,779.58,Low,762643450.64,Early (2015-2018)
Byd,Seagull,2018,Nickel-Metal Hydride,81.4,464,Inductive (Wireless) Charging,4.2,65157.83,Black,Switzerland,3,0.0,3.0,5795,4,1,Mid ($50K–$80K),5.7,140.43,High,377589624.85,Early (2015-2018)
Mg,MG ZS EV,2024,Calcium-Ion,63.1,571,Nacs,3.3,116645.55,Red,Usa,5,0.0,4.0,12626,3,1,Luxury (>$110K),9.049,204.28,Top,1472766714.3,Recent (2022-2025)
Vinfast,VF 9,2019,Aluminum-Ion,113.1,161,Level 1 Charging,5.5,129330.46,Blue,Czech Republic,5,0.0,5.0,16762,5,0,Luxury (>$110K),1.424,803.29,Low,2167837170.52,Mid (2019-2021)
Genesis,G80 Electric,2021,Magnesium-Ion,36.1,174,Battery Swapping,9.2,99577.44,Burgundy,Canada,2,0.0,3.0,15813,3,0,Premium ($80K–$110K),4.82,572.28,High,1574618058.72,Mid (2019-2021)
Honda,e:Ny1,2020,Flow Batteries,110.2,334,Vehicle-To-Load (V2L),9.2,120837.67,Pink,Czech Republic,2,0.0,5.0,9020,5,0,Luxury (>$110K),3.031,361.79,Medium,1089955783.4,Mid (2019-2021)
Chevrolet,Bolt EUV,2017,Lead-Acid,57.5,213,Overhead Pantograph Charging,7.0,115656.38,Magenta,Netherlands,2,0.0,4.0,5060,5,0,Luxury (>$110K),3.704,542.99,Medium,585221282.8000001,Early (2015-2018)
Faraday Future,FF 91,2017,Zinc-Air,58.0,296,Battery Swapping,7.8,33360.56,Electric Blue,Israel,4,0.0,5.0,16935,4,0,Budget (<$50K),5.103,112.7,High,564961083.5999999,Early (2015-2018)
Great Wall Motors,ORA Ballet Cat,2017,Sodium-Ion,103.7,400,Mobile Charging,6.5,75357.45,Champagne,Netherlands,3,0.0,3.0,2121,4,1,Mid ($50K–$80K),3.857,188.39,Medium,159833151.45,Early (2015-2018)
Volvo,EX30,2018,Lithium-Iron Phosphate,39.5,411,Ccs,8.0,72780.18,Sunset Orange,Singapore,0,0.0,5.0,7483,5,1,Mid ($50K–$80K),10.405,177.08,Top,544614086.9399999,Early (2015-2018)
Lucid Motors,Lucid Gravity,2025,Lithium-Ion,71.8,150,Mobile Charging,6.3,62576.83,Matte White,Saudi Arabia,0,0.0,3.0,8390,5,0,Mid ($50K–$80K),2.089,417.18,Low,525019603.7,Recent (2022-2025)
Porsche,Macan EV,2018,Lithium-Titanate,113.3,190,Level 2 Charging,11.8,61891.6,Bronze,Uk,5,0.0,4.0,4343,5,0,Mid ($50K–$80K),1.677,325.75,Low,268795218.8,Early (2015-2018)
Subaru,Solterra,2018,Lithium-Iron Phosphate,51.7,489,Vehicle-To-Load (V2L),5.8,94432.04,Burgundy,South Korea,5,0.0,4.0,2732,4,1,Premium ($80K–$110K),9.458,193.11,Top,257988333.27999997,Early (2015-2018)
Lucid Motors,Lucid Air,2023,Zinc-Air,47.9,349,Solar Charging,7.0,99805.63,Orange,Malaysia,1,0.0,4.0,16,4,0,Premium ($80K–$110K),7.286,285.98,Top,1596890.08,Recent (2022-2025)
Citroen,ë-Spacetourer,2024,Lithium-Sulfur,84.0,190,Mobile Charging,6.3,91704.03,Ruby Red,Poland,4,0.0,5.0,16484,4,0,Premium ($80K–$110K),2.262,482.65,Low,1511649230.52,Recent (2022-2025)
Acura,ZDX (with GM Ultium),2016,Magnesium-Ion,142.9,349,Level 1 Charging,4.2,146922.53,Aurora Blue,Russia,0,0.0,3.0,14522,4,0,Luxury (>$110K),2.442,420.98,Low,2133608980.66,Early (2015-2018)
Acura,ZDX (with GM Ultium),2018,Magnesium-Ion,34.1,218,Inductive (Wireless) Charging,4.0,66646.06,Navy Blue,South Africa,5,0.0,5.0,5065,4,0,Mid ($50K–$80K),6.393,305.72,High,337562293.9,Early (2015-2018)
Mercedes-Benz,EQB,2021,Magnesium-Ion,42.3,180,Nacs,4.2,91975.96,Aurora Blue,Ireland,5,0.0,4.0,9948,4,0,Premium ($80K–$110K),4.255,510.98,High,914976850.08,Mid (2019-2021)
Ford,E-Transit,2020,Lithium-Titanate,66.0,481,Mobile Charging,5.7,81035.75,Cream,Indonesia,3,0.0,4.0,13395,4,1,Premium ($80K–$110K),7.288,168.47,Top,1085473871.25,Mid (2019-2021)
Genesis,GV70 Electric,2022,Magnesium-Ion,55.6,519,Inductive (Wireless) Charging,2.9,116000.72,Copper,Argentina,3,0.0,5.0,18349,5,1,Luxury (>$110K),9.335,223.51,Top,2128497211.28,Recent (2022-2025)
Lucid Motors,Lucid Air,2024,Lead-Acid,77.2,240,Ccs,1.4,49250.15,Volcanic Yellow,New Zealand,4,0.0,3.0,12781,5,0,Budget (<$50K),3.109,205.21,Medium,629466167.15,Recent (2022-2025)
Dacia,Bigster EV (upcoming),2018,Lithium-Sulfur,148.3,400,Plug-In Hydrogen Refueling,1.2,36733.75,Pink,Portugal,3,0.0,3.0,2424,4,1,Budget (<$50K),2.697,91.83,Medium,89042610.0,Early (2015-2018)
Opel,Grandland Electric,2021,Calcium-Ion,39.7,177,Solar Charging,7.1,97420.37,Candy Apple Red,Belgium,4,0.0,5.0,9549,5,0,Premium ($80K–$110K),4.458,550.4,High,930267113.13,Mid (2019-2021)
Nissan,Leaf,2016,Calcium-Ion,122.2,464,Mobile Charging,11.5,73347.55,Navy Blue,Malaysia,1,0.0,4.0,11868,4,1,Mid ($50K–$80K),3.797,158.08,Medium,870488723.4,Early (2015-2018)
Lucid Motors,Lucid DreamDrive,2019,Lithium-Sulfur,98.5,577,Level 1 Charging,2.1,107068.83,Brown,Thailand,0,0.0,4.0,16785,4,1,Premium ($80K–$110K),5.858,185.56,High,1797150311.55,Mid (2019-2021)
Nissan,Ariya,2015,Lead-Acid,133.5,267,Vehicle-To-Load (V2L),3.8,70050.31,Red,China,4,0.0,5.0,2874,5,0,Mid ($50K–$80K),2.0,262.36,Low,201324590.94,Early (2015-2018)
Changan,Q05,2025,Lithium-Iron Phosphate,117.7,492,Vehicle-To-Grid (V2G),9.9,85885.82,Racing Red,Sweden,0,0.0,4.0,17292,5,1,Premium ($80K–$110K),4.18,174.56,High,1485137599.44,Recent (2022-2025)
Peugeot,e-5008,2015,Nickel-Cobalt-Aluminum,94.7,103,Plug-In Hydrogen Refueling,0.7,57027.59,Brown,Sweden,1,0.0,5.0,14999,5,0,Mid ($50K–$80K),1.088,553.67,Low,855356822.41,Early (2015-2018)
Mini,Mini Electric,2024,Aluminum-Ion,66.1,550,Chademo,2.7,47794.06,Magenta,Norway,3,0.0,3.0,4172,5,1,Budget (<$50K),8.321,86.9,Top,199396818.32,Recent (2022-2025)
Fisker,Ocean,2020,Calcium-Ion,61.0,217,Inductive (Wireless) Charging,2.8,49594.67,Bronze,Austria,1,0.0,4.0,14406,3,0,Budget (<$50K),3.557,228.55,Medium,714460816.02,Mid (2019-2021)
Nio,ET5,2022,Calcium-Ion,116.7,478,Inductive (Wireless) Charging,4.9,83617.49,Cream,Denmark,3,0.0,3.0,16603,5,1,Premium ($80K–$110K),4.096,174.93,High,1388301186.47,Recent (2022-2025)
Renault,Megane E-Tech,2017,Magnesium-Ion,47.3,581,Vehicle-To-Load (V2L),9.0,73006.84,Purple,Indonesia,0,0.0,4.0,16670,3,1,Mid ($50K–$80K),12.283,125.66,Top,1217024022.8,Early (2015-2018)
Changan,SL03,2015,Nickel-Cobalt-Aluminum,124.4,304,Ccs,4.6,143487.81,Titanium,China,5,0.0,3.0,12769,4,0,Luxury (>$110K),2.444,472.0,Low,1832195845.8899999,Early (2015-2018)
Nissan,Ariya,2025,Aluminum-Ion,62.0,172,Ultra-Fast Charging (350 Kw+),2.5,31112.87,Matte Black,Sweden,3,0.0,4.0,19536,3,0,Budget (<$50K),2.774,180.89,Medium,607821028.3199999,Recent (2022-2025)
Peugeot,e-3008,2020,Zinc-Air,73.9,180,Vehicle-To-Grid (V2G),2.5,142354.99,Charcoal,Norway,0,0.0,4.0,6687,4,0,Luxury (>$110K),2.436,790.86,Low,951927818.13,Mid (2019-2021)
Xpeng,G9,2019,Zinc-Air,61.7,501,Level 1 Charging,4.3,136658.45,Silver,Sweden,0,0.0,5.0,17209,3,1,Luxury (>$110K),8.12,272.77,Top,2351755266.05,Mid (2019-2021)
Mercedes-Benz,EQS,2015,Sodium-Ion,136.6,147,Vehicle-To-Grid (V2G),11.9,43489.27,Aurora Blue,Australia,4,0.0,5.0,23,4,0,Budget (<$50K),1.076,295.85,Low,1000253.21,Early (2015-2018)
Great Wall Motors,ORA Lightning Cat,2019,Nickel-Metal Hydride,62.0,376,Overhead Pantograph Charging,11.5,110211.83,Yellow,New Zealand,4,0.0,3.0,4672,3,0,Luxury (>$110K),6.065,293.12,High,514909669.76,Mid (2019-2021)
Mini,Mini Electric,2016,Lithium-Titanate,72.5,554,Ccs,3.4,60080.48,Volcanic Yellow,Poland,3,0.0,5.0,8740,3,1,Mid ($50K–$80K),7.641,108.45,Top,525103395.20000005,Early (2015-2018)
Rimac,Nevera,2020,Flow Batteries,38.9,477,Level 2 Charging,9.1,125972.57,Emerald Green,South Korea,1,0.0,3.0,5304,4,1,Luxury (>$110K),12.262,264.09,Top,668158511.2800001,Mid (2019-2021)
Rimac,Nevera,2024,Nickel-Manganese-Cobalt,82.9,276,Inductive (Wireless) Charging,7.7,128038.74,Matte Green,Thailand,1,0.0,4.0,3860,5,0,Luxury (>$110K),3.329,463.91,Medium,494229536.40000004,Recent (2022-2025)
Toyota,Lexus UX 300e,2023,Aluminum-Ion,63.9,556,Nacs,3.4,126838.62,Champagne,United Arab Emirates,0,0.0,5.0,8613,3,1,Luxury (>$110K),8.701,228.13,Top,1092461034.06,Recent (2022-2025)
Vinfast,VF 8,2021,Flow Batteries,23.3,378,Chademo,1.6,147010.55,Titanium,Canada,3,0.0,4.0,10060,4,0,Luxury (>$110K),16.223,388.92,Top,1478926133.0,Mid (2019-2021)
Zeekr,Zeekr 001,2023,Nickel-Metal Hydride,71.7,581,Inductive (Wireless) Charging,2.1,111668.92,Navy Blue,Germany,5,0.0,3.0,18444,5,1,Luxury (>$110K),8.103,192.2,Top,2059621560.48,Recent (2022-2025)
Lotus,Eletre,2023,Sodium-Ion,90.1,455,Nacs,4.8,42016.57,Pearl White,Finland,5,0.0,5.0,13894,3,1,Budget (<$50K),5.05,92.34,High,583778223.58,Recent (2022-2025)
Toyota,bZ4X,2021,Lithium-Sulfur,70.7,367,Vehicle-To-Grid (V2G),10.8,86160.5,Gray,Poland,3,0.0,4.0,6840,5,0,Premium ($80K–$110K),5.191,234.77,High,589337820.0,Mid (2019-2021)
Gmc,Hummer EV Pickup,2015,Magnesium-Ion,73.3,173,Vehicle-To-Load (V2L),10.0,121751.15,Cobalt Blue,Belgium,1,0.0,3.0,8145,4,0,Luxury (>$110K),2.36,703.76,Low,991663116.75,Early (2015-2018)
Audi,e-tron GT,2019,Nickel-Metal Hydride,136.0,163,Chademo,2.9,47089.01,Bronze,Hungary,3,0.0,3.0,19609,4,0,Budget (<$50K),1.199,288.89,Low,923368397.09,Mid (2019-2021)
Volvo,EX90,2019,Calcium-Ion,36.2,480,Vehicle-To-Home (V2H),2.3,135627.23,Stealth Gray,Mexico,0,0.0,3.0,15287,4,1,Luxury (>$110K),13.26,282.56,Top,2073333465.0100002,Mid (2019-2021)
Jeep,Grand Cherokee 4xe (PHEV),2022,Magnesium-Ion,57.8,367,Ccs,1.5,117811.12,Gun Metal,Argentina,5,0.0,4.0,13817,3,0,Luxury (>$110K),6.349,321.01,High,1627796245.04,Recent (2022-2025)
Acura,ZDX (with GM Ultium),2019,Calcium-Ion,114.1,241,Battery Swapping,7.9,69459.56,Lime Green,Spain,0,0.0,4.0,7954,5,0,Mid ($50K–$80K),2.112,288.21,Low,552481340.24,Mid (2019-2021)
Mahindra,XUV400,2024,Nickel-Cobalt-Aluminum,106.5,153,Vehicle-To-Load (V2L),6.9,130489.44,Beige,Ireland,5,0.0,5.0,3230,5,0,Luxury (>$110K),1.437,852.87,Low,421480891.2,Recent (2022-2025)
Kia,Soul EV,2018,Sodium-Ion,95.4,463,Vehicle-To-Grid (V2G),9.9,116194.68,Silver,Brazil,3,0.0,5.0,1221,4,1,Luxury (>$110K),4.853,250.96,High,141873704.28,Early (2015-2018)
Canoo,MPDV,2021,Flow Batteries,138.1,210,Nacs,0.8,143513.97,Yellow,Czech Republic,0,0.0,4.0,11750,5,0,Luxury (>$110K),1.521,683.4,Low,1686289147.5,Mid (2019-2021)
Fisker,Pear (upcoming),2018,Lithium-Sulfur,78.0,124,Mobile Charging,5.8,148917.08,Gold,Netherlands,4,0.0,4.0,5637,4,0,Luxury (>$110K),1.59,1200.94,Low,839445579.9599999,Early (2015-2018)
Hyundai,Ioniq 6,2020,Zinc-Air,90.0,512,Ultra-Fast Charging (350 Kw+),4.1,66700.22,Volcanic Yellow,Uk,2,0.0,4.0,6624,4,1,Mid ($50K–$80K),5.689,130.27,High,441822257.28000003,Mid (2019-2021)
Dacia,Bigster EV (upcoming),2020,Sodium-Ion,124.8,558,Overhead Pantograph Charging,9.2,145117.0,Purple,Germany,3,0.0,5.0,18365,4,1,Luxury (>$110K),4.471,260.07,High,2665073705.0,Mid (2019-2021)
Citroen,Ami,2023,Nickel-Metal Hydride,71.7,456,Dc Fast Charging (Dcfc),2.8,40865.07,Gun Metal,Thailand,1,0.0,4.0,4359,4,1,Budget (<$50K),6.36,89.62,High,178130840.13,Recent (2022-2025)
Kia,EV6,2024,Zinc-Air,146.2,265,Ultra-Fast Charging (350 Kw+),5.6,34892.74,Matte Gray,Sweden,2,0.0,5.0,7175,3,0,Budget (<$50K),1.813,131.67,Low,250355409.5,Recent (2022-2025)
Volvo,EX90,2025,Magnesium-Ion,48.1,106,Solar Charging,3.3,32492.87,Sapphire Blue,New Zealand,3,0.0,3.0,13511,3,0,Budget (<$50K),2.204,306.54,Low,439011166.57,Recent (2022-2025)
Lotus,Evija,2021,Flow Batteries,94.8,561,Plug-In Hydrogen Refueling,9.1,114809.51,Turquoise,Spain,2,0.0,4.0,17706,4,1,Luxury (>$110K),5.918,204.65,High,2032817184.06,Mid (2019-2021)
Audi,e-tron GT,2020,Calcium-Ion,127.6,459,Ultra-Fast Charging (350 Kw+),9.6,99475.02,Yellow,Turkey,4,0.0,5.0,7465,5,1,Premium ($80K–$110K),3.597,216.72,Medium,742581024.3000001,Mid (2019-2021)
Fisker,Ocean,2022,Lithium-Sulfur,94.7,127,Vehicle-To-Home (V2H),7.6,89655.95,Brown,China,1,0.0,5.0,1885,4,0,Premium ($80K–$110K),1.341,705.95,Low,169001465.75,Recent (2022-2025)
Great Wall Motors,ORA Ballet Cat,2017,Solid-State,108.7,133,Battery Swapping,7.1,143682.14,Volcanic Yellow,Germany,3,0.0,3.0,12984,3,0,Luxury (>$110K),1.224,1080.32,Low,1865568905.7600002,Early (2015-2018)
Mini,Mini Cooper SE,2019,Lead-Acid,110.6,255,Mobile Charging,3.2,125809.96,Graphite Gray,Indonesia,3,0.0,4.0,222,5,0,Luxury (>$110K),2.306,493.37,Low,27929811.12,Mid (2019-2021)
Bmw,iX3,2020,Zinc-Air,35.6,600,Dc Fast Charging (Dcfc),7.6,93572.64,Volcanic Yellow,Netherlands,1,0.0,3.0,5938,3,1,Premium ($80K–$110K),16.854,155.95,Top,555634336.32,Mid (2019-2021)
Genesis,G80 Electric,2016,Sodium-Ion,31.6,584,Plug-In Hydrogen Refueling,7.1,143883.59,Beige,Indonesia,3,0.0,3.0,10197,4,1,Luxury (>$110K),18.481,246.38,Top,1467180967.23,Early (2015-2018)
Porsche,Cayenne Electric (upcoming),2019,Nickel-Manganese-Cobalt,31.8,233,Plug-In Hydrogen Refueling,2.8,72144.08,Ruby Red,Uk,0,0.0,4.0,19862,3,0,Mid ($50K–$80K),7.327,309.63,Top,1432925716.96,Mid (2019-2021)
Lamborghini,Revuelto (PHEV),2025,Sodium-Ion,32.4,100,Level 1 Charging,0.6,76170.42,Black,Singapore,0,0.0,5.0,16325,3,0,Mid ($50K–$80K),3.086,761.7,Medium,1243482106.5,Recent (2022-2025)
Maserati,Grecale Folgore,2020,Solid-State,133.4,567,Chademo,7.4,98878.2,Candy Apple Red,Norway,3,0.0,4.0,17615,3,1,Premium ($80K–$110K),4.25,174.39,High,1741739493.0,Mid (2019-2021)
Faraday Future,FF 91,2019,Solid-State,65.4,192,Nacs,10.9,89718.13,Gun Metal,Sweden,2,0.0,5.0,12741,4,0,Premium ($80K–$110K),2.936,467.28,Medium,1143098694.3300002,Mid (2019-2021)
Jaguar,I-PACE,2020,Lithium-Iron Phosphate,67.5,222,Vehicle-To-Load (V2L),2.7,78514.16,Teal,South Korea,3,0.0,5.0,19370,3,0,Mid ($50K–$80K),3.289,353.67,Medium,1520819279.2,Mid (2019-2021)
Lotus,Eletre,2025,Flow Batteries,61.7,369,Plug-In Hydrogen Refueling,9.2,107183.82,Copper,Hungary,3,0.0,5.0,13969,4,0,Premium ($80K–$110K),5.981,290.47,High,1497250781.5800002,Recent (2022-2025)
Zeekr,Zeekr 007,2016,Nickel-Manganese-Cobalt,23.1,153,Mobile Charging,7.0,103159.59,Magenta,Russia,2,0.0,5.0,1364,3,0,Premium ($80K–$110K),6.623,674.25,High,140709680.76,Early (2015-2018)
Hyundai,Ioniq 6,2024,Lithium-Titanate,137.0,377,Nacs,7.9,118710.85,Matte White,Germany,3,0.0,5.0,1718,5,0,Luxury (>$110K),2.752,314.88,Medium,203945240.3,Recent (2022-2025)
Zeekr,Zeekr X,2023,Sodium-Ion,108.5,122,Inductive (Wireless) Charging,1.6,143995.72,Crimson Red,Hungary,3,0.0,5.0,510,3,0,Luxury (>$110K),1.124,1180.29,Low,73437817.2,Recent (2022-2025)
Nio,ES6,2016,Aluminum-Ion,57.8,563,Ultra-Fast Charging (350 Kw+),8.1,139829.4,Pink,Norway,1,0.0,3.0,5109,3,1,Luxury (>$110K),9.74,248.36,Top,714388404.6,Early (2015-2018)
Cadillac,Lyriq,2024,Flow Batteries,53.6,572,Vehicle-To-Grid (V2G),8.3,115220.69,Emerald Green,Poland,5,0.0,5.0,335,4,1,Luxury (>$110K),10.672,201.43,Top,38598931.15,Recent (2022-2025)
Canoo,Pickup,2021,Lithium-Sulfur,129.5,197,Vehicle-To-Load (V2L),3.4,31251.56,Ice Silver,Thailand,3,0.0,5.0,7306,3,0,Budget (<$50K),1.521,158.64,Low,228323897.36,Mid (2019-2021)
Acura,ZDX (with GM Ultium),2016,Nickel-Metal Hydride,137.3,350,Dc Fast Charging (Dcfc),2.6,69285.43,Racing Red,Spain,5,0.0,5.0,9386,4,0,Mid ($50K–$80K),2.549,197.96,Low,650313045.9799999,Early (2015-2018)
Ferrari,Roma PHEV,2016,Magnesium-Ion,35.5,521,Inductive (Wireless) Charging,11.4,96570.0,Champagne,Denmark,3,0.0,3.0,3650,3,1,Premium ($80K–$110K),14.676,185.36,Top,352480500.0,Early (2015-2018)
Chevrolet,Silverado EV,2017,Solid-State,119.1,512,Dc Fast Charging (Dcfc),3.3,103838.5,Candy Apple Red,Sweden,0,0.0,3.0,6895,5,1,Premium ($80K–$110K),4.299,202.81,High,715966457.5,Early (2015-2018)
Rimac,Nevera,2024,Lithium-Ion,143.3,274,Battery Swapping,11.1,72014.07,Metallic Silver,South Korea,1,0.0,3.0,6028,5,0,Mid ($50K–$80K),1.912,262.83,Low,434100813.96000004,Recent (2022-2025)
Lucid Motors,Lucid Gravity,2025,Lithium-Titanate,77.1,546,Vehicle-To-Home (V2H),1.3,59493.13,Matte Black,Czech Republic,1,0.0,3.0,2134,4,1,Mid ($50K–$80K),7.082,108.96,Top,126958339.42,Recent (2022-2025)
Lotus,Evija,2015,Zinc-Air,113.7,470,Mobile Charging,4.8,47218.38,Yellow,Austria,3,0.0,4.0,12698,5,1,Budget (<$50K),4.134,100.46,High,599578989.24,Early (2015-2018)
Jaguar,I-PACE,2025,Lithium-Ion,93.3,137,Level 1 Charging,8.0,139297.37,Matte Green,India,4,0.0,3.0,16074,5,0,Luxury (>$110K),1.468,1016.77,Low,2239065925.38,Recent (2022-2025)
Honda,Honda Prologue,2025,Nickel-Manganese-Cobalt,82.3,560,Chademo,5.7,135533.32,Crimson Red,Sweden,5,0.0,4.0,5253,4,1,Luxury (>$110K),6.804,242.02,Top,711956529.96,Recent (2022-2025)
Peugeot,e-208,2021,Magnesium-Ion,59.0,121,Vehicle-To-Home (V2H),5.2,135576.6,Rose Gold,Austria,1,0.0,4.0,13799,4,0,Luxury (>$110K),2.051,1120.47,Low,1870821503.4,Mid (2019-2021)
Changan,Q05,2022,Nickel-Manganese-Cobalt,143.8,337,Overhead Pantograph Charging,4.4,109844.81,Gray,South Africa,1,0.0,5.0,11908,4,0,Premium ($80K–$110K),2.344,325.95,Low,1308031997.48,Recent (2022-2025)
Lamborghini,Lanzador (upcoming EV),2020,Flow Batteries,59.9,301,Chademo,5.9,95139.44,Candy Apple Red,Poland,4,0.0,4.0,18077,3,0,Premium ($80K–$110K),5.025,316.08,High,1719835656.88,Mid (2019-2021)
Mini,Mini Cooper SE,2023,Nickel-Cobalt-Aluminum,43.4,326,Level 1 Charging,8.5,76316.48,Lime Green,Norway,5,0.0,5.0,13168,5,0,Mid ($50K–$80K),7.512,234.1,Top,1004935408.64,Recent (2022-2025)
Vinfast,VF 7,2017,Nickel-Cobalt-Aluminum,61.1,225,Chademo,9.3,88402.2,Sapphire Blue,Finland,5,0.0,3.0,2809,3,0,Premium ($80K–$110K),3.682,392.9,Medium,248321779.79999998,Early (2015-2018)
Tesla,Model S,2020,Calcium-Ion,31.7,576,Overhead Pantograph Charging,2.8,48072.35,Electric Blue,Poland,2,0.0,4.0,15567,4,1,Budget (<$50K),18.17,83.46,Top,748342272.4499999,Mid (2019-2021)
Dacia,Jogger Hybrid,2019,Lithium-Sulfur,33.2,387,Nacs,10.9,48242.03,Tan,Canada,4,0.0,5.0,15386,5,0,Budget (<$50K),11.657,124.66,Top,742251873.5799999,Mid (2019-2021)
Toyota,Lexus UX 300e,2018,Solid-State,106.3,175,Vehicle-To-Home (V2H),1.6,34725.4,Beige,New Zealand,1,0.0,4.0,14448,5,0,Budget (<$50K),1.646,198.43,Low,501712579.20000005,Early (2015-2018)
Ferrari,SF90 Stradale (PHEV),2022,Aluminum-Ion,22.6,351,Overhead Pantograph Charging,10.7,148537.84,Turquoise,China,4,0.0,3.0,3636,5,0,Luxury (>$110K),15.531,423.18,Top,540083586.24,Recent (2022-2025)
Lucid Motors,Lucid DreamDrive,2020,Lithium-Sulfur,112.5,585,Dc Fast Charging (Dcfc),4.6,148028.51,Champagne,Germany,4,0.0,4.0,6292,5,1,Luxury (>$110K),5.2,253.04,High,931395384.9200001,Mid (2019-2021)
Toyota,Lexus UX 300e,2015,Nickel-Manganese-Cobalt,61.4,185,Level 2 Charging,8.0,114061.79,Gold,Malaysia,2,0.0,5.0,15010,5,0,Luxury (>$110K),3.013,616.55,Medium,1712067467.8999999,Early (2015-2018)
Hyundai,Ioniq 6,2023,Lithium-Ion,37.0,600,Level 1 Charging,8.9,32305.46,Beige,Denmark,3,0.0,4.0,12292,4,1,Budget (<$50K),16.216,53.84,Top,397098714.32,Recent (2022-2025)
Byd,Atto 3,2021,Nickel-Cobalt-Aluminum,111.9,167,Overhead Pantograph Charging,8.8,96285.92,Champagne,Czech Republic,3,0.0,4.0,10440,5,0,Premium ($80K–$110K),1.492,576.56,Low,1005225004.8,Mid (2019-2021)
Jaguar,I-PACE,2017,Magnesium-Ion,119.1,224,Dc Fast Charging (Dcfc),2.5,37795.1,Matte Green,Belgium,0,0.0,4.0,11178,5,0,Budget (<$50K),1.881,168.73,Low,422473627.8,Early (2015-2018)
Audi,e-tron GT,2024,Flow Batteries,145.5,596,Vehicle-To-Home (V2H),7.8,69708.08,Lime Green,France,0,0.0,5.0,2659,3,1,Mid ($50K–$80K),4.096,116.96,High,185353784.72,Recent (2022-2025)
Hyundai,Kona Electric,2015,Nickel-Cobalt-Aluminum,122.9,219,Inductive (Wireless) Charging,1.1,39529.43,Purple,South Africa,1,0.0,5.0,6096,4,0,Budget (<$50K),1.782,180.5,Low,240971405.28,Early (2015-2018)
Mazda,MX-30,2022,Nickel-Metal Hydride,86.0,140,Nacs,11.7,61591.39,Matte White,Singapore,5,0.0,3.0,6129,4,0,Mid ($50K–$80K),1.628,439.94,Low,377493629.31,Recent (2022-2025)
Citroen,ë-C4,2017,Nickel-Cobalt-Aluminum,102.6,403,Solar Charging,7.4,90798.53,Copper,Switzerland,2,0.0,5.0,8246,4,1,Premium ($80K–$110K),3.928,225.31,Medium,748724678.38,Early (2015-2018)
Citroen,ë-C4,2016,Lithium-Ion,28.2,276,Level 2 Charging,7.6,128124.42,Green,Malaysia,3,0.0,4.0,19272,4,0,Luxury (>$110K),9.787,464.22,Top,2469213822.24,Early (2015-2018)
Seat,Avenger,2024,Lithium-Sulfur,114.5,263,Vehicle-To-Home (V2H),4.6,127315.84,Turquoise,Russia,3,0.0,3.0,7474,5,0,Luxury (>$110K),2.297,484.09,Low,951558588.16,Recent (2022-2025)
Mercedes-Benz,EQC,2020,Nickel-Cobalt-Aluminum,80.4,336,Mobile Charging,11.1,131577.79,Cream,Australia,3,0.0,4.0,13749,3,0,Luxury (>$110K),4.179,391.6,High,1809063034.71,Mid (2019-2021)
Volkswagen,ID.2all,2020,Nickel-Cobalt-Aluminum,148.7,423,Chademo,5.1,31674.02,Burgundy,Norway,1,0.0,4.0,15475,3,1,Budget (<$50K),2.845,74.88,Medium,490155459.5,Mid (2019-2021)
Toyota,Lexus RZ,2018,Lithium-Ion,84.7,181,Solar Charging,10.0,132457.76,Bronze,Austria,4,0.0,3.0,15969,5,0,Luxury (>$110K),2.137,731.81,Low,2115217969.44,Early (2015-2018)
Bmw,i4,2016,Solid-State,143.9,461,Vehicle-To-Load (V2L),7.5,46977.34,Matte Black,Russia,3,0.0,5.0,5197,4,1,Budget (<$50K),3.204,101.9,Medium,244141235.98,Early (2015-2018)
Acura,ZDX (with GM Ultium),2025,Zinc-Air,75.8,162,Chademo,6.6,70931.67,Turquoise,Italy,3,0.0,4.0,8064,3,0,Mid ($50K–$80K),2.137,437.85,Low,571992986.88,Recent (2022-2025)
Rimac,Nevera,2020,Flow Batteries,139.0,597,Vehicle-To-Load (V2L),9.5,96599.49,Matte Green,Mexico,1,0.0,5.0,7501,5,1,Premium ($80K–$110K),4.295,161.81,High,724592774.49,Mid (2019-2021)
Jeep,Grand Cherokee 4xe (PHEV),2018,Nickel-Manganese-Cobalt,93.2,555,Level 1 Charging,4.1,135687.38,Beige,Sweden,0,0.0,5.0,8716,3,1,Luxury (>$110K),5.955,244.48,High,1182651204.08,Early (2015-2018)
Geely,Geometry C,2018,Magnesium-Ion,120.1,464,Chademo,4.7,123331.11,Aurora Blue,Belgium,0,0.0,4.0,18411,3,1,Luxury (>$110K),3.863,265.8,Medium,2270649066.21,Early (2015-2018)
Vinfast,VF 8,2020,Nickel-Manganese-Cobalt,148.1,409,Inductive (Wireless) Charging,10.0,107500.99,Gun Metal,Ireland,3,0.0,3.0,17154,5,1,Premium ($80K–$110K),2.762,262.84,Medium,1844071982.46,Mid (2019-2021)
Mazda,MX-30,2021,Nickel-Cobalt-Aluminum,111.1,536,Level 1 Charging,3.9,54508.8,Copper,Germany,3,0.0,4.0,15235,3,1,Mid ($50K–$80K),4.824,101.7,High,830441568.0,Mid (2019-2021)
Geely,Emgrand EV,2021,Lead-Acid,40.4,327,Mobile Charging,1.7,62826.25,Bronze,Denmark,3,0.0,4.0,555,3,0,Mid ($50K–$80K),8.094,192.13,Top,34868568.75,Mid (2019-2021)
Bmw,i4,2023,Nickel-Manganese-Cobalt,67.9,261,Plug-In Hydrogen Refueling,6.8,105466.84,Ruby Red,Hungary,2,0.0,5.0,9270,4,0,Premium ($80K–$110K),3.844,404.09,Medium,977677606.8,Recent (2022-2025)
Ferrari,Ferrari EV (2025+),2015,Aluminum-Ion,86.5,470,Chademo,6.2,141233.85,Gray,Sweden,3,0.0,3.0,11806,4,1,Luxury (>$110K),5.434,300.5,High,1667406833.1000001,Early (2015-2018)
Pininfarina,Battista,2021,Sodium-Ion,117.6,352,Plug-In Hydrogen Refueling,6.8,92961.52,Ruby Red,Thailand,4,0.0,4.0,5212,3,0,Premium ($80K–$110K),2.993,264.1,Medium,484515442.24,Mid (2019-2021)
Citroen,ë-Spacetourer,2018,Lithium-Iron Phosphate,27.3,449,Level 1 Charging,1.1,131147.18,Crimson Red,New Zealand,3,0.0,3.0,4511,5,1,Luxury (>$110K),16.447,292.09,Top,591604928.98,Early (2015-2018)
Rimac,Nevera,2021,Magnesium-Ion,102.5,302,Level 1 Charging,6.4,64756.73,Black,Indonesia,0,0.0,4.0,7520,5,0,Mid ($50K–$80K),2.946,214.43,Medium,486970609.6,Mid (2019-2021)
Mahindra,XUV400,2020,Lithium-Titanate,30.5,551,Overhead Pantograph Charging,6.4,129484.4,Cream,Switzerland,0,0.0,4.0,8704,5,1,Luxury (>$110K),18.066,235.0,Top,1127032217.6,Mid (2019-2021)
Byd,Atto 3,2021,Nickel-Metal Hydride,128.5,486,Battery Swapping,4.3,69246.97,Gold,Thailand,3,0.0,4.0,19771,5,1,Mid ($50K–$80K),3.782,142.48,Medium,1369081843.8700001,Mid (2019-2021)
Mini,Mini Aceman,2021,Lithium-Iron Phosphate,44.0,121,Plug-In Hydrogen Refueling,9.8,119137.61,Electric Blue,Denmark,5,0.0,5.0,7023,5,0,Luxury (>$110K),2.75,984.61,Medium,836703435.03,Mid (2019-2021)
Canoo,Pickup,2020,Nickel-Manganese-Cobalt,27.1,420,Ultra-Fast Charging (350 Kw+),7.0,136125.65,Gold,Switzerland,2,0.0,4.0,6761,4,1,Luxury (>$110K),15.498,324.11,Top,920345519.65,Mid (2019-2021)
Renault,Kangoo E-Tech,2020,Nickel-Manganese-Cobalt,147.9,408,Nacs,11.1,87621.07,Gun Metal,Czech Republic,5,0.0,5.0,3514,3,1,Premium ($80K–$110K),2.759,214.76,Medium,307900439.98,Mid (2019-2021)
Nissan,Leaf,2015,Lithium-Sulfur,140.9,255,Vehicle-To-Home (V2H),4.9,98173.31,Pearl White,France,3,0.0,4.0,12216,3,0,Premium ($80K–$110K),1.81,384.99,Low,1199285154.96,Early (2015-2018)
Toyota,Lexus RZ,2025,Lithium-Ion,58.7,117,Ccs,4.0,61527.08,Cobalt Blue,Switzerland,3,0.0,3.0,15614,3,0,Mid ($50K–$80K),1.993,525.87,Low,960683827.12,Recent (2022-2025)
Tesla,Model S,2016,Lithium-Titanate,50.5,545,Battery Swapping,3.6,114345.21,Aurora Blue,China,1,0.0,4.0,979,3,1,Luxury (>$110K),10.792,209.81,Top,111943960.59,Early (2015-2018)
Mahindra,Born Electric (upcoming range),2022,Nickel-Cobalt-Aluminum,42.8,106,Level 2 Charging,8.1,145131.47,Bronze,Czech Republic,1,0.0,4.0,8911,3,0,Luxury (>$110K),2.477,1369.16,Low,1293266529.17,Recent (2022-2025)
Polestar,Polestar 5 (upcoming),2015,Flow Batteries,25.7,388,Vehicle-To-Grid (V2G),6.9,114353.63,Burgundy,Austria,5,0.0,5.0,12035,4,0,Luxury (>$110K),15.097,294.73,Top,1376245937.05,Early (2015-2018)
Canoo,Pickup,2023,Nickel-Metal Hydride,68.5,561,Overhead Pantograph Charging,8.9,94892.04,Purple,Brazil,4,0.0,4.0,9582,3,1,Premium ($80K–$110K),8.19,169.15,Top,909255527.28,Recent (2022-2025)
Canoo,MPDV,2022,Flow Batteries,90.5,284,Vehicle-To-Grid (V2G),1.5,60384.04,Gray,Mexico,5,0.0,5.0,5383,3,0,Mid ($50K–$80K),3.138,212.62,Medium,325047287.32,Recent (2022-2025)
Pininfarina,Battista,2024,Sodium-Ion,90.2,525,Nacs,10.3,98843.11,Platinum,Switzerland,3,0.0,3.0,16429,5,1,Premium ($80K–$110K),5.82,188.27,High,1623893454.19,Recent (2022-2025)
Chevrolet,Equinox EV,2016,Zinc-Air,20.5,578,Nacs,9.0,112081.28,Burgundy,Mexico,2,0.0,5.0,12942,5,1,Luxury (>$110K),28.195,193.91,Top,1450555925.76,Early (2015-2018)
Mini,Mini Cooper SE,2018,Zinc-Air,65.6,308,Ccs,3.1,107268.27,Charcoal,Denmark,4,0.0,3.0,10045,3,0,Premium ($80K–$110K),4.695,348.27,High,1077509772.15,Early (2015-2018)
Citroen,ë-Spacetourer,2019,Calcium-Ion,47.2,426,Ccs,11.4,52920.79,Black,Germany,1,0.0,3.0,2196,4,1,Mid ($50K–$80K),9.025,124.23,Top,116214054.84,Mid (2019-2021)
Geely,Geometry A,2021,Sodium-Ion,106.0,105,Solar Charging,4.4,74989.91,Magenta,Vietnam,3,0.0,5.0,16100,3,0,Mid ($50K–$80K),0.991,714.19,Low,1207337551.0,Mid (2019-2021)
Mahindra,Born Electric (upcoming range),2020,Lithium-Ion,53.3,342,Plug-In Hydrogen Refueling,9.2,122374.49,Brown,Israel,2,0.0,3.0,12450,3,0,Luxury (>$110K),6.417,357.82,High,1523562400.5,Mid (2019-2021)
Mahindra,XUV400,2022,Lithium-Sulfur,90.7,142,Ultra-Fast Charging (350 Kw+),8.8,115873.02,Yellow,Australia,2,0.0,3.0,10579,4,0,Luxury (>$110K),1.566,816.01,Low,1225820678.5800002,Recent (2022-2025)
Lamborghini,Lanzador (upcoming EV),2018,Zinc-Air,73.4,105,Chademo,7.3,111029.12,Black,Turkey,4,0.0,5.0,12719,5,0,Luxury (>$110K),1.431,1057.42,Low,1412179377.28,Early (2015-2018)
Genesis,GV60,2019,Zinc-Air,35.3,364,Vehicle-To-Load (V2L),2.5,84207.11,Rose Gold,Netherlands,3,0.0,5.0,5072,3,0,Premium ($80K–$110K),10.312,231.34,Top,427098461.92,Mid (2019-2021)
Lucid Motors,Lucid Gravity,2022,Lithium-Iron Phosphate,20.7,497,Nacs,9.4,35264.96,Midnight Black,Austria,5,0.0,5.0,14570,5,1,Budget (<$50K),24.01,70.96,Top,513810467.2,Recent (2022-2025)
Jaguar,I-PACE,2017,Nickel-Metal Hydride,37.2,584,Level 1 Charging,5.5,74001.08,Ice Silver,Vietnam,3,0.0,5.0,17808,3,1,Mid ($50K–$80K),15.699,126.71,Top,1317811232.64,Early (2015-2018)
Li Auto,MEGA,2015,Lithium-Sulfur,76.7,459,Vehicle-To-Grid (V2G),1.3,40469.15,Lime Green,Brazil,4,0.0,3.0,3965,3,1,Budget (<$50K),5.984,88.17,High,160460179.75,Early (2015-2018)
Mercedes-Benz,EQS,2024,Nickel-Metal Hydride,106.4,328,Overhead Pantograph Charging,6.9,87345.57,Burgundy,Norway,0,0.0,3.0,9841,3,0,Premium ($80K–$110K),3.083,266.3,Medium,859567754.3700001,Recent (2022-2025)
Peugeot,e-5008,2015,Sodium-Ion,27.8,503,Level 1 Charging,1.8,109909.34,Matte Blue,South Africa,3,0.0,3.0,15741,3,1,Premium ($80K–$110K),18.094,218.51,Top,1730082920.94,Early (2015-2018)
Lucid Motors,Lucid DreamDrive,2022,Nickel-Manganese-Cobalt,82.2,150,Nacs,5.0,106007.59,Matte White,China,3,0.0,3.0,15652,5,0,Premium ($80K–$110K),1.825,706.72,Low,1659230798.6799998,Recent (2022-2025)
Audi,A6 e-tron (upcoming),2017,Lithium-Iron Phosphate,101.5,311,Overhead Pantograph Charging,11.3,129357.08,Tan,South Korea,0,0.0,3.0,6311,5,0,Luxury (>$110K),3.064,415.94,Medium,816372531.88,Early (2015-2018)
Renault,Scenic E-Tech,2021,Nickel-Manganese-Cobalt,98.8,543,Ultra-Fast Charging (350 Kw+),9.1,45279.16,Sapphire Blue,Turkey,5,0.0,3.0,19627,5,1,Budget (<$50K),5.496,83.39,High,888694073.32,Mid (2019-2021)
Mazda,Mazda EV (upcoming models),2016,Nickel-Cobalt-Aluminum,98.0,313,Dc Fast Charging (Dcfc),7.0,114536.92,Navy Blue,Sweden,0,0.0,4.0,11189,4,0,Luxury (>$110K),3.194,365.93,Medium,1281553597.8799999,Early (2015-2018)
Maserati,GranTurismo Folgore,2019,Calcium-Ion,143.3,361,Vehicle-To-Load (V2L),4.9,134539.09,Ice Silver,Israel,5,0.0,5.0,4497,4,0,Luxury (>$110K),2.519,372.68,Low,605022287.73,Mid (2019-2021)
Pininfarina,Battista,2022,Sodium-Ion,89.3,415,Dc Fast Charging (Dcfc),3.4,62185.4,Bronze,Czech Republic,1,0.0,3.0,18547,3,1,Mid ($50K–$80K),4.647,149.84,High,1153352613.8,Recent (2022-2025)
Fisker,Pear (upcoming),2018,Calcium-Ion,63.5,446,Vehicle-To-Grid (V2G),3.7,101731.26,Lime Green,Denmark,1,0.0,3.0,11845,5,1,Premium ($80K–$110K),7.024,228.1,Top,1205006774.7,Early (2015-2018)
Maserati,GranTurismo Folgore,2018,Magnesium-Ion,80.1,366,Nacs,1.8,116729.11,Copper,Belgium,5,0.0,5.0,16284,4,0,Luxury (>$110K),4.569,318.93,High,1900816827.24,Early (2015-2018)
Polestar,Polestar 5 (upcoming),2022,Lithium-Titanate,55.2,390,Vehicle-To-Home (V2H),6.7,47560.79,Gun Metal,China,3,0.0,3.0,2180,3,0,Budget (<$50K),7.065,121.95,Top,103682522.2,Recent (2022-2025)
Faraday Future,FF 91,2022,Nickel-Manganese-Cobalt,141.5,381,Battery Swapping,6.4,80459.18,Bronze,South Korea,5,0.0,4.0,14325,4,0,Premium ($80K–$110K),2.693,211.18,Medium,1152577753.5,Recent (2022-2025)
Rimac,Nevera,2017,Nickel-Metal Hydride,36.0,489,Level 2 Charging,1.0,38433.6,Yellow,United Arab Emirates,1,0.0,5.0,13869,3,1,Budget (<$50K),13.583,78.6,Top,533035598.4,Early (2015-2018)
Chevrolet,Equinox EV,2015,Lithium-Ion,34.5,600,Battery Swapping,3.8,58881.63,Crimson Red,Finland,2,0.0,3.0,4971,3,1,Mid ($50K–$80K),17.391,98.14,Top,292700582.72999996,Early (2015-2018)
Lamborghini,Lanzador (upcoming EV),2018,Nickel-Metal Hydride,124.7,522,Plug-In Hydrogen Refueling,2.8,103955.6,Pearl White,Uk,4,0.0,4.0,4081,3,1,Premium ($80K–$110K),4.186,199.15,High,424242803.6,Early (2015-2018)
Polestar,Polestar 5 (upcoming),2018,Lithium-Iron Phosphate,79.7,184,Nacs,11.1,63536.48,White,Belgium,3,0.0,4.0,14619,3,0,Mid ($50K–$80K),2.309,345.31,Low,928839801.12,Early (2015-2018)
Volvo,XC40 Recharge,2016,Nickel-Cobalt-Aluminum,112.6,326,Chademo,9.0,76137.06,Sapphire Blue,India,3,0.0,5.0,16106,4,0,Mid ($50K–$80K),2.895,233.55,Medium,1226263488.36,Early (2015-2018)
Vinfast,VFe34 (discontinued),2020,Sodium-Ion,22.7,359,Plug-In Hydrogen Refueling,10.1,102786.47,Turquoise,Sweden,4,0.0,3.0,13238,3,0,Premium ($80K–$110K),15.815,286.31,Top,1360687289.8600001,Mid (2019-2021)
Rivian,R1S,2020,Nickel-Cobalt-Aluminum,55.6,466,Solar Charging,10.8,75533.29,Aurora Blue,Germany,4,0.0,4.0,716,4,1,Mid ($50K–$80K),8.381,162.09,Top,54081835.63999999,Mid (2019-2021)
Ferrari,Roma PHEV,2020,Nickel-Cobalt-Aluminum,22.7,323,Vehicle-To-Home (V2H),11.0,40735.31,Gold,Brazil,2,0.0,3.0,5522,3,0,Budget (<$50K),14.229,126.12,Top,224940381.82,Mid (2019-2021)
Jeep,Grand Cherokee 4xe (PHEV),2015,Nickel-Cobalt-Aluminum,67.4,489,Ultra-Fast Charging (350 Kw+),1.5,139901.99,Green,Finland,0,0.0,4.0,14847,3,1,Luxury (>$110K),7.255,286.1,Top,2077124845.53,Early (2015-2018)
Mazda,MX-30,2021,Lithium-Sulfur,133.2,195,Ultra-Fast Charging (350 Kw+),5.2,49995.46,Red,Austria,4,0.0,5.0,5765,4,0,Budget (<$50K),1.464,256.39,Low,288223826.9,Mid (2019-2021)
Lamborghini,Lanzador (upcoming EV),2021,Aluminum-Ion,41.8,108,Inductive (Wireless) Charging,7.4,39245.7,Navy Blue,France,1,0.0,5.0,12089,5,0,Budget (<$50K),2.584,363.39,Low,474441267.29999995,Mid (2019-2021)
Porsche,Macan EV,2023,Aluminum-Ion,44.3,502,Level 1 Charging,4.2,50615.35,Bronze,Turkey,4,0.0,4.0,4422,3,1,Mid ($50K–$80K),11.332,100.83,Top,223821077.7,Recent (2022-2025)
Bmw,i7,2017,Calcium-Ion,37.2,541,Overhead Pantograph Charging,7.1,63513.25,Forest Green,Australia,0,0.0,5.0,1385,3,1,Mid ($50K–$80K),14.543,117.4,Top,87965851.25,Early (2015-2018)
Nio,ET9,2015,Lithium-Sulfur,79.9,509,Vehicle-To-Load (V2L),8.3,77402.03,Matte White,Thailand,3,0.0,4.0,19841,5,1,Mid ($50K–$80K),6.37,152.07,High,1535733677.23,Early (2015-2018)
Dacia,Bigster EV (upcoming),2019,Lead-Acid,141.8,185,Vehicle-To-Load (V2L),2.0,34370.0,Red,Ireland,2,0.0,4.0,12318,4,0,Budget (<$50K),1.305,185.78,Low,423369660.0,Mid (2019-2021)
Byd,Han EV,2020,Nickel-Manganese-Cobalt,45.8,108,Inductive (Wireless) Charging,5.5,106614.44,Charcoal,Malaysia,5,0.0,4.0,8011,3,0,Premium ($80K–$110K),2.358,987.17,Low,854088278.84,Mid (2019-2021)
Nissan,Leaf,2022,Lithium-Sulfur,83.3,338,Vehicle-To-Home (V2H),4.8,54563.09,Gray,Indonesia,1,0.0,3.0,9680,4,0,Mid ($50K–$80K),4.058,161.43,Medium,528170711.2,Recent (2022-2025)
Bmw,i4,2022,Aluminum-Ion,70.3,434,Vehicle-To-Grid (V2G),1.4,65274.12,Platinum,Turkey,0,0.0,4.0,2220,4,1,Mid ($50K–$80K),6.174,150.4,High,144908546.4,Recent (2022-2025)
Pininfarina,Battista,2019,Aluminum-Ion,85.9,105,Ccs,2.2,115332.6,Bronze,South Korea,3,0.0,3.0,14691,4,0,Luxury (>$110K),1.222,1098.41,Low,1694351226.6000001,Mid (2019-2021)
Pininfarina,Battista,2020,Zinc-Air,62.5,288,Level 2 Charging,9.7,100274.54,Candy Apple Red,Russia,4,0.0,5.0,18558,5,0,Premium ($80K–$110K),4.608,348.18,High,1860894913.32,Mid (2019-2021)
Audi,e-tron GT,2021,Sodium-Ion,105.9,325,Battery Swapping,2.2,121453.05,Metallic Silver,Uk,2,0.0,4.0,9925,3,0,Luxury (>$110K),3.069,373.7,Medium,1205421521.25,Mid (2019-2021)
Volkswagen,ID.4,2021,Zinc-Air,45.2,509,Chademo,5.4,98182.42,Electric Blue,Usa,1,0.0,4.0,2165,3,1,Premium ($80K–$110K),11.261,192.89,Top,212564939.29999998,Mid (2019-2021)
Changan,SL03,2025,Nickel-Manganese-Cobalt,34.9,442,Vehicle-To-Home (V2H),9.8,71128.46,Volcanic Yellow,Argentina,2,0.0,5.0,10833,5,1,Mid ($50K–$80K),12.665,160.92,Top,770534607.1800001,Recent (2022-2025)
Mini,Mini Cooper SE,2023,Nickel-Metal Hydride,106.8,527,Battery Swapping,9.8,123395.53,Forest Green,Austria,3,0.0,5.0,9849,4,1,Luxury (>$110K),4.934,234.15,High,1215322574.97,Recent (2022-2025)
Renault,Kangoo E-Tech,2015,Zinc-Air,59.0,541,Battery Swapping,1.7,47756.64,Crimson Red,Austria,1,0.0,3.0,17767,5,1,Budget (<$50K),9.169,88.27,Top,848492222.88,Early (2015-2018)
Byd,Dolphin,2021,Nickel-Cobalt-Aluminum,93.7,253,Dc Fast Charging (Dcfc),3.3,104766.98,Lime Green,China,0,0.0,3.0,13573,4,0,Premium ($80K–$110K),2.7,414.1,Medium,1422002219.54,Mid (2019-2021)
Nissan,Ariya,2020,Solid-State,60.0,349,Vehicle-To-Load (V2L),11.2,77561.36,Electric Blue,Thailand,1,0.0,3.0,11013,3,0,Mid ($50K–$80K),5.817,222.24,High,854183257.68,Mid (2019-2021)
Cadillac,Celestiq,2024,Nickel-Cobalt-Aluminum,130.9,151,Dc Fast Charging (Dcfc),1.4,118491.62,Charcoal,Saudi Arabia,0,0.0,5.0,4977,3,0,Luxury (>$110K),1.154,784.71,Low,589732792.74,Recent (2022-2025)
Tesla,Model Y,2017,Lithium-Ion,37.4,531,Overhead Pantograph Charging,8.3,140170.03,Ice Silver,Brazil,0,0.0,4.0,3275,3,1,Luxury (>$110K),14.198,263.97,Top,459056848.25,Early (2015-2018)
Jeep,Wrangler 4xe (PHEV),2015,Zinc-Air,20.0,572,Inductive (Wireless) Charging,9.6,137646.74,Platinum,Russia,3,0.0,5.0,2348,5,1,Luxury (>$110K),28.6,240.64,Top,323194545.52,Early (2015-2018)
Mazda,MX-30,2016,Nickel-Manganese-Cobalt,98.8,233,Nacs,7.9,113993.13,Yellow,Russia,5,0.0,4.0,5334,5,0,Luxury (>$110K),2.358,489.24,Low,608039355.4200001,Early (2015-2018)
Great Wall Motors,ORA Lightning Cat,2020,Lead-Acid,59.8,434,Plug-In Hydrogen Refueling,5.3,141659.65,Burgundy,Poland,1,0.0,3.0,1205,3,1,Luxury (>$110K),7.258,326.4,Top,170699878.25,Mid (2019-2021)
Bmw,iX1,2016,Nickel-Metal Hydride,34.0,329,Chademo,2.2,38813.06,Navy Blue,Mexico,4,0.0,4.0,4017,5,0,Budget (<$50K),9.676,117.97,Top,155912062.01999998,Early (2015-2018)
Mini,Mini Aceman,2023,Lithium-Titanate,96.4,579,Inductive (Wireless) Charging,10.8,108741.8,Turquoise,Netherlands,2,0.0,4.0,8263,4,1,Premium ($80K–$110K),6.006,187.81,High,898533493.4,Recent (2022-2025)
Porsche,Cayenne Electric (upcoming),2022,Flow Batteries,145.7,501,Mobile Charging,5.7,127893.74,Racing Red,Vietnam,4,0.0,3.0,8211,4,1,Luxury (>$110K),3.439,255.28,Medium,1050135499.14,Recent (2022-2025)
Hyundai,Ioniq 7 (upcoming),2020,Nickel-Metal Hydride,25.5,171,Ultra-Fast Charging (350 Kw+),6.4,89442.92,Bronze,Denmark,3,0.0,4.0,11820,5,0,Premium ($80K–$110K),6.706,523.06,High,1057215314.4,Mid (2019-2021)
Pininfarina,Battista,2020,Lithium-Ion,33.6,495,Inductive (Wireless) Charging,2.9,69902.15,Lime Green,Turkey,3,0.0,5.0,6444,4,1,Mid ($50K–$80K),14.732,141.22,Top,450449454.59999996,Mid (2019-2021)
Opel,Grandland Electric,2015,Nickel-Manganese-Cobalt,145.3,402,Solar Charging,6.7,120692.83,Silver,Czech Republic,3,0.0,3.0,15548,4,1,Luxury (>$110K),2.767,300.23,Medium,1876532120.84,Early (2015-2018)
Changan,Q05,2024,Lithium-Iron Phosphate,140.0,527,Ultra-Fast Charging (350 Kw+),5.7,66033.9,Ruby Red,Japan,5,0.0,4.0,140,5,1,Mid ($50K–$80K),3.764,125.3,Medium,9244746.0,Recent (2022-2025)
Volvo,XC40 Recharge,2018,Calcium-Ion,78.4,303,Level 1 Charging,5.4,145036.49,Cobalt Blue,Portugal,4,0.0,4.0,10033,5,0,Luxury (>$110K),3.865,478.67,Medium,1455151104.1699998,Early (2015-2018)
Mini,Mini Electric,2022,Zinc-Air,47.7,438,Solar Charging,9.5,132628.07,Beige,United Arab Emirates,1,0.0,5.0,14073,3,1,Luxury (>$110K),9.182,302.8,Top,1866474829.1100001,Recent (2022-2025)
Pininfarina,Battista,2022,Lithium-Ion,32.9,576,Battery Swapping,2.4,65078.0,Gold,Indonesia,3,0.0,3.0,9462,4,1,Mid ($50K–$80K),17.508,112.98,Top,615768036.0,Recent (2022-2025)
Maserati,Grecale Folgore,2016,Nickel-Metal Hydride,133.5,536,Level 1 Charging,11.5,37917.87,Navy Blue,Portugal,0,0.0,5.0,17517,4,1,Budget (<$50K),4.015,70.74,Medium,664207328.7900001,Early (2015-2018)
Mg,MG ZS EV,2022,Flow Batteries,99.9,502,Dc Fast Charging (Dcfc),4.6,41043.61,Midnight Black,India,4,0.0,5.0,2831,3,1,Budget (<$50K),5.025,81.76,High,116194459.91,Recent (2022-2025)
Mercedes-Benz,EQE,2020,Nickel-Metal Hydride,87.9,453,Inductive (Wireless) Charging,6.0,140965.67,Emerald Green,Brazil,3,0.0,4.0,3393,5,1,Luxury (>$110K),5.154,311.18,High,478296518.31000006,Mid (2019-2021)
Opel,Mokka-e,2018,Nickel-Metal Hydride,44.7,426,Vehicle-To-Load (V2L),9.4,119728.12,Red,Austria,3,0.0,4.0,12087,3,1,Luxury (>$110K),9.53,281.05,Top,1447153786.44,Early (2015-2018)
Chevrolet,Bolt EV,2022,Lithium-Iron Phosphate,20.5,281,Level 1 Charging,11.9,142070.41,Ruby Red,Mexico,0,0.0,3.0,4393,3,0,Luxury (>$110K),13.707,505.59,Top,624115311.13,Recent (2022-2025)
Cadillac,Optiq (upcoming),2023,Magnesium-Ion,35.1,169,Vehicle-To-Load (V2L),6.2,149536.28,Volcanic Yellow,Mexico,3,0.0,5.0,10389,3,0,Luxury (>$110K),4.815,884.83,High,1553532412.92,Recent (2022-2025)
Subaru,Solterra,2019,Lithium-Ion,131.6,128,Solar Charging,8.1,149808.37,Ice Silver,Spain,1,0.0,3.0,17398,4,0,Luxury (>$110K),0.973,1170.38,Low,2606366021.2599998,Mid (2019-2021)
Audi,Q8 e-tron,2019,Lithium-Titanate,59.0,111,Level 1 Charging,11.8,69330.46,Cosmic Purple,Uk,4,0.0,4.0,3715,3,0,Mid ($50K–$80K),1.881,624.6,Low,257562658.90000004,Mid (2019-2021)
Honda,Honda Prologue,2020,Aluminum-Ion,36.1,395,Inductive (Wireless) Charging,7.2,39460.66,Blue,Portugal,4,0.0,3.0,17987,5,0,Budget (<$50K),10.942,99.9,Top,709778891.4200001,Mid (2019-2021)
Seat,Avenger,2023,Flow Batteries,58.7,558,Plug-In Hydrogen Refueling,9.2,34888.49,Tan,Uk,2,0.0,3.0,19277,3,1,Budget (<$50K),9.506,62.52,Top,672545421.73,Recent (2022-2025)
Kia,EV9,2015,Nickel-Manganese-Cobalt,125.2,307,Ccs,3.5,100902.46,Matte Gray,Belgium,3,0.0,5.0,3403,5,0,Premium ($80K–$110K),2.452,328.67,Low,343371071.38,Early (2015-2018)
Faraday Future,FF 91,2022,Lithium-Iron Phosphate,114.7,164,Nacs,9.0,128661.08,Sky Blue,Turkey,3,0.0,4.0,18897,5,0,Luxury (>$110K),1.43,784.52,Low,2431308428.76,Recent (2022-2025)
Opel,Corsa-e,2022,Lead-Acid,50.9,320,Inductive (Wireless) Charging,7.6,76612.94,Platinum,South Africa,1,0.0,5.0,9426,4,0,Mid ($50K–$80K),6.287,239.42,High,722153572.44,Recent (2022-2025)
Polestar,Polestar 2,2021,Lithium-Sulfur,104.3,354,Level 1 Charging,11.7,78665.4,Metallic Silver,Spain,4,0.0,3.0,8152,3,0,Mid ($50K–$80K),3.394,222.22,Medium,641280340.8,Mid (2019-2021)
Dacia,Jogger Hybrid,2018,Lithium-Iron Phosphate,116.8,474,Dc Fast Charging (Dcfc),8.4,45955.45,Electric Blue,Portugal,4,0.0,3.0,450,4,1,Budget (<$50K),4.058,96.95,Medium,20679952.5,Early (2015-2018)
Kia,EV6,2018,Nickel-Manganese-Cobalt,38.8,470,Ccs,10.5,69013.39,Tan,India,5,0.0,5.0,4781,3,1,Mid ($50K–$80K),12.113,146.84,Top,329953017.59,Early (2015-2018)
Nio,ES8,2018,Calcium-Ion,106.6,584,Ultra-Fast Charging (350 Kw+),6.1,143897.16,Brown,South Korea,3,0.0,4.0,1952,5,1,Luxury (>$110K),5.478,246.4,High,280887256.32,Early (2015-2018)
Changan,Q05,2019,Lithium-Iron Phosphate,73.7,551,Solar Charging,2.1,63519.37,Brown,Usa,4,0.0,4.0,7350,4,1,Mid ($50K–$80K),7.476,115.28,Top,466867369.5,Mid (2019-2021)
Lucid Motors,Lucid DreamDrive,2019,Calcium-Ion,82.0,299,Battery Swapping,2.3,56467.88,Gray,Germany,5,0.0,5.0,16701,5,0,Mid ($50K–$80K),3.646,188.86,Medium,943070063.88,Mid (2019-2021)
Ford,Mustang Mach-E,2019,Lithium-Titanate,68.2,230,Ccs,3.6,108995.26,Cobalt Blue,Poland,0,0.0,3.0,7904,4,0,Premium ($80K–$110K),3.372,473.89,Medium,861498535.04,Mid (2019-2021)
Honda,e:Ny1,2025,Aluminum-Ion,92.3,414,Nacs,7.7,147294.21,White,Sweden,2,0.0,4.0,18610,4,1,Luxury (>$110K),4.485,355.78,High,2741145248.1,Recent (2022-2025)
Tesla,Model Y,2018,Nickel-Metal Hydride,34.1,256,Vehicle-To-Grid (V2G),3.4,126551.18,Matte Blue,Denmark,5,0.0,5.0,11694,3,0,Luxury (>$110K),7.507,494.34,Top,1479889498.9199998,Early (2015-2018)
Nio,EL7,2024,Lithium-Iron Phosphate,135.7,266,Level 2 Charging,10.4,72825.68,Stealth Gray,Belgium,3,0.0,3.0,2499,3,0,Mid ($50K–$80K),1.96,273.78,Low,181991374.32,Recent (2022-2025)
Ferrari,SF90 Stradale (PHEV),2018,Nickel-Cobalt-Aluminum,132.7,204,Vehicle-To-Home (V2H),5.2,149514.73,Red,France,4,0.0,5.0,7029,3,0,Luxury (>$110K),1.537,732.92,Low,1050939037.1700001,Early (2015-2018)
Byd,Han EV,2015,Lithium-Sulfur,21.5,400,Vehicle-To-Grid (V2G),1.9,63649.31,Matte Blue,Malaysia,0,0.0,3.0,3064,4,1,Mid ($50K–$80K),18.605,159.12,Top,195021485.84,Early (2015-2018)
Vinfast,VFe34 (discontinued),2023,Lithium-Titanate,101.8,489,Ultra-Fast Charging (350 Kw+),1.0,112679.6,Matte White,Netherlands,5,0.0,4.0,7089,4,1,Luxury (>$110K),4.804,230.43,High,798785684.4000001,Recent (2022-2025)
Pininfarina,Battista,2016,Lead-Acid,95.8,573,Battery Swapping,0.5,113565.49,Teal,Malaysia,1,0.0,4.0,18733,3,1,Luxury (>$110K),5.981,198.19,High,2127422324.17,Early (2015-2018)
Mini,Mini Cooper SE,2018,Nickel-Metal Hydride,126.9,219,Level 2 Charging,8.9,53502.73,Electric Blue,Denmark,3,0.0,3.0,4407,3,0,Mid ($50K–$80K),1.726,244.3,Low,235786531.11,Early (2015-2018)
Jaguar,I-PACE,2020,Flow Batteries,118.4,489,Solar Charging,10.1,81818.7,Ice Silver,China,1,0.0,4.0,12272,3,1,Premium ($80K–$110K),4.13,167.32,High,1004079086.4,Mid (2019-2021)
Maserati,Grecale Folgore,2025,Calcium-Ion,136.1,155,Dc Fast Charging (Dcfc),9.3,55414.22,Charcoal,Indonesia,3,0.0,4.0,17047,5,0,Mid ($50K–$80K),1.139,357.51,Low,944646208.34,Recent (2022-2025)
Lamborghini,Lanzador (upcoming EV),2022,Nickel-Metal Hydride,127.7,404,Inductive (Wireless) Charging,11.5,80986.36,Sapphire Blue,Malaysia,2,0.0,3.0,6431,4,1,Premium ($80K–$110K),3.164,200.46,Medium,520823281.16,Recent (2022-2025)
Mazda,Mazda EV (upcoming models),2023,Nickel-Manganese-Cobalt,140.5,547,Ccs,9.7,45213.47,Blue,Austria,4,0.0,4.0,12930,5,1,Budget (<$50K),3.893,82.66,Medium,584610167.1,Recent (2022-2025)
Jeep,Grand Cherokee 4xe (PHEV),2015,Lead-Acid,43.4,548,Ultra-Fast Charging (350 Kw+),9.7,58857.95,Blue,Turkey,4,0.0,5.0,2738,4,1,Mid ($50K–$80K),12.627,107.41,Top,161153067.1,Early (2015-2018)
Lotus,Evija,2016,Lithium-Sulfur,53.9,381,Chademo,10.0,35282.23,Champagne,Switzerland,3,0.0,3.0,16972,3,0,Budget (<$50K),7.069,92.6,Top,598810007.5600001,Early (2015-2018)
Gmc,Hummer EV SUV,2016,Nickel-Cobalt-Aluminum,113.7,379,Dc Fast Charging (Dcfc),9.0,68621.09,Pearl White,Portugal,2,0.0,3.0,793,5,0,Mid ($50K–$80K),3.333,181.06,Medium,54416524.37,Early (2015-2018)
Nissan,Leaf,2020,Nickel-Metal Hydride,118.5,513,Dc Fast Charging (Dcfc),1.5,52850.64,Cobalt Blue,France,4,0.0,4.0,19820,3,1,Mid ($50K–$80K),4.329,103.02,High,1047499684.8,Mid (2019-2021)
Renault,5 E-Tech,2020,Sodium-Ion,69.3,158,Solar Charging,9.2,61296.49,Green,Saudi Arabia,4,0.0,4.0,16093,5,0,Mid ($50K–$80K),2.28,387.95,Low,986444413.5699999,Mid (2019-2021)
Opel,Corsa-e,2017,Nickel-Metal Hydride,127.2,247,Level 2 Charging,4.1,86264.93,Graphite Gray,Vietnam,0,0.0,4.0,8561,3,0,Premium ($80K–$110K),1.942,349.25,Low,738514065.7299999,Early (2015-2018)
Nio,ES8,2025,Sodium-Ion,31.5,470,Battery Swapping,6.6,78622.0,Matte Green,Canada,1,0.0,4.0,12109,5,1,Mid ($50K–$80K),14.921,167.28,Top,952033798.0,Recent (2022-2025)
Bmw,i4,2019,Calcium-Ion,42.1,395,Plug-In Hydrogen Refueling,8.9,96305.2,Silver,New Zealand,3,0.0,5.0,18293,4,0,Premium ($80K–$110K),9.382,243.81,Top,1761711023.6,Mid (2019-2021)
Gmc,Hummer EV SUV,2015,Magnesium-Ion,101.2,425,Nacs,1.9,37285.41,Cobalt Blue,South Korea,3,0.0,5.0,17343,5,1,Budget (<$50K),4.2,87.73,High,646640865.6300001,Early (2015-2018)
Tesla,Model X,2025,Lithium-Titanate,53.6,538,Nacs,6.8,86837.01,Forest Green,South Africa,5,0.0,3.0,13097,4,1,Premium ($80K–$110K),10.037,161.41,Top,1137304319.97,Recent (2022-2025)
Polestar,Polestar 3,2025,Solid-State,38.4,304,Solar Charging,8.8,92606.82,Ruby Red,Poland,1,0.0,5.0,4276,4,0,Premium ($80K–$110K),7.917,304.63,Top,395986762.32000005,Recent (2022-2025)
Renault,Kangoo E-Tech,2018,Solid-State,60.2,498,Battery Swapping,1.4,134813.3,Platinum,India,5,0.0,4.0,9522,3,1,Luxury (>$110K),8.272,270.71,Top,1283692242.6,Early (2015-2018)
Porsche,Cayenne Electric (upcoming),2018,Lithium-Titanate,107.8,274,Nacs,3.9,145106.21,Volcanic Yellow,Germany,3,0.0,4.0,9522,5,0,Luxury (>$110K),2.542,529.58,Low,1381701331.62,Early (2015-2018)
Ferrari,Ferrari EV (2025+),2023,Aluminum-Ion,139.3,495,Ultra-Fast Charging (350 Kw+),8.9,74204.62,Matte Gray,Turkey,2,0.0,4.0,19991,5,1,Mid ($50K–$80K),3.553,149.91,Medium,1483424558.4199998,Recent (2022-2025)
Bmw,iX3,2020,Lithium-Ion,57.7,427,Level 2 Charging,11.9,64965.15,Electric Blue,Switzerland,2,0.0,5.0,10324,5,1,Mid ($50K–$80K),7.4,152.14,Top,670700208.6,Mid (2019-2021)
Jaguar,I-PACE,2018,Magnesium-Ion,38.4,152,Dc Fast Charging (Dcfc),1.6,101982.62,Matte Black,Australia,0,0.0,3.0,7900,5,0,Premium ($80K–$110K),3.958,670.94,Medium,805662698.0,Early (2015-2018)
Hyundai,Ioniq 5,2022,Lithium-Iron Phosphate,37.5,429,Mobile Charging,12.0,34705.34,Tan,Japan,0,0.0,5.0,16274,4,1,Budget (<$50K),11.44,80.9,Top,564794703.16,Recent (2022-2025)
Nio,ET7,2022,Lead-Acid,131.6,498,Level 1 Charging,0.6,52179.46,Platinum,Germany,0,0.0,4.0,3670,5,1,Mid ($50K–$80K),3.784,104.78,Medium,191498618.2,Recent (2022-2025)
Volkswagen,ID.2all,2024,Lead-Acid,140.2,225,Plug-In Hydrogen Refueling,4.3,106420.01,Champagne,Spain,4,0.0,4.0,100,5,0,Premium ($80K–$110K),1.605,472.98,Low,10642001.0,Recent (2022-2025)
Skoda,Enyaq,2021,Sodium-Ion,99.3,277,Chademo,10.7,39150.23,Gun Metal,China,4,0.0,3.0,17669,4,0,Budget (<$50K),2.79,141.34,Medium,691745413.87,Mid (2019-2021)
Volvo,C40 Recharge,2021,Lead-Acid,82.1,529,Level 1 Charging,7.2,120782.54,Tan,Denmark,5,0.0,5.0,16575,3,1,Luxury (>$110K),6.443,228.32,High,2001970600.5,Mid (2019-2021)
Audi,e-tron GT,2022,Lithium-Sulfur,63.6,314,Dc Fast Charging (Dcfc),1.6,142053.35,Ice Silver,Czech Republic,3,0.0,3.0,12020,5,0,Luxury (>$110K),4.937,452.4,High,1707481267.0,Recent (2022-2025)
Nissan,Ariya,2018,Nickel-Manganese-Cobalt,141.6,319,Vehicle-To-Grid (V2G),11.6,119250.86,Matte Black,France,3,0.0,3.0,1381,3,0,Luxury (>$110K),2.253,373.83,Low,164685437.66,Early (2015-2018)
Bmw,iX1,2018,Sodium-Ion,70.8,552,Dc Fast Charging (Dcfc),9.9,121528.34,Beige,Sweden,0,0.0,3.0,5751,3,1,Luxury (>$110K),7.797,220.16,Top,698909483.34,Early (2015-2018)
Honda,Honda Prologue,2020,Lithium-Ion,126.3,360,Nacs,5.5,43052.84,Emerald Green,Russia,4,0.0,3.0,17186,4,0,Budget (<$50K),2.85,119.59,Medium,739906108.2399999,Mid (2019-2021)
Mazda,MX-30,2016,Lithium-Iron Phosphate,59.5,383,Level 1 Charging,9.6,148217.63,Navy Blue,Denmark,1,0.0,5.0,17321,3,0,Luxury (>$110K),6.437,386.99,High,2567277569.23,Early (2015-2018)
Li Auto,L7,2018,Lithium-Iron Phosphate,103.9,414,Ccs,1.1,110043.09,Candy Apple Red,Germany,0,0.0,5.0,2124,4,1,Luxury (>$110K),3.985,265.8,Medium,233731523.16,Early (2015-2018)
Mazda,MX-30,2015,Lithium-Titanate,149.4,230,Nacs,5.1,101742.04,Matte Green,Finland,3,0.0,4.0,9712,5,0,Premium ($80K–$110K),1.539,442.36,Low,988118692.4799999,Early (2015-2018)
Genesis,G80 Electric,2016,Aluminum-Ion,87.9,174,Overhead Pantograph Charging,7.2,106413.24,Matte Green,Belgium,3,0.0,5.0,10144,5,0,Premium ($80K–$110K),1.98,611.57,Low,1079455906.56,Early (2015-2018)
Gmc,Hummer EV Pickup,2017,Aluminum-Ion,44.7,194,Ultra-Fast Charging (350 Kw+),3.9,46955.07,Brown,Thailand,0,0.0,5.0,15498,3,0,Budget (<$50K),4.34,242.04,High,727709674.86,Early (2015-2018)
Xpeng,P7,2022,Magnesium-Ion,74.3,556,Level 1 Charging,7.9,50869.75,Electric Blue,Poland,5,0.0,4.0,19739,4,1,Mid ($50K–$80K),7.483,91.49,Top,1004117995.25,Recent (2022-2025)
Genesis,GV70 Electric,2023,Nickel-Metal Hydride,105.4,387,Level 1 Charging,10.1,147712.4,Platinum,Usa,3,0.0,3.0,18555,5,0,Luxury (>$110K),3.672,381.69,Medium,2740803582.0,Recent (2022-2025)
Zeekr,Zeekr 009,2015,Lead-Acid,124.6,501,Chademo,5.2,121572.63,Matte White,Sweden,2,0.0,5.0,12396,4,1,Luxury (>$110K),4.021,242.66,Medium,1507014321.48,Early (2015-2018)
Li Auto,L7,2018,Lithium-Ion,93.0,514,Vehicle-To-Grid (V2G),1.6,129673.7,Charcoal,Denmark,2,0.0,3.0,8255,3,1,Luxury (>$110K),5.527,252.28,High,1070456393.5,Early (2015-2018)
Opel,Mokka-e,2021,Lead-Acid,39.4,400,Solar Charging,10.3,62628.17,Silver,Germany,1,0.0,3.0,16839,4,1,Mid ($50K–$80K),10.152,156.57,Top,1054595754.63,Mid (2019-2021)
Cadillac,Celestiq,2021,Solid-State,149.8,159,Plug-In Hydrogen Refueling,6.3,39006.81,Lime Green,Denmark,2,0.0,3.0,1570,3,0,Budget (<$50K),1.061,245.33,Low,61240691.699999996,Mid (2019-2021)
Nio,ET5,2024,Flow Batteries,56.3,250,Dc Fast Charging (Dcfc),10.4,68567.13,Sunset Orange,Indonesia,5,0.0,4.0,13472,5,0,Mid ($50K–$80K),4.44,274.27,High,923736375.36,Recent (2022-2025)
Ford,Mustang Mach-E,2020,Lithium-Iron Phosphate,102.9,238,Level 1 Charging,10.8,82877.95,Gun Metal,Czech Republic,0,0.0,3.0,13212,4,0,Premium ($80K–$110K),2.313,348.23,Low,1094983475.3999999,Mid (2019-2021)
Mini,Mini Electric,2024,Nickel-Metal Hydride,64.8,384,Dc Fast Charging (Dcfc),9.1,89051.29,Emerald Green,New Zealand,0,0.0,5.0,2188,4,0,Premium ($80K–$110K),5.926,231.9,High,194844222.51999998,Recent (2022-2025)
Nissan,Ariya,2023,Flow Batteries,89.4,134,Inductive (Wireless) Charging,2.8,84463.97,Green,Italy,2,0.0,3.0,11296,4,0,Premium ($80K–$110K),1.499,630.33,Low,954105005.12,Recent (2022-2025)
Kia,EV9,2023,Aluminum-Ion,30.3,105,Inductive (Wireless) Charging,10.3,137893.67,Pearl White,France,3,0.0,3.0,13824,3,0,Luxury (>$110K),3.465,1313.27,Medium,1906242094.0800002,Recent (2022-2025)
Canoo,MPDV,2025,Sodium-Ion,37.2,353,Overhead Pantograph Charging,4.8,52846.46,Candy Apple Red,China,4,0.0,3.0,5527,5,0,Mid ($50K–$80K),9.489,149.71,Top,292082384.42,Recent (2022-2025)
Rimac,Nevera,2017,Calcium-Ion,71.4,361,Level 2 Charging,11.7,41341.95,Bronze,Czech Republic,1,0.0,3.0,13053,4,0,Budget (<$50K),5.056,114.52,High,539636473.3499999,Early (2015-2018)
Maserati,Grecale Folgore,2017,Aluminum-Ion,80.2,504,Vehicle-To-Load (V2L),8.2,50438.18,Midnight Black,China,3,0.0,4.0,16107,5,1,Mid ($50K–$80K),6.284,100.08,High,812407765.26,Early (2015-2018)
Maserati,Grecale Folgore,2016,Flow Batteries,45.1,365,Vehicle-To-Grid (V2G),2.5,95535.01,Racing Red,Russia,5,0.0,4.0,7590,5,0,Premium ($80K–$110K),8.093,261.74,Top,725110725.9,Early (2015-2018)
Polestar,Polestar 2,2023,Nickel-Metal Hydride,90.7,263,Vehicle-To-Grid (V2G),0.8,57468.99,Stealth Gray,Malaysia,0,0.0,5.0,14047,4,0,Mid ($50K–$80K),2.9,218.51,Medium,807266902.53,Recent (2022-2025)
Skoda,Enyaq,2022,Nickel-Manganese-Cobalt,111.0,306,Vehicle-To-Load (V2L),3.2,78610.16,Navy Blue,Sweden,0,0.0,4.0,17715,3,0,Mid ($50K–$80K),2.757,256.9,Medium,1392578984.4,Recent (2022-2025)
Hyundai,Ioniq 5,2017,Lithium-Iron Phosphate,101.8,267,Nacs,1.5,77202.81,Lime Green,Argentina,3,0.0,3.0,8680,4,0,Mid ($50K–$80K),2.623,289.15,Medium,670120390.8,Early (2015-2018)
Ferrari,SF90 Stradale (PHEV),2016,Lead-Acid,104.7,579,Nacs,1.3,98474.19,Purple,Singapore,3,0.0,5.0,19353,5,1,Premium ($80K–$110K),5.53,170.08,High,1905770999.07,Early (2015-2018)
Opel,Grandland Electric,2019,Lithium-Iron Phosphate,75.9,411,Solar Charging,9.5,134169.32,Pearl White,Italy,0,0.0,5.0,7530,5,1,Luxury (>$110K),5.415,326.45,High,1010294979.6,Mid (2019-2021)
Maserati,GranTurismo Folgore,2024,Lithium-Titanate,109.9,359,Solar Charging,8.0,65776.47,Gun Metal,Mexico,4,0.0,5.0,2752,4,0,Mid ($50K–$80K),3.267,183.22,Medium,181016845.44,Recent (2022-2025)
Fisker,Pear (upcoming),2025,Lead-Acid,86.0,592,Level 2 Charging,8.5,82968.67,Teal,Norway,4,0.0,3.0,17670,5,1,Premium ($80K–$110K),6.884,140.15,Top,1466056398.8999999,Recent (2022-2025)
Porsche,Taycan,2024,Nickel-Manganese-Cobalt,55.7,499,Dc Fast Charging (Dcfc),11.6,37617.73,Emerald Green,Australia,4,0.0,5.0,18828,4,1,Budget (<$50K),8.959,75.39,Top,708266620.44,Recent (2022-2025)
Mg,MG ES5,2017,Calcium-Ion,128.4,263,Inductive (Wireless) Charging,6.2,119971.74,Burgundy,Saudi Arabia,4,0.0,5.0,7781,4,0,Luxury (>$110K),2.048,456.17,Low,933500108.94,Early (2015-2018)
Bmw,iX3,2019,Aluminum-Ion,23.9,558,Overhead Pantograph Charging,9.2,76818.53,Volcanic Yellow,Finland,3,0.0,4.0,4090,3,1,Mid ($50K–$80K),23.347,137.67,Top,314187787.7,Mid (2019-2021)
Toyota,Lexus UX 300e,2017,Magnesium-Ion,117.0,536,Overhead Pantograph Charging,3.6,51906.72,Matte Black,Thailand,3,0.0,5.0,9639,3,1,Mid ($50K–$80K),4.581,96.84,High,500328874.08,Early (2015-2018)
Acura,ZDX (with GM Ultium),2025,Nickel-Metal Hydride,108.9,478,Battery Swapping,9.6,129637.0,Crimson Red,Denmark,4,0.0,3.0,8543,3,1,Luxury (>$110K),4.389,271.21,High,1107488891.0,Recent (2022-2025)
Skoda,Elroq (upcoming),2020,Nickel-Metal Hydride,89.3,272,Vehicle-To-Load (V2L),2.5,143402.93,Beige,Netherlands,1,0.0,5.0,7283,4,0,Luxury (>$110K),3.046,527.22,Medium,1044403539.1899999,Mid (2019-2021)
Lotus,Evija,2025,Sodium-Ion,33.3,540,Ccs,6.9,76946.32,Turquoise,Germany,3,0.0,5.0,10629,3,1,Mid ($50K–$80K),16.216,142.49,Top,817862435.2800001,Recent (2022-2025)
Gmc,Hummer EV SUV,2022,Magnesium-Ion,108.4,522,Battery Swapping,3.1,53299.14,Emerald Green,Finland,3,0.0,5.0,2441,3,1,Mid ($50K–$80K),4.815,102.11,High,130103200.74,Recent (2022-2025)
Great Wall Motors,ORA Ballet Cat,2022,Nickel-Metal Hydride,26.1,367,Mobile Charging,7.2,62296.05,Silver,Uk,1,0.0,4.0,9622,4,0,Mid ($50K–$80K),14.061,169.74,Top,599412593.1,Recent (2022-2025)
Kia,EV6,2020,Lithium-Iron Phosphate,33.9,473,Nacs,4.7,136331.87,Platinum,Indonesia,4,0.0,4.0,10397,3,1,Luxury (>$110K),13.953,288.23,Top,1417442452.3899999,Mid (2019-2021)
Nissan,Ariya,2017,Lithium-Titanate,132.4,510,Ccs,3.8,122371.13,Green,Japan,1,0.0,3.0,19389,5,1,Luxury (>$110K),3.852,239.94,Medium,2372653839.57,Early (2015-2018)
Great Wall Motors,ORA Ballet Cat,2015,Zinc-Air,115.2,167,Vehicle-To-Load (V2L),0.6,73318.39,Forest Green,Turkey,2,0.0,4.0,18265,4,0,Mid ($50K–$80K),1.45,439.03,Low,1339160393.35,Early (2015-2018)
Li Auto,L7,2020,Calcium-Ion,120.5,359,Vehicle-To-Grid (V2G),9.6,83973.56,Candy Apple Red,Portugal,1,0.0,5.0,11052,5,0,Premium ($80K–$110K),2.979,233.91,Medium,928075785.12,Mid (2019-2021)
Mini,Mini Cooper SE,2023,Flow Batteries,64.1,401,Vehicle-To-Grid (V2G),11.6,125592.29,Purple,Finland,4,0.0,3.0,2719,5,1,Luxury (>$110K),6.256,313.2,High,341485436.51,Recent (2022-2025)
Zeekr,Zeekr 009,2015,Nickel-Metal Hydride,141.2,103,Level 2 Charging,1.0,126194.58,Turquoise,Austria,1,0.0,5.0,3792,4,0,Luxury (>$110K),0.729,1225.19,Low,478529847.36,Early (2015-2018)
Rimac,Nevera,2018,Lithium-Ion,62.1,346,Level 2 Charging,6.5,106010.14,Brown,United Arab Emirates,5,0.0,5.0,17196,5,0,Premium ($80K–$110K),5.572,306.39,High,1822950367.44,Early (2015-2018)
Nio,EC6,2024,Zinc-Air,149.4,351,Chademo,6.2,132041.04,Crimson Red,Vietnam,5,0.0,4.0,13542,3,0,Luxury (>$110K),2.349,376.19,Low,1788099763.68,Recent (2022-2025)
Peugeot,e-208,2017,Sodium-Ion,130.0,478,Nacs,11.1,64549.59,Red,South Africa,1,0.0,3.0,4381,3,1,Mid ($50K–$80K),3.677,135.04,Medium,282791753.78999996,Early (2015-2018)
Audi,e-tron GT,2018,Zinc-Air,38.6,530,Level 1 Charging,7.7,104888.14,Blue,India,0,0.0,4.0,5247,3,1,Premium ($80K–$110K),13.731,197.9,Top,550348070.58,Early (2015-2018)
Dacia,Bigster EV (upcoming),2020,Lithium-Ion,89.2,492,Vehicle-To-Load (V2L),5.1,114740.0,Lime Green,Australia,1,0.0,4.0,8530,5,1,Luxury (>$110K),5.516,233.21,High,978732200.0,Mid (2019-2021)
Byd,Atto 3,2025,Lithium-Sulfur,82.9,294,Chademo,10.4,143056.53,Purple,Sweden,4,0.0,5.0,14862,4,0,Luxury (>$110K),3.546,486.59,Medium,2126106148.86,Recent (2022-2025)
Mini,Mini Aceman,2018,Lithium-Titanate,33.3,127,Nacs,8.8,145242.07,Ruby Red,New Zealand,3,0.0,5.0,7119,5,0,Luxury (>$110K),3.814,1143.64,Medium,1033978296.33,Early (2015-2018)
Genesis,GV70 Electric,2015,Sodium-Ion,43.6,179,Inductive (Wireless) Charging,9.0,135787.05,Yellow,Vietnam,5,0.0,4.0,9935,3,0,Luxury (>$110K),4.106,758.59,High,1349044341.75,Early (2015-2018)
Lamborghini,Revuelto (PHEV),2018,Aluminum-Ion,41.7,434,Overhead Pantograph Charging,8.6,59342.54,Matte Green,Saudi Arabia,4,0.0,3.0,16026,5,1,Mid ($50K–$80K),10.408,136.73,Top,951023546.04,Early (2015-2018)
Genesis,G80 Electric,2022,Lithium-Iron Phosphate,41.0,301,Solar Charging,3.3,32347.24,Pink,Spain,4,0.0,5.0,3816,3,0,Budget (<$50K),7.341,107.47,Top,123437067.84,Recent (2022-2025)
Geely,Emgrand EV,2024,Nickel-Manganese-Cobalt,20.3,392,Nacs,5.6,49450.75,Pink,Belgium,4,0.0,4.0,3686,3,0,Budget (<$50K),19.31,126.15,Top,182275464.5,Recent (2022-2025)
Mahindra,Born Electric (upcoming range),2017,Zinc-Air,143.7,584,Ultra-Fast Charging (350 Kw+),2.0,33369.41,Sky Blue,France,3,0.0,5.0,1778,5,1,Budget (<$50K),4.064,57.14,Medium,59330810.980000004,Early (2015-2018)
Lucid Motors,Lucid Air,2015,Aluminum-Ion,25.8,489,Vehicle-To-Load (V2L),7.5,142767.23,Sunset Orange,South Africa,4,0.0,5.0,12196,5,1,Luxury (>$110K),18.953,291.96,Top,1741189137.0800002,Early (2015-2018)
Mg,MG5 EV,2017,Lithium-Iron Phosphate,102.9,301,Level 2 Charging,9.7,140705.69,Burgundy,Japan,2,0.0,4.0,2687,5,0,Luxury (>$110K),2.925,467.46,Medium,378076189.03000003,Early (2015-2018)
Vinfast,VFe34 (discontinued),2020,Solid-State,79.8,277,Nacs,11.5,134640.79,Matte Green,Uk,3,0.0,5.0,19230,5,0,Luxury (>$110K),3.471,486.07,Medium,2589142391.7000003,Mid (2019-2021)
Fisker,Ocean,2016,Lithium-Sulfur,45.8,241,Inductive (Wireless) Charging,1.2,128789.9,White,Singapore,3,0.0,4.0,3045,5,0,Luxury (>$110K),5.262,534.4,High,392165245.5,Early (2015-2018)
Jaguar,I-PACE,2021,Lithium-Ion,102.3,474,Chademo,1.8,48888.55,Sky Blue,Australia,5,0.0,5.0,2924,3,1,Budget (<$50K),4.633,103.14,High,142950120.20000002,Mid (2019-2021)
Jaguar,I-PACE,2021,Solid-State,36.8,192,Level 2 Charging,1.9,116600.48,Candy Apple Red,Italy,5,0.0,4.0,8148,3,0,Luxury (>$110K),5.217,607.29,High,950060711.04,Mid (2019-2021)
Gmc,Hummer EV Pickup,2015,Lithium-Sulfur,94.3,320,Plug-In Hydrogen Refueling,4.4,94337.82,Lime Green,Norway,5,0.0,3.0,4903,4,0,Premium ($80K–$110K),3.393,294.81,Medium,462538331.46000004,Early (2015-2018)
Porsche,Taycan,2016,Lithium-Sulfur,23.0,385,Plug-In Hydrogen Refueling,7.7,46873.35,Pink,Usa,2,0.0,4.0,12306,3,0,Budget (<$50K),16.739,121.75,Top,576823445.1,Early (2015-2018)
Nissan,Leaf,2020,Sodium-Ion,113.8,529,Dc Fast Charging (Dcfc),9.8,118317.99,White,Switzerland,4,0.0,5.0,19118,4,1,Luxury (>$110K),4.649,223.66,High,2262003332.82,Mid (2019-2021)
Canoo,Lifestyle Vehicle,2016,Lithium-Iron Phosphate,146.0,160,Chademo,3.7,80863.45,Teal,United Arab Emirates,2,0.0,3.0,6947,3,0,Premium ($80K–$110K),1.096,505.4,Low,561758387.15,Early (2015-2018)
Honda,e:Ny1,2017,Lithium-Ion,38.3,346,Level 2 Charging,5.4,73418.71,Pearl White,New Zealand,3,0.0,5.0,2015,4,0,Mid ($50K–$80K),9.034,212.19,Top,147938700.65,Early (2015-2018)
Renault,Megane E-Tech,2021,Nickel-Cobalt-Aluminum,132.1,111,Vehicle-To-Grid (V2G),3.1,45177.93,Copper,South Africa,0,0.0,3.0,248,3,0,Budget (<$50K),0.84,407.01,Low,11204126.64,Mid (2019-2021)
Seat,Avenger,2015,Lithium-Iron Phosphate,27.6,108,Overhead Pantograph Charging,10.9,78664.8,Champagne,Singapore,5,0.0,4.0,2126,4,0,Mid ($50K–$80K),3.913,728.38,Medium,167241364.8,Early (2015-2018)
Geely,Emgrand EV,2025,Magnesium-Ion,149.7,290,Solar Charging,5.4,50697.9,Forest Green,Spain,0,0.0,4.0,14227,3,0,Mid ($50K–$80K),1.937,174.82,Low,721279023.3000001,Recent (2022-2025)
Jaguar,I-PACE,2023,Lithium-Ion,120.0,508,Ccs,0.9,33197.45,Racing Red,Indonesia,0,0.0,3.0,16023,3,1,Budget (<$50K),4.233,65.35,High,531922741.34999996,Recent (2022-2025)
Zeekr,Zeekr 001,2023,Lithium-Ion,87.2,515,Overhead Pantograph Charging,5.6,47775.86,Black,France,5,0.0,4.0,16658,3,1,Budget (<$50K),5.906,92.77,High,795850275.88,Recent (2022-2025)
Li Auto,MEGA,2016,Lithium-Iron Phosphate,27.0,464,Ultra-Fast Charging (350 Kw+),4.3,146253.04,Platinum,Czech Republic,4,0.0,3.0,13127,3,1,Luxury (>$110K),17.185,315.2,Top,1919863656.0800002,Early (2015-2018)
Jaguar,I-PACE,2015,Lithium-Ion,93.5,193,Overhead Pantograph Charging,6.6,93374.68,Teal,Malaysia,3,0.0,3.0,3948,5,0,Premium ($80K–$110K),2.064,483.81,Low,368643236.64,Early (2015-2018)
Tesla,Model X,2018,Flow Batteries,124.5,497,Inductive (Wireless) Charging,7.5,48790.14,Cobalt Blue,Malaysia,3,0.0,3.0,2586,4,1,Budget (<$50K),3.992,98.17,Medium,126171302.03999999,Early (2015-2018)
Jeep,Wrangler 4xe (PHEV),2023,Lithium-Iron Phosphate,128.0,458,Vehicle-To-Load (V2L),0.7,36909.71,Bronze,Thailand,0,0.0,5.0,817,3,1,Budget (<$50K),3.578,80.59,Medium,30155233.07,Recent (2022-2025)
Vinfast,VF 6,2015,Nickel-Manganese-Cobalt,96.5,441,Vehicle-To-Home (V2H),1.9,60277.99,Black,Spain,4,0.0,5.0,18445,5,1,Mid ($50K–$80K),4.57,136.68,High,1111827525.55,Early (2015-2018)
Dacia,Bigster EV (upcoming),2024,Lithium-Ion,61.0,441,Dc Fast Charging (Dcfc),4.1,50654.47,Gold,Finland,0,0.0,5.0,16282,4,1,Mid ($50K–$80K),7.23,114.86,Top,824756080.54,Recent (2022-2025)
Vinfast,VFe34 (discontinued),2023,Nickel-Manganese-Cobalt,103.1,431,Dc Fast Charging (Dcfc),2.8,100838.06,Sky Blue,Canada,3,0.0,3.0,13463,4,1,Premium ($80K–$110K),4.18,233.96,High,1357582801.78,Recent (2022-2025)
Kia,Niro EV,2018,Nickel-Manganese-Cobalt,57.3,125,Vehicle-To-Load (V2L),6.0,61940.89,Crimson Red,Norway,3,0.0,5.0,19365,5,0,Mid ($50K–$80K),2.182,495.53,Low,1199485334.85,Early (2015-2018)
Mazda,MX-30,2024,Nickel-Manganese-Cobalt,124.9,134,Battery Swapping,2.4,81694.44,Lime Green,Italy,3,0.0,5.0,5620,3,0,Premium ($80K–$110K),1.073,609.66,Low,459122752.8,Recent (2022-2025)
Hyundai,Ioniq 7 (upcoming),2015,Calcium-Ion,40.6,440,Level 1 Charging,7.8,109252.82,Gold,France,4,0.0,3.0,12103,5,1,Premium ($80K–$110K),10.837,248.3,Top,1322286880.46,Early (2015-2018)
Seat,Avenger,2017,Aluminum-Ion,34.6,599,Vehicle-To-Home (V2H),11.6,117714.81,Matte White,Turkey,2,0.0,3.0,17911,4,1,Luxury (>$110K),17.312,196.52,Top,2108389961.9099998,Early (2015-2018)
Honda,Honda Prologue,2023,Nickel-Metal Hydride,40.9,161,Vehicle-To-Home (V2H),11.4,136012.96,Matte Black,Turkey,1,0.0,5.0,12248,4,0,Luxury (>$110K),3.936,844.8,Medium,1665886734.08,Recent (2022-2025)
Tesla,Cybertruck,2017,Lithium-Ion,125.5,232,Level 2 Charging,5.3,68423.78,Lime Green,Uk,1,0.0,3.0,9815,5,0,Mid ($50K–$80K),1.849,294.93,Low,671579400.7,Early (2015-2018)
Xpeng,P7,2025,Flow Batteries,30.9,180,Vehicle-To-Load (V2L),8.3,100851.59,Burgundy,Netherlands,3,0.0,4.0,12848,5,0,Premium ($80K–$110K),5.825,560.29,High,1295741228.32,Recent (2022-2025)
Mini,Mini Cooper SE,2025,Flow Batteries,26.5,122,Overhead Pantograph Charging,3.1,44149.68,Burgundy,Uk,3,0.0,4.0,18082,5,0,Budget (<$50K),4.604,361.88,High,798314513.76,Recent (2022-2025)
Polestar,Polestar 3,2022,Lithium-Sulfur,107.6,513,Ultra-Fast Charging (350 Kw+),4.3,75286.42,Yellow,Australia,5,0.0,4.0,1480,5,1,Mid ($50K–$80K),4.768,146.76,High,111423901.6,Recent (2022-2025)
Li Auto,L9,2024,Nickel-Cobalt-Aluminum,69.9,227,Battery Swapping,11.3,81516.99,Bronze,Malaysia,1,0.0,4.0,18377,4,0,Premium ($80K–$110K),3.247,359.11,Medium,1498037725.23,Recent (2022-2025)
Kia,EV9,2017,Nickel-Metal Hydride,147.6,282,Ultra-Fast Charging (350 Kw+),10.0,78795.71,Matte White,Saudi Arabia,3,0.0,3.0,8713,5,0,Mid ($50K–$80K),1.911,279.42,Low,686547021.23,Early (2015-2018)
Xpeng,X9,2023,Lithium-Iron Phosphate,99.8,550,Vehicle-To-Grid (V2G),2.1,61023.79,Aurora Blue,Sweden,4,0.0,4.0,722,5,1,Mid ($50K–$80K),5.511,110.95,High,44059176.38,Recent (2022-2025)
Audi,e-tron,2019,Solid-State,47.9,524,Ccs,7.2,120802.63,Volcanic Yellow,Belgium,4,0.0,3.0,13349,3,1,Luxury (>$110K),10.939,230.54,Top,1612594307.8700001,Mid (2019-2021)
Volvo,C40 Recharge,2022,Lithium-Titanate,73.0,100,Mobile Charging,2.6,59835.04,Gold,Hungary,0,0.0,5.0,718,3,0,Mid ($50K–$80K),1.37,598.35,Low,42961558.72,Recent (2022-2025)
Byd,Seal,2019,Nickel-Manganese-Cobalt,38.8,163,Ccs,5.4,108034.29,Metallic Silver,Czech Republic,4,0.0,4.0,15867,5,0,Premium ($80K–$110K),4.201,662.79,High,1714180079.4299998,Mid (2019-2021)
Audi,A6 e-tron (upcoming),2017,Lithium-Titanate,53.6,375,Level 2 Charging,6.8,144771.13,Volcanic Yellow,Usa,3,0.0,4.0,2608,4,0,Luxury (>$110K),6.996,386.06,Top,377563107.04,Early (2015-2018)
Toyota,Lexus RZ,2023,Calcium-Ion,149.4,503,Ultra-Fast Charging (350 Kw+),10.2,104705.7,Cream,India,4,0.0,5.0,8158,5,1,Premium ($80K–$110K),3.367,208.16,Medium,854189100.6,Recent (2022-2025)
Jeep,Recon (upcoming),2024,Lead-Acid,77.2,576,Plug-In Hydrogen Refueling,7.0,112642.7,Green,Hungary,2,0.0,3.0,3625,3,1,Luxury (>$110K),7.461,195.56,Top,408329787.5,Recent (2022-2025)
Gmc,Hummer EV Pickup,2024,Flow Batteries,43.5,532,Vehicle-To-Load (V2L),11.9,59567.58,Beige,Japan,0,0.0,5.0,2027,3,1,Mid ($50K–$80K),12.23,111.97,Top,120743484.66,Recent (2022-2025)
Cadillac,Optiq (upcoming),2023,Magnesium-Ion,71.3,315,Mobile Charging,3.4,147103.71,Ruby Red,Italy,3,0.0,5.0,1828,4,0,Luxury (>$110K),4.418,467.0,High,268905581.88,Recent (2022-2025)
Mahindra,XUV400,2015,Lithium-Ion,97.2,433,Solar Charging,9.8,65845.61,Matte Blue,Spain,2,0.0,5.0,8977,5,1,Mid ($50K–$80K),4.455,152.07,High,591096040.97,Early (2015-2018)
Lamborghini,Lanzador (upcoming EV),2021,Nickel-Manganese-Cobalt,73.4,267,Vehicle-To-Grid (V2G),3.5,31722.61,Burgundy,Poland,2,0.0,5.0,956,5,0,Budget (<$50K),3.638,118.81,Medium,30326815.16,Mid (2019-2021)
Geely,Geometry C,2020,Lithium-Iron Phosphate,45.0,359,Level 1 Charging,5.4,59102.0,Burgundy,Argentina,3,0.0,5.0,6039,4,0,Mid ($50K–$80K),7.978,164.63,Top,356916978.0,Mid (2019-2021)
Pininfarina,Battista,2015,Solid-State,71.5,271,Overhead Pantograph Charging,3.1,36443.89,Ice Silver,Vietnam,1,0.0,3.0,14808,4,0,Budget (<$50K),3.79,134.48,Medium,539661123.12,Early (2015-2018)
Great Wall Motors,ORA Ballet Cat,2025,Nickel-Manganese-Cobalt,60.4,168,Mobile Charging,7.6,76817.22,Yellow,Uk,5,0.0,4.0,16494,4,0,Mid ($50K–$80K),2.781,457.25,Medium,1267023226.68,Recent (2022-2025)
Maserati,GranTurismo Folgore,2015,Lithium-Ion,118.9,374,Level 1 Charging,1.7,100657.19,Cream,New Zealand,4,0.0,3.0,18934,5,0,Premium ($80K–$110K),3.146,269.14,Medium,1905843235.46,Early (2015-2018)
Fisker,Pear (upcoming),2015,Aluminum-Ion,124.2,328,Chademo,11.9,79025.84,Gold,Netherlands,3,0.0,3.0,1752,3,0,Mid ($50K–$80K),2.641,240.93,Medium,138453271.68,Early (2015-2018)
Lotus,Emeya,2018,Lithium-Titanate,118.8,345,Mobile Charging,3.1,71486.31,Matte Blue,India,4,0.0,5.0,5531,4,0,Mid ($50K–$80K),2.904,207.21,Medium,395390780.61,Early (2015-2018)
Honda,Honda e (discontinued),2017,Lithium-Sulfur,36.6,443,Ultra-Fast Charging (350 Kw+),6.3,135437.99,Turquoise,Portugal,3,0.0,4.0,12039,4,1,Luxury (>$110K),12.104,305.73,Top,1630537961.61,Early (2015-2018)
Genesis,G80 Electric,2020,Lithium-Titanate,38.9,200,Dc Fast Charging (Dcfc),1.8,143335.72,Charcoal,Malaysia,4,0.0,4.0,2780,4,0,Luxury (>$110K),5.141,716.68,High,398473301.6,Mid (2019-2021)
Geely,Geometry C,2018,Lithium-Iron Phosphate,106.4,430,Nacs,6.1,33684.61,Titanium,United Arab Emirates,5,0.0,4.0,15556,4,1,Budget (<$50K),4.041,78.34,Medium,523997793.16,Early (2015-2018)
Dacia,Jogger Hybrid,2025,Lead-Acid,27.9,533,Dc Fast Charging (Dcfc),7.5,76442.98,Forest Green,Japan,5,0.0,4.0,19951,3,1,Mid ($50K–$80K),19.104,143.42,Top,1525113893.98,Recent (2022-2025)
Rimac,Nevera,2019,Zinc-Air,136.2,269,Ultra-Fast Charging (350 Kw+),10.6,31417.84,Rose Gold,France,5,0.0,5.0,9391,5,0,Budget (<$50K),1.975,116.79,Low,295044935.44,Mid (2019-2021)
Audi,Q8 e-tron,2020,Nickel-Metal Hydride,56.3,230,Overhead Pantograph Charging,3.5,81299.7,Platinum,Saudi Arabia,4,0.0,4.0,19751,5,0,Premium ($80K–$110K),4.085,353.48,High,1605750374.7,Mid (2019-2021)
Rivian,R1S,2023,Solid-State,22.0,451,Mobile Charging,3.3,101490.77,Charcoal,Saudi Arabia,4,0.0,5.0,12648,5,1,Premium ($80K–$110K),20.5,225.03,Top,1283655258.96,Recent (2022-2025)
Ferrari,Ferrari EV (2025+),2021,Zinc-Air,88.6,497,Chademo,10.7,121720.1,Gun Metal,South Korea,2,0.0,4.0,3429,4,1,Luxury (>$110K),5.609,244.91,High,417378222.90000004,Mid (2019-2021)
Geely,Emgrand EV,2017,Lithium-Sulfur,69.0,118,Dc Fast Charging (Dcfc),10.4,148379.48,Matte White,India,1,0.0,5.0,7418,5,0,Luxury (>$110K),1.71,1257.45,Low,1100678982.64,Early (2015-2018)
Geely,Geometry A,2023,Lithium-Iron Phosphate,51.0,505,Ccs,2.2,43527.55,Ruby Red,United Arab Emirates,3,0.0,5.0,6884,3,1,Budget (<$50K),9.902,86.19,Top,299643654.20000005,Recent (2022-2025)
Lotus,Evija,2015,Lithium-Titanate,95.1,573,Inductive (Wireless) Charging,2.4,44535.19,Platinum,Canada,3,0.0,3.0,2065,5,1,Budget (<$50K),6.025,77.72,High,91965167.35000001,Early (2015-2018)
Lotus,Emeya,2022,Nickel-Cobalt-Aluminum,69.3,123,Level 1 Charging,6.3,105765.49,Lime Green,United Arab Emirates,5,0.0,3.0,17948,3,0,Premium ($80K–$110K),1.775,859.88,Low,1898279014.52,Recent (2022-2025)
Canoo,Pickup,2018,Sodium-Ion,69.9,147,Solar Charging,1.2,116940.71,Matte Gray,Czech Republic,5,0.0,5.0,16722,3,0,Luxury (>$110K),2.103,795.52,Low,1955482552.6200001,Early (2015-2018)
Vinfast,VF 9,2019,Nickel-Cobalt-Aluminum,121.8,492,Chademo,2.7,67119.6,Matte Blue,Hungary,0,0.0,3.0,14976,4,1,Mid ($50K–$80K),4.039,136.42,Medium,1005183129.6000001,Mid (2019-2021)
Porsche,Taycan,2020,Calcium-Ion,126.0,583,Mobile Charging,11.5,100599.16,Candy Apple Red,China,5,0.0,5.0,12777,4,1,Premium ($80K–$110K),4.627,172.55,High,1285355467.32,Mid (2019-2021)
Toyota,bZ4X,2016,Lithium-Ion,137.6,301,Overhead Pantograph Charging,3.9,40385.01,Green,Austria,0,0.0,3.0,13068,5,0,Budget (<$50K),2.188,134.17,Low,527751310.68,Early (2015-2018)
Canoo,MPDV,2019,Magnesium-Ion,100.4,121,Level 1 Charging,4.7,97403.74,Metallic Silver,Vietnam,1,0.0,5.0,18594,5,0,Premium ($80K–$110K),1.205,804.99,Low,1811125141.5600002,Mid (2019-2021)
Gmc,Hummer EV SUV,2017,Nickel-Cobalt-Aluminum,98.9,501,Level 1 Charging,6.6,94792.27,Matte Gray,United Arab Emirates,5,0.0,5.0,15902,5,1,Premium ($80K–$110K),5.066,189.21,High,1507386677.54,Early (2015-2018)
Audi,Q4 e-tron,2015,Sodium-Ion,124.4,319,Nacs,4.7,131267.15,Matte Green,Australia,0,0.0,3.0,2850,3,0,Luxury (>$110K),2.564,411.5,Low,374111377.5,Early (2015-2018)
Zeekr,Zeekr 009,2022,Calcium-Ion,145.2,367,Nacs,4.9,66327.08,Green,United Arab Emirates,4,0.0,3.0,15105,4,0,Mid ($50K–$80K),2.528,180.73,Low,1001870543.4,Recent (2022-2025)
Pininfarina,Battista,2016,Nickel-Manganese-Cobalt,83.3,248,Dc Fast Charging (Dcfc),8.2,46556.37,Copper,India,0,0.0,5.0,18069,3,0,Budget (<$50K),2.977,187.73,Medium,841227049.5300001,Early (2015-2018)
Toyota,bZ4X,2024,Lithium-Titanate,97.0,581,Chademo,5.5,51243.14,Charcoal,Ireland,2,0.0,4.0,1749,5,1,Mid ($50K–$80K),5.99,88.2,High,89624251.86,Recent (2022-2025)
Honda,Honda e (discontinued),2020,Lithium-Sulfur,139.1,153,Overhead Pantograph Charging,8.3,74741.81,Titanium,Japan,4,0.0,3.0,4139,4,0,Mid ($50K–$80K),1.1,488.51,Low,309356351.59,Mid (2019-2021)
Mahindra,XUV400,2024,Lithium-Ion,142.0,125,Dc Fast Charging (Dcfc),7.8,56346.88,Cosmic Purple,Mexico,0,0.0,3.0,9124,4,0,Mid ($50K–$80K),0.88,450.78,Low,514108933.12,Recent (2022-2025)
Porsche,Macan EV,2023,Zinc-Air,62.7,469,Battery Swapping,0.6,40675.13,Matte Black,South Africa,5,0.0,3.0,4464,4,1,Budget (<$50K),7.48,86.73,Top,181573780.32,Recent (2022-2025)
Audi,Q8 e-tron,2023,Aluminum-Ion,141.1,495,Overhead Pantograph Charging,0.6,37909.33,Burgundy,Brazil,5,0.0,3.0,3806,5,1,Budget (<$50K),3.508,76.58,Medium,144282909.98000002,Recent (2022-2025)
Byd,Han EV,2024,Nickel-Metal Hydride,129.7,553,Ccs,11.8,108832.47,Purple,Norway,5,0.0,3.0,14437,3,1,Premium ($80K–$110K),4.264,196.8,High,1571214369.39,Recent (2022-2025)
Canoo,MPDV,2017,Lithium-Iron Phosphate,25.7,336,Dc Fast Charging (Dcfc),9.8,101237.81,Sky Blue,Usa,3,0.0,5.0,2838,5,0,Premium ($80K–$110K),13.074,301.3,Top,287312904.78,Early (2015-2018)
Ferrari,Roma PHEV,2023,Lithium-Titanate,62.5,250,Ultra-Fast Charging (350 Kw+),9.8,46901.91,Matte Green,South Africa,4,0.0,4.0,11292,3,0,Budget (<$50K),4.0,187.61,Medium,529616367.72,Recent (2022-2025)
Cadillac,Celestiq,2019,Nickel-Manganese-Cobalt,119.6,311,Dc Fast Charging (Dcfc),11.5,125163.78,Graphite Gray,Sweden,1,0.0,3.0,6986,5,0,Luxury (>$110K),2.6,402.46,Medium,874394167.08,Mid (2019-2021)
Opel,Corsa-e,2015,Lithium-Sulfur,63.2,178,Overhead Pantograph Charging,9.4,109678.54,Cream,Austria,0,0.0,5.0,11794,4,0,Premium ($80K–$110K),2.816,616.17,Medium,1293548700.76,Early (2015-2018)
Honda,Honda e (discontinued),2018,Sodium-Ion,133.3,177,Vehicle-To-Grid (V2G),6.6,78675.79,Bronze,Saudi Arabia,5,0.0,5.0,7177,5,0,Mid ($50K–$80K),1.328,444.5,Low,564656144.8299999,Early (2015-2018)
Honda,Honda Prologue,2023,Lead-Acid,45.4,255,Nacs,4.2,57342.18,Cobalt Blue,Poland,1,0.0,3.0,14598,4,0,Mid ($50K–$80K),5.617,224.87,High,837081143.64,Recent (2022-2025)
Toyota,Lexus UX 300e,2015,Nickel-Cobalt-Aluminum,66.8,417,Mobile Charging,4.6,73706.65,Cream,Netherlands,1,0.0,4.0,1114,5,1,Mid ($50K–$80K),6.243,176.75,High,82109208.1,Early (2015-2018)
Pininfarina,Battista,2016,Lithium-Ion,84.1,458,Solar Charging,8.9,109929.89,Gun Metal,France,0,0.0,4.0,16630,4,1,Premium ($80K–$110K),5.446,240.02,High,1828134070.7,Early (2015-2018)
Kia,Soul EV,2017,Sodium-Ion,124.7,460,Vehicle-To-Home (V2H),8.3,36478.01,Ice Silver,Norway,0,0.0,3.0,10326,4,1,Budget (<$50K),3.689,79.3,Medium,376671931.26000005,Early (2015-2018)
Seat,Avenger,2025,Nickel-Metal Hydride,149.8,557,Dc Fast Charging (Dcfc),8.2,51868.91,Purple,Singapore,0,0.0,5.0,1663,3,1,Mid ($50K–$80K),3.718,93.12,Medium,86257997.33000001,Recent (2022-2025)
Rimac,Nevera,2020,Lithium-Iron Phosphate,132.2,576,Nacs,10.9,71642.94,Cobalt Blue,Israel,5,0.0,4.0,9257,3,1,Mid ($50K–$80K),4.357,124.38,High,663198695.58,Mid (2019-2021)
Mahindra,XUV400,2022,Lithium-Titanate,44.9,166,Vehicle-To-Home (V2H),7.3,35942.1,Teal,Israel,5,0.0,3.0,1577,3,0,Budget (<$50K),3.697,216.52,Medium,56680691.699999996,Recent (2022-2025)
Xpeng,G9,2025,Zinc-Air,48.1,255,Level 1 Charging,2.8,137671.49,Orange,Usa,1,0.0,4.0,1494,5,0,Luxury (>$110K),5.301,539.89,High,205681206.05999997,Recent (2022-2025)
Gmc,Hummer EV SUV,2016,Solid-State,90.6,420,Ccs,11.5,148858.28,Pink,Finland,1,0.0,3.0,12248,5,1,Luxury (>$110K),4.636,354.42,High,1823216213.44,Early (2015-2018)
Ferrari,Roma PHEV,2017,Lithium-Ion,67.0,136,Level 2 Charging,1.2,145650.49,Matte Green,Singapore,3,0.0,5.0,1926,3,0,Luxury (>$110K),2.03,1070.96,Low,280522843.74,Early (2015-2018)
Maserati,GranTurismo Folgore,2022,Nickel-Manganese-Cobalt,54.2,498,Ultra-Fast Charging (350 Kw+),12.0,90114.46,Ice Silver,Italy,1,0.0,4.0,10051,5,1,Premium ($80K–$110K),9.188,180.95,Top,905740437.46,Recent (2022-2025)
Seat,Avenger,2018,Lithium-Ion,20.4,351,Vehicle-To-Home (V2H),4.8,131767.95,Pearl White,Mexico,1,0.0,3.0,2388,4,0,Luxury (>$110K),17.206,375.41,Top,314661864.6,Early (2015-2018)
Rivian,R1S,2020,Lithium-Sulfur,36.9,300,Nacs,3.8,85125.42,Gold,Norway,5,0.0,5.0,4897,3,0,Premium ($80K–$110K),8.13,283.75,Top,416859181.74,Mid (2019-2021)
Vinfast,VF 7,2019,Sodium-Ion,131.3,135,Level 1 Charging,9.0,33833.8,Silver,Indonesia,0,0.0,4.0,17727,5,0,Budget (<$50K),1.028,250.62,Low,599771772.6,Mid (2019-2021)
Li Auto,L9,2018,Lithium-Ion,39.7,562,Ccs,1.5,77109.85,Crimson Red,Italy,0,0.0,4.0,10947,5,1,Mid ($50K–$80K),14.156,137.21,Top,844121527.95,Early (2015-2018)
Lamborghini,Lanzador (upcoming EV),2020,Calcium-Ion,93.5,195,Dc Fast Charging (Dcfc),2.5,118433.6,Navy Blue,Vietnam,3,0.0,3.0,13732,5,0,Luxury (>$110K),2.086,607.35,Low,1626330195.2,Mid (2019-2021)
Faraday Future,FF 91,2015,Aluminum-Ion,110.2,334,Overhead Pantograph Charging,4.6,52384.63,Gold,Australia,0,0.0,4.0,3753,3,0,Mid ($50K–$80K),3.031,156.84,Medium,196599516.39,Early (2015-2018)
Faraday Future,FF 91,2017,Lithium-Iron Phosphate,112.8,381,Level 1 Charging,2.6,81773.89,Pearl White,France,4,0.0,4.0,17184,3,0,Premium ($80K–$110K),3.378,214.63,Medium,1405202525.76,Early (2015-2018)
Lotus,Evija,2022,Lithium-Titanate,20.6,287,Ccs,5.5,122736.31,Graphite Gray,Vietnam,2,0.0,5.0,19285,4,0,Luxury (>$110K),13.932,427.65,Top,2366969738.35,Recent (2022-2025)
Ferrari,Ferrari EV (2025+),2022,Lithium-Titanate,146.5,185,Ccs,4.9,92011.68,Cosmic Purple,South Korea,2,0.0,5.0,19787,3,0,Premium ($80K–$110K),1.263,497.36,Low,1820635112.1599998,Recent (2022-2025)
Audi,A6 e-tron (upcoming),2021,Zinc-Air,142.5,360,Vehicle-To-Load (V2L),10.8,126444.7,Bronze,Mexico,2,0.0,5.0,4525,3,0,Luxury (>$110K),2.526,351.24,Low,572162267.5,Mid (2019-2021)
Renault,Kangoo E-Tech,2017,Lithium-Ion,27.0,382,Inductive (Wireless) Charging,7.6,94398.55,Emerald Green,Austria,3,0.0,4.0,2905,4,0,Premium ($80K–$110K),14.148,247.12,Top,274227787.75,Early (2015-2018)
Toyota,Lexus RZ,2019,Flow Batteries,47.5,167,Ccs,1.3,146872.57,Turquoise,Singapore,1,0.0,5.0,427,3,0,Luxury (>$110K),3.516,879.48,Medium,62714587.39,Mid (2019-2021)
Chevrolet,Bolt EUV,2015,Lithium-Sulfur,141.8,456,Chademo,3.0,45744.07,Cosmic Purple,Malaysia,1,0.0,4.0,6355,3,1,Budget (<$50K),3.216,100.32,Medium,290703564.85,Early (2015-2018)
Opel,Corsa-e,2023,Solid-State,74.3,553,Level 2 Charging,5.2,77504.75,White,South Korea,4,0.0,4.0,15060,4,1,Mid ($50K–$80K),7.443,140.15,Top,1167221535.0,Recent (2022-2025)
Xpeng,X9,2016,Zinc-Air,89.8,167,Dc Fast Charging (Dcfc),8.4,108211.35,Gun Metal,Uk,5,0.0,4.0,9782,4,0,Premium ($80K–$110K),1.86,647.97,Low,1058523425.7,Early (2015-2018)
Cadillac,Lyriq,2017,Zinc-Air,117.4,371,Inductive (Wireless) Charging,1.9,124218.98,Gold,Belgium,5,0.0,5.0,12684,4,0,Luxury (>$110K),3.16,334.82,Medium,1575593542.32,Early (2015-2018)
Mercedes-Benz,EQE,2024,Solid-State,124.2,203,Ccs,5.3,31679.05,Blue,Argentina,2,0.0,4.0,15089,3,0,Budget (<$50K),1.634,156.05,Low,478005185.45,Recent (2022-2025)
Nio,ES6,2021,Aluminum-Ion,39.9,392,Plug-In Hydrogen Refueling,4.7,37253.35,Matte Blue,Czech Republic,2,0.0,4.0,14138,4,0,Budget (<$50K),9.825,95.03,Top,526687862.29999995,Mid (2019-2021)
Lucid Motors,Lucid DreamDrive,2019,Zinc-Air,120.1,467,Ultra-Fast Charging (350 Kw+),7.0,71254.79,Magenta,Ireland,3,0.0,4.0,4413,4,1,Mid ($50K–$80K),3.888,152.58,Medium,314447388.27,Mid (2019-2021)
Jaguar,I-PACE,2019,Nickel-Metal Hydride,53.2,502,Vehicle-To-Grid (V2G),8.2,140356.22,Racing Red,Mexico,4,0.0,3.0,3323,5,1,Luxury (>$110K),9.436,279.59,Top,466403719.06,Mid (2019-2021)
Mg,MG ZS EV,2023,Lithium-Titanate,84.1,404,Ccs,9.0,141636.62,Charcoal,Belgium,5,0.0,5.0,12460,4,1,Luxury (>$110K),4.804,350.59,High,1764792285.2,Recent (2022-2025)
Volvo,C40 Recharge,2023,Sodium-Ion,124.6,554,Chademo,8.8,145488.68,Copper,Australia,1,0.0,4.0,17420,3,1,Luxury (>$110K),4.446,262.61,High,2534412805.6,Recent (2022-2025)
Volvo,C40 Recharge,2019,Lithium-Iron Phosphate,143.4,117,Ultra-Fast Charging (350 Kw+),1.4,114768.7,Turquoise,South Africa,0,0.0,4.0,15299,5,0,Luxury (>$110K),0.816,980.93,Low,1755846341.3,Mid (2019-2021)
Nio,ES7,2022,Sodium-Ion,123.5,305,Battery Swapping,8.8,143128.97,Emerald Green,Mexico,2,0.0,5.0,15472,4,0,Luxury (>$110K),2.47,469.28,Low,2214491423.84,Recent (2022-2025)
Xpeng,P5,2024,Magnesium-Ion,85.4,592,Dc Fast Charging (Dcfc),5.5,138713.37,Gray,Uk,2,0.0,3.0,18765,4,1,Luxury (>$110K),6.932,234.31,Top,2602956388.0499997,Recent (2022-2025)
Gmc,Hummer EV SUV,2023,Solid-State,125.9,194,Plug-In Hydrogen Refueling,7.4,68771.58,Turquoise,Singapore,2,0.0,3.0,443,4,0,Mid ($50K–$80K),1.541,354.49,Low,30465809.94,Recent (2022-2025)
Toyota,bZ4X,2018,Sodium-Ion,121.0,401,Ccs,3.6,76176.72,Platinum,Czech Republic,3,0.0,5.0,19120,3,1,Mid ($50K–$80K),3.314,189.97,Medium,1456498886.4,Early (2015-2018)
Polestar,Polestar 3,2021,Calcium-Ion,35.1,497,Mobile Charging,10.7,55618.92,Cobalt Blue,South Korea,3,0.0,3.0,3416,5,1,Mid ($50K–$80K),14.16,111.91,Top,189994230.72,Mid (2019-2021)
Nissan,Leaf,2023,Flow Batteries,109.2,162,Vehicle-To-Load (V2L),11.3,128634.2,Pearl White,Sweden,0,0.0,3.0,18251,4,0,Luxury (>$110K),1.484,794.04,Low,2347702784.2,Recent (2022-2025)
Rimac,Nevera,2018,Sodium-Ion,126.0,436,Battery Swapping,9.0,51146.18,Graphite Gray,Australia,5,0.0,3.0,3684,4,1,Mid ($50K–$80K),3.46,117.31,Medium,188422527.12,Early (2015-2018)
Lucid Motors,Lucid DreamDrive,2017,Calcium-Ion,104.3,517,Level 1 Charging,8.5,79310.66,Pink,Sweden,3,0.0,4.0,13117,5,1,Mid ($50K–$80K),4.957,153.41,High,1040317927.22,Early (2015-2018)
Rimac,Nevera,2018,Lithium-Iron Phosphate,80.8,157,Battery Swapping,11.0,107484.66,Silver,Brazil,3,0.0,4.0,12041,4,0,Premium ($80K–$110K),1.943,684.62,Low,1294222791.06,Early (2015-2018)
Genesis,GV60,2015,Lithium-Ion,139.7,347,Nacs,8.9,37885.51,Midnight Black,Hungary,1,0.0,4.0,9867,3,0,Budget (<$50K),2.484,109.18,Low,373816327.17,Early (2015-2018)
Ferrari,Ferrari EV (2025+),2016,Magnesium-Ion,139.4,490,Plug-In Hydrogen Refueling,6.6,105305.58,Green,Russia,0,0.0,5.0,11333,4,1,Premium ($80K–$110K),3.515,214.91,Medium,1193428138.14,Early (2015-2018)
Dacia,Jogger Hybrid,2023,Magnesium-Ion,70.8,564,Level 1 Charging,7.4,52378.44,Volcanic Yellow,Russia,2,0.0,5.0,11542,5,1,Mid ($50K–$80K),7.966,92.87,Top,604551954.48,Recent (2022-2025)
Skoda,Enyaq,2018,Nickel-Metal Hydride,42.0,427,Vehicle-To-Home (V2H),3.1,103913.83,Matte Black,Ireland,0,0.0,5.0,7276,4,1,Premium ($80K–$110K),10.167,243.36,Top,756077027.08,Early (2015-2018)
Volvo,C40 Recharge,2018,Nickel-Cobalt-Aluminum,75.5,359,Overhead Pantograph Charging,11.7,86345.09,Green,South Korea,3,0.0,5.0,16313,3,0,Premium ($80K–$110K),4.755,240.52,High,1408547453.1699998,Early (2015-2018)
Citroen,Ami,2017,Calcium-Ion,131.0,295,Level 2 Charging,1.6,88967.06,Charcoal,Thailand,3,0.0,5.0,7283,5,0,Premium ($80K–$110K),2.252,301.58,Low,647947097.98,Early (2015-2018)
Skoda,Elroq (upcoming),2025,Nickel-Metal Hydride,111.8,593,Vehicle-To-Load (V2L),8.2,131017.74,Brown,Spain,2,0.0,4.0,14503,4,1,Luxury (>$110K),5.304,220.94,High,1900150283.22,Recent (2022-2025)
Volkswagen,ID.4,2018,Lithium-Iron Phosphate,147.7,178,Chademo,11.5,140357.12,Graphite Gray,Germany,4,0.0,4.0,18357,5,0,Luxury (>$110K),1.205,788.52,Low,2576535651.84,Early (2015-2018)
Peugeot,e-2008,2025,Flow Batteries,102.1,194,Nacs,8.9,72448.68,Blue,India,4,0.0,4.0,1615,4,0,Mid ($50K–$80K),1.9,373.45,Low,117004618.19999999,Recent (2022-2025)
Polestar,Polestar 5 (upcoming),2018,Solid-State,131.2,158,Level 2 Charging,3.6,112040.9,Champagne,Portugal,3,0.0,4.0,7507,5,0,Luxury (>$110K),1.204,709.12,Low,841091036.3,Early (2015-2018)
Subaru,Solterra,2025,Lead-Acid,62.1,106,Dc Fast Charging (Dcfc),3.0,76244.01,Cream,South Korea,2,0.0,5.0,15516,5,0,Mid ($50K–$80K),1.707,719.28,Low,1183002059.1599998,Recent (2022-2025)
Byd,Dolphin,2016,Sodium-Ion,115.0,504,Vehicle-To-Load (V2L),1.0,68210.45,Matte Green,China,5,0.0,4.0,8770,3,1,Mid ($50K–$80K),4.383,135.34,High,598205646.5,Early (2015-2018)
Audi,A6 e-tron (upcoming),2025,Sodium-Ion,62.9,239,Level 1 Charging,7.1,110463.03,Matte Green,India,1,0.0,4.0,11722,3,0,Luxury (>$110K),3.8,462.19,Medium,1294847637.66,Recent (2022-2025)
Bmw,i7,2015,Magnesium-Ion,37.8,229,Nacs,5.5,48995.49,White,China,5,0.0,5.0,2942,3,0,Budget (<$50K),6.058,213.95,High,144144731.57999998,Early (2015-2018)
Subaru,Solterra,2018,Zinc-Air,51.7,466,Vehicle-To-Grid (V2G),10.9,104436.5,Sunset Orange,Saudi Arabia,3,0.0,5.0,15550,3,1,Premium ($80K–$110K),9.014,224.11,Top,1623987575.0,Early (2015-2018)
Audi,e-tron GT,2021,Nickel-Manganese-Cobalt,136.1,218,Dc Fast Charging (Dcfc),9.7,148210.8,Midnight Black,Italy,3,0.0,4.0,11112,5,0,Luxury (>$110K),1.602,679.87,Low,1646918409.6,Mid (2019-2021)
Ferrari,Ferrari EV (2025+),2023,Zinc-Air,81.8,378,Vehicle-To-Grid (V2G),4.6,130879.21,Electric Blue,Singapore,5,0.0,5.0,3004,5,0,Luxury (>$110K),4.621,346.24,High,393161146.84000003,Recent (2022-2025)
Opel,Mokka-e,2020,Lithium-Sulfur,44.5,588,Mobile Charging,2.6,44962.71,Silver,Netherlands,3,0.0,4.0,15934,4,1,Budget (<$50K),13.213,76.47,Top,716435821.14,Mid (2019-2021)
Toyota,Lexus RZ,2024,Flow Batteries,79.3,571,Solar Charging,6.0,115315.97,White,Italy,4,0.0,5.0,14262,4,1,Luxury (>$110K),7.201,201.95,Top,1644636364.14,Recent (2022-2025)
Xpeng,G9,2024,Nickel-Manganese-Cobalt,97.1,572,Solar Charging,10.7,40683.23,Platinum,Denmark,2,0.0,4.0,10833,3,1,Budget (<$50K),5.891,71.12,High,440721430.59000003,Recent (2022-2025)
Nissan,Ariya,2018,Sodium-Ion,60.9,212,Vehicle-To-Load (V2L),2.8,100663.6,Beige,Portugal,4,0.0,3.0,3601,5,0,Premium ($80K–$110K),3.481,474.83,Medium,362489623.6,Early (2015-2018)
Ferrari,Ferrari EV (2025+),2020,Nickel-Metal Hydride,94.0,294,Ultra-Fast Charging (350 Kw+),4.2,35945.44,Turquoise,Israel,0,0.0,3.0,17334,3,0,Budget (<$50K),3.128,122.26,Medium,623078256.96,Mid (2019-2021)
Changan,Deepal S07,2025,Lithium-Iron Phosphate,75.5,220,Dc Fast Charging (Dcfc),10.3,103689.78,Matte Black,Finland,4,0.0,4.0,9230,4,0,Premium ($80K–$110K),2.914,471.32,Medium,957056669.4,Recent (2022-2025)
Mini,Mini Cooper SE,2018,Lithium-Sulfur,146.4,485,Battery Swapping,10.6,143051.48,Copper,Austria,2,0.0,4.0,3975,4,1,Luxury (>$110K),3.313,294.95,Medium,568629633.0,Early (2015-2018)
Ferrari,Ferrari EV (2025+),2024,Lithium-Iron Phosphate,117.9,224,Battery Swapping,3.7,84106.85,Crimson Red,Singapore,3,0.0,5.0,18394,3,0,Premium ($80K–$110K),1.9,375.48,Low,1547061398.9,Recent (2022-2025)
Ford,F-150 Lightning,2015,Zinc-Air,62.7,315,Chademo,7.5,87243.36,Electric Blue,Singapore,4,0.0,5.0,8834,3,0,Premium ($80K–$110K),5.024,276.96,High,770707842.24,Early (2015-2018)
Polestar,Polestar 3,2016,Lithium-Ion,149.7,489,Vehicle-To-Home (V2H),2.0,112952.63,Orange,New Zealand,3,0.0,5.0,11394,3,1,Luxury (>$110K),3.267,230.99,Medium,1286982266.22,Early (2015-2018)
Mazda,Mazda EV (upcoming models),2020,Sodium-Ion,81.4,399,Chademo,10.4,45079.31,Forest Green,Usa,3,0.0,4.0,12501,3,0,Budget (<$50K),4.902,112.98,High,563536454.31,Mid (2019-2021)
Ford,F-150 Lightning,2024,Lithium-Ion,127.0,172,Overhead Pantograph Charging,1.7,123454.22,Electric Blue,Australia,3,0.0,5.0,12832,3,0,Luxury (>$110K),1.354,717.76,Low,1584164551.04,Recent (2022-2025)
Pininfarina,Battista,2025,Flow Batteries,129.1,593,Level 1 Charging,6.9,81629.29,Cobalt Blue,Uk,4,0.0,4.0,11812,5,1,Premium ($80K–$110K),4.593,137.65,High,964205173.4799999,Recent (2022-2025)
Subaru,Solterra,2019,Lithium-Titanate,62.5,298,Ultra-Fast Charging (350 Kw+),1.5,56738.67,Matte White,United Arab Emirates,1,0.0,4.0,5163,5,0,Mid ($50K–$80K),4.768,190.4,High,292941753.21,Mid (2019-2021)
Peugeot,e-2008,2015,Calcium-Ion,52.3,258,Vehicle-To-Home (V2H),3.9,61814.78,Electric Blue,France,3,0.0,5.0,13621,5,0,Mid ($50K–$80K),4.933,239.59,High,841979118.38,Early (2015-2018)
Peugeot,e-5008,2023,Calcium-Ion,23.6,382,Mobile Charging,8.7,137662.37,Matte Green,Portugal,4,0.0,5.0,2938,5,0,Luxury (>$110K),16.186,360.37,Top,404452043.06,Recent (2022-2025)
Mini,Mini Cooper SE,2022,Aluminum-Ion,57.2,338,Battery Swapping,2.7,34504.78,Electric Blue,Hungary,3,0.0,4.0,1537,3,0,Budget (<$50K),5.909,102.09,High,53033846.86,Recent (2022-2025)
Mercedes-Benz,EQA,2021,Nickel-Cobalt-Aluminum,64.0,329,Mobile Charging,8.9,120467.0,Stealth Gray,Netherlands,1,0.0,3.0,305,3,0,Luxury (>$110K),5.141,366.16,High,36742435.0,Mid (2019-2021)
Nissan,Leaf,2020,Nickel-Cobalt-Aluminum,94.6,155,Inductive (Wireless) Charging,2.9,31195.3,Black,Austria,3,0.0,4.0,4025,5,0,Budget (<$50K),1.638,201.26,Low,125561082.5,Mid (2019-2021)
Zeekr,Zeekr 007,2020,Aluminum-Ion,126.1,324,Vehicle-To-Grid (V2G),2.1,87406.57,Sapphire Blue,Brazil,2,0.0,3.0,9109,5,0,Premium ($80K–$110K),2.569,269.77,Low,796186446.1300001,Mid (2019-2021)
Byd,Tang EV,2015,Solid-State,142.4,188,Ultra-Fast Charging (350 Kw+),8.9,96735.43,Gold,Russia,0,0.0,3.0,1529,3,0,Premium ($80K–$110K),1.32,514.55,Low,147908472.47,Early (2015-2018)
Maserati,GranTurismo Folgore,2022,Solid-State,143.1,509,Level 1 Charging,1.5,116123.92,Pearl White,Italy,2,0.0,5.0,13552,4,1,Luxury (>$110K),3.557,228.14,Medium,1573711363.84,Recent (2022-2025)
Mini,Mini Aceman,2022,Lithium-Titanate,120.9,152,Vehicle-To-Load (V2L),7.9,112918.06,Purple,Spain,4,0.0,3.0,8641,3,0,Luxury (>$110K),1.257,742.88,Low,975724956.46,Recent (2022-2025)
Nio,ES8,2025,Lead-Acid,49.6,546,Vehicle-To-Home (V2H),2.3,111316.59,Emerald Green,Sweden,0,0.0,3.0,19167,5,1,Luxury (>$110K),11.008,203.88,Top,2133605080.53,Recent (2022-2025)
Pininfarina,Battista,2021,Magnesium-Ion,89.4,464,Battery Swapping,11.0,116964.85,Charcoal,Belgium,5,0.0,3.0,6104,3,1,Luxury (>$110K),5.19,252.08,High,713953444.4,Mid (2019-2021)
Volkswagen,ID.3,2016,Lithium-Ion,35.5,334,Level 2 Charging,3.2,71598.67,Ice Silver,United Arab Emirates,5,0.0,3.0,14890,3,0,Mid ($50K–$80K),9.408,214.37,Top,1066104196.3,Early (2015-2018)
Canoo,Pickup,2019,Lithium-Titanate,24.7,422,Ultra-Fast Charging (350 Kw+),7.4,72302.61,Matte Blue,Finland,5,0.0,5.0,3584,4,1,Mid ($50K–$80K),17.085,171.33,Top,259132554.24,Mid (2019-2021)
Kia,Niro EV,2017,Nickel-Metal Hydride,137.7,584,Plug-In Hydrogen Refueling,9.1,59972.8,Matte Gray,Australia,0,0.0,3.0,3702,4,1,Mid ($50K–$80K),4.241,102.69,High,222019305.60000002,Early (2015-2018)
Porsche,Cayenne Electric (upcoming),2025,Sodium-Ion,109.1,233,Plug-In Hydrogen Refueling,10.3,53082.92,Metallic Silver,Usa,1,0.0,4.0,14510,3,0,Mid ($50K–$80K),2.136,227.82,Low,770233169.1999999,Recent (2022-2025)
Subaru,Solterra,2023,Zinc-Air,95.4,269,Level 1 Charging,3.6,32497.15,Pearl White,Usa,4,0.0,5.0,11447,3,0,Budget (<$50K),2.82,120.81,Medium,371994876.05,Recent (2022-2025)
Gmc,Hummer EV SUV,2018,Magnesium-Ion,108.6,354,Battery Swapping,7.7,138452.85,Cream,Vietnam,1,0.0,5.0,10372,4,0,Luxury (>$110K),3.26,391.11,Medium,1436032960.2,Early (2015-2018)
Volvo,EX30,2017,Nickel-Manganese-Cobalt,139.8,342,Mobile Charging,9.6,49202.16,Teal,Singapore,3,0.0,5.0,2743,3,0,Budget (<$50K),2.446,143.87,Low,134961524.88,Early (2015-2018)
Faraday Future,FF 91,2015,Flow Batteries,68.0,471,Nacs,2.2,64300.5,Red,Hungary,3,0.0,4.0,10348,5,1,Mid ($50K–$80K),6.926,136.52,Top,665381574.0,Early (2015-2018)
Seat,Avenger,2018,Nickel-Cobalt-Aluminum,51.8,442,Chademo,7.9,50683.26,Sapphire Blue,Czech Republic,1,0.0,4.0,8493,5,1,Mid ($50K–$80K),8.533,114.67,Top,430452927.18,Early (2015-2018)
Mg,MG ZS EV,2025,Flow Batteries,91.7,149,Inductive (Wireless) Charging,2.9,42836.3,Ruby Red,Saudi Arabia,0,0.0,3.0,5145,3,0,Budget (<$50K),1.625,287.49,Low,220392763.50000003,Recent (2022-2025)
Canoo,MPDV,2016,Nickel-Metal Hydride,130.6,148,Nacs,9.5,74653.58,Copper,Turkey,0,0.0,4.0,17807,4,0,Mid ($50K–$80K),1.133,504.42,Low,1329356299.06,Early (2015-2018)
Maserati,GranTurismo Folgore,2021,Lithium-Sulfur,136.2,153,Ccs,6.6,61457.27,Matte White,South Korea,2,0.0,5.0,31,3,0,Mid ($50K–$80K),1.123,401.68,Low,1905175.3699999999,Mid (2019-2021)
Vinfast,VF 9,2017,Zinc-Air,140.6,568,Vehicle-To-Load (V2L),5.6,92930.09,Forest Green,Hungary,5,0.0,4.0,13084,5,1,Premium ($80K–$110K),4.04,163.61,Medium,1215897297.56,Early (2015-2018)
Subaru,Solterra,2024,Nickel-Cobalt-Aluminum,114.1,211,Solar Charging,8.1,43415.17,Charcoal,Vietnam,1,0.0,4.0,2095,3,0,Budget (<$50K),1.849,205.76,Low,90954781.14999999,Recent (2022-2025)
Mazda,MX-30,2024,Lithium-Sulfur,89.1,507,Ccs,3.7,88271.71,Graphite Gray,Singapore,5,0.0,4.0,14631,3,1,Premium ($80K–$110K),5.69,174.11,High,1291503389.01,Recent (2022-2025)
Canoo,Pickup,2024,Zinc-Air,97.2,413,Battery Swapping,7.1,93221.51,Ruby Red,Netherlands,1,0.0,3.0,7187,4,1,Premium ($80K–$110K),4.249,225.72,High,669982992.37,Recent (2022-2025)
Zeekr,Zeekr 007,2015,Lithium-Titanate,109.5,186,Level 1 Charging,1.2,71740.26,Metallic Silver,Netherlands,1,0.0,3.0,126,4,0,Mid ($50K–$80K),1.699,385.7,Low,9039272.76,Early (2015-2018)
Acura,ZDX (with GM Ultium),2020,Magnesium-Ion,43.3,225,Ultra-Fast Charging (350 Kw+),6.8,30229.32,Teal,United Arab Emirates,3,0.0,5.0,18499,5,0,Budget (<$50K),5.196,134.35,High,559212190.68,Mid (2019-2021)
Bmw,i3,2022,Nickel-Cobalt-Aluminum,89.4,321,Nacs,10.0,120754.38,Forest Green,Austria,4,0.0,5.0,19969,4,0,Luxury (>$110K),3.591,376.18,Medium,2411344214.2200003,Recent (2022-2025)
Skoda,Enyaq,2018,Calcium-Ion,82.9,560,Dc Fast Charging (Dcfc),6.3,106199.97,Emerald Green,Saudi Arabia,3,0.0,3.0,14223,5,1,Premium ($80K–$110K),6.755,189.64,Top,1510482173.31,Early (2015-2018)
Subaru,Solterra,2015,Solid-State,44.7,439,Nacs,2.8,57073.06,Gun Metal,Sweden,3,0.0,3.0,11446,3,1,Mid ($50K–$80K),9.821,130.01,Top,653258244.76,Early (2015-2018)
Changan,Q05,2024,Lithium-Titanate,131.3,370,Vehicle-To-Load (V2L),4.2,142547.47,Racing Red,Germany,3,0.0,4.0,1423,4,0,Luxury (>$110K),2.818,385.26,Medium,202845049.81,Recent (2022-2025)
Citroen,Ami,2020,Calcium-Ion,95.7,103,Ccs,10.3,127586.24,Forest Green,China,3,0.0,3.0,15094,5,0,Luxury (>$110K),1.076,1238.7,Low,1925786706.5600002,Mid (2019-2021)
Seat,Avenger,2020,Zinc-Air,74.5,536,Ultra-Fast Charging (350 Kw+),6.7,65869.03,Lime Green,Russia,5,0.0,5.0,4937,5,1,Mid ($50K–$80K),7.195,122.89,Top,325195401.11,Mid (2019-2021)
Xpeng,P5,2020,Lithium-Titanate,143.9,304,Plug-In Hydrogen Refueling,9.3,103396.27,Teal,Singapore,1,0.0,5.0,16620,5,0,Premium ($80K–$110K),2.113,340.12,Low,1718446007.4,Mid (2019-2021)
Ferrari,SF90 Stradale (PHEV),2020,Sodium-Ion,49.1,239,Vehicle-To-Grid (V2G),7.7,31083.9,Candy Apple Red,Poland,4,0.0,4.0,8785,5,0,Budget (<$50K),4.868,130.06,High,273072061.5,Mid (2019-2021)
Great Wall Motors,ORA Good Cat,2024,Nickel-Cobalt-Aluminum,75.0,255,Dc Fast Charging (Dcfc),9.3,98891.32,Cream,Russia,3,0.0,4.0,10059,5,0,Premium ($80K–$110K),3.4,387.81,Medium,994747787.8800001,Recent (2022-2025)
Skoda,Enyaq Coupe,2019,Lead-Acid,65.8,416,Solar Charging,5.2,39032.16,Graphite Gray,Denmark,4,0.0,4.0,7947,4,1,Budget (<$50K),6.322,93.83,High,310188575.52000004,Mid (2019-2021)
Changan,Q05,2025,Sodium-Ion,46.8,475,Ccs,12.0,65156.08,Matte Blue,Saudi Arabia,3,0.0,4.0,19822,3,1,Mid ($50K–$80K),10.15,137.17,Top,1291523817.76,Recent (2022-2025)
Mini,Mini Aceman,2023,Magnesium-Ion,71.3,105,Mobile Charging,11.6,44192.11,Silver,Netherlands,3,0.0,5.0,19720,3,0,Budget (<$50K),1.473,420.88,Low,871468409.2,Recent (2022-2025)
Nissan,Leaf,2019,Lead-Acid,128.4,283,Ccs,9.4,30065.37,Matte White,Singapore,5,0.0,4.0,17722,5,0,Budget (<$50K),2.204,106.24,Low,532818487.14,Mid (2019-2021)
Polestar,Polestar 5 (upcoming),2019,Calcium-Ion,131.1,154,Overhead Pantograph Charging,5.3,133859.25,White,Sweden,3,0.0,3.0,20,3,0,Luxury (>$110K),1.175,869.22,Low,2677185.0,Mid (2019-2021)
Chevrolet,Volt (PHEV),2021,Magnesium-Ion,108.2,152,Overhead Pantograph Charging,7.9,32074.49,Teal,India,4,0.0,4.0,17739,5,0,Budget (<$50K),1.405,211.02,Low,568969378.11,Mid (2019-2021)
Mazda,Mazda EV (upcoming models),2022,Zinc-Air,26.7,489,Vehicle-To-Load (V2L),11.0,139471.94,Ruby Red,Canada,1,0.0,3.0,1023,3,1,Luxury (>$110K),18.315,285.22,Top,142679794.62,Recent (2022-2025)
Acura,ZDX (with GM Ultium),2021,Sodium-Ion,135.5,162,Level 2 Charging,3.2,140272.08,Magenta,Spain,3,0.0,4.0,15858,4,0,Luxury (>$110K),1.196,865.88,Low,2224434644.64,Mid (2019-2021)
Mini,Mini Cooper SE,2021,Lead-Acid,137.3,305,Overhead Pantograph Charging,2.4,142799.82,Beige,Sweden,1,0.0,5.0,19574,4,0,Luxury (>$110K),2.221,468.2,Low,2795163676.6800003,Mid (2019-2021)
Great Wall Motors,ORA Good Cat,2020,Aluminum-Ion,75.3,191,Nacs,11.3,51696.0,Gun Metal,Usa,1,0.0,4.0,14404,3,0,Mid ($50K–$80K),2.537,270.66,Low,744629184.0,Mid (2019-2021)
Honda,Honda Prologue,2019,Nickel-Manganese-Cobalt,137.1,255,Solar Charging,8.4,69081.64,Gun Metal,Austria,2,0.0,3.0,17510,3,0,Mid ($50K–$80K),1.86,270.91,Low,1209619516.4,Mid (2019-2021)
Rimac,Nevera,2022,Calcium-Ion,30.6,170,Solar Charging,4.3,71723.78,Yellow,Netherlands,4,0.0,4.0,4185,5,0,Mid ($50K–$80K),5.556,421.9,High,300164019.3,Recent (2022-2025)
Porsche,Taycan,2016,Aluminum-Ion,113.2,341,Ultra-Fast Charging (350 Kw+),11.1,106811.1,Emerald Green,Australia,3,0.0,5.0,8073,5,0,Premium ($80K–$110K),3.012,313.23,Medium,862286010.3000001,Early (2015-2018)
Fisker,Pear (upcoming),2025,Sodium-Ion,92.0,187,Nacs,7.2,66632.86,Sky Blue,Brazil,3,0.0,3.0,16461,4,0,Mid ($50K–$80K),2.033,356.33,Low,1096843508.46,Recent (2022-2025)
Mahindra,Born Electric (upcoming range),2024,Solid-State,78.3,128,Mobile Charging,11.0,93491.16,Emerald Green,South Korea,4,0.0,4.0,8822,4,0,Premium ($80K–$110K),1.635,730.4,Low,824779013.52,Recent (2022-2025)
Volvo,EX30,2025,Lithium-Iron Phosphate,66.4,172,Solar Charging,5.5,93470.93,Racing Red,Czech Republic,3,0.0,4.0,19024,4,0,Premium ($80K–$110K),2.59,543.44,Low,1778190972.32,Recent (2022-2025)
Seat,Avenger,2018,Lithium-Sulfur,57.6,561,Inductive (Wireless) Charging,0.9,57764.16,Graphite Gray,Saudi Arabia,3,0.0,4.0,2724,3,1,Mid ($50K–$80K),9.74,102.97,Top,157349571.84,Early (2015-2018)
Seat,Avenger,2018,Calcium-Ion,103.8,570,Nacs,5.4,34492.15,Aurora Blue,Turkey,1,0.0,4.0,5704,4,1,Budget (<$50K),5.491,60.51,High,196743223.6,Early (2015-2018)
Maserati,GranTurismo Folgore,2018,Lithium-Ion,57.1,384,Vehicle-To-Grid (V2G),2.6,112112.55,Purple,Norway,3,0.0,5.0,6969,4,0,Luxury (>$110K),6.725,291.96,Top,781312360.95,Early (2015-2018)
Renault,5 E-Tech,2022,Magnesium-Ion,124.8,362,Level 2 Charging,1.7,97743.01,Yellow,Brazil,3,0.0,4.0,16271,3,0,Premium ($80K–$110K),2.901,270.01,Medium,1590376515.7099998,Recent (2022-2025)
Peugeot,e-5008,2022,Lithium-Titanate,69.3,183,Plug-In Hydrogen Refueling,7.3,37836.53,Magenta,Austria,3,0.0,4.0,12323,5,0,Budget (<$50K),2.641,206.76,Medium,466259559.19,Recent (2022-2025)
Vinfast,VF 9,2019,Aluminum-Ion,64.4,412,Level 1 Charging,8.4,43459.86,Matte White,Ireland,3,0.0,4.0,7666,5,1,Budget (<$50K),6.398,105.49,High,333163286.76,Mid (2019-2021)
Dacia,Bigster EV (upcoming),2017,Solid-State,111.6,376,Vehicle-To-Grid (V2G),8.1,64861.13,Copper,Netherlands,3,0.0,5.0,9749,5,0,Mid ($50K–$80K),3.369,172.5,Medium,632331156.37,Early (2015-2018)
Citroen,Ami,2024,Lithium-Titanate,79.5,289,Vehicle-To-Home (V2H),2.5,139300.64,Turquoise,Russia,5,0.0,3.0,16984,5,0,Luxury (>$110K),3.635,482.01,Medium,2365882069.76,Recent (2022-2025)
Jaguar,I-PACE,2017,Nickel-Metal Hydride,29.3,481,Vehicle-To-Home (V2H),8.9,103104.33,Lime Green,China,2,0.0,5.0,14806,3,1,Premium ($80K–$110K),16.416,214.35,Top,1526562709.98,Early (2015-2018)
Changan,SL03,2020,Magnesium-Ion,95.5,253,Battery Swapping,11.1,127306.22,Burgundy,Portugal,1,0.0,3.0,17140,4,0,Luxury (>$110K),2.649,503.19,Medium,2182028610.8,Mid (2019-2021)
Lotus,Eletre,2016,Nickel-Metal Hydride,114.4,426,Level 1 Charging,2.9,90333.3,Stealth Gray,Vietnam,0,0.0,5.0,16111,5,1,Premium ($80K–$110K),3.724,212.05,Medium,1455359796.3,Early (2015-2018)
Hyundai,Ioniq 6,2020,Zinc-Air,21.5,520,Level 1 Charging,9.0,104063.42,Titanium,Singapore,1,0.0,5.0,1539,4,1,Premium ($80K–$110K),24.186,200.12,Top,160153603.38,Mid (2019-2021)
Rimac,Nevera,2023,Calcium-Ion,75.3,316,Inductive (Wireless) Charging,3.0,124718.24,Green,Hungary,4,0.0,4.0,389,5,0,Luxury (>$110K),4.197,394.68,High,48515395.36,Recent (2022-2025)
Rimac,Nevera,2017,Flow Batteries,71.3,482,Ccs,1.9,58935.73,Matte Blue,Uk,3,0.0,5.0,15542,4,1,Mid ($50K–$80K),6.76,122.27,Top,915979115.6600001,Early (2015-2018)
Volkswagen,ID.Buzz,2020,Sodium-Ion,35.8,470,Vehicle-To-Grid (V2G),1.0,37088.5,Matte Black,Hungary,0,0.0,3.0,9286,4,1,Budget (<$50K),13.128,78.91,Top,344403811.0,Mid (2019-2021)
Bmw,iX,2019,Lithium-Iron Phosphate,112.9,205,Plug-In Hydrogen Refueling,1.3,71190.12,Ice Silver,South Africa,3,0.0,4.0,2584,3,0,Mid ($50K–$80K),1.816,347.27,Low,183955270.07999998,Mid (2019-2021)
Seat,Avenger,2023,Lithium-Titanate,97.9,390,Ultra-Fast Charging (350 Kw+),2.9,59039.34,Sapphire Blue,South Korea,5,0.0,4.0,2960,4,0,Mid ($50K–$80K),3.984,151.38,Medium,174756446.39999998,Recent (2022-2025)
Acura,ZDX (with GM Ultium),2022,Flow Batteries,52.0,433,Mobile Charging,10.4,128449.36,Forest Green,Israel,1,0.0,3.0,3318,4,1,Luxury (>$110K),8.327,296.65,Top,426194976.48,Recent (2022-2025)
Mazda,MX-30,2021,Flow Batteries,99.7,437,Chademo,10.1,139321.63,Aurora Blue,Russia,0,0.0,4.0,12393,4,1,Luxury (>$110K),4.383,318.81,High,1726612960.5900002,Mid (2019-2021)
Tesla,Model X,2018,Lithium-Sulfur,43.0,142,Plug-In Hydrogen Refueling,9.8,60770.97,Platinum,Indonesia,3,0.0,5.0,15133,4,0,Mid ($50K–$80K),3.302,427.96,Medium,919647089.01,Early (2015-2018)
Acura,ZDX (with GM Ultium),2020,Lead-Acid,133.4,425,Solar Charging,5.2,61872.12,Turquoise,Canada,3,0.0,3.0,16069,3,1,Mid ($50K–$80K),3.186,145.58,Medium,994223096.2800001,Mid (2019-2021)
Tesla,Model X,2017,Nickel-Manganese-Cobalt,74.6,316,Chademo,11.2,91093.22,Yellow,Spain,5,0.0,5.0,7533,5,0,Premium ($80K–$110K),4.236,288.27,High,686205226.26,Early (2015-2018)
Rimac,Nevera,2015,Zinc-Air,73.5,508,Level 2 Charging,5.3,78255.83,Ice Silver,Ireland,5,0.0,3.0,16569,5,1,Mid ($50K–$80K),6.912,154.05,Top,1296620847.27,Early (2015-2018)
Citroen,ë-Spacetourer,2024,Lead-Acid,79.1,238,Mobile Charging,9.2,72072.6,Rose Gold,Belgium,2,0.0,3.0,16087,3,0,Mid ($50K–$80K),3.009,302.83,Medium,1159431916.2,Recent (2022-2025)
Changan,Deepal S07,2018,Lithium-Ion,103.4,317,Ccs,9.6,120907.08,Titanium,Portugal,0,0.0,5.0,16511,5,0,Luxury (>$110K),3.066,381.41,Medium,1996296797.88,Early (2015-2018)
Audi,A6 e-tron (upcoming),2022,Lithium-Iron Phosphate,91.3,326,Overhead Pantograph Charging,11.6,56693.36,Crimson Red,Switzerland,3,0.0,3.0,7620,5,0,Mid ($50K–$80K),3.571,173.91,Medium,432003403.2,Recent (2022-2025)
Tesla,Cybertruck,2015,Zinc-Air,138.7,582,Overhead Pantograph Charging,2.7,129108.56,Tan,Germany,1,0.0,3.0,1294,4,1,Luxury (>$110K),4.196,221.84,High,167066476.64,Early (2015-2018)
Audi,e-tron GT,2018,Aluminum-Ion,31.0,117,Overhead Pantograph Charging,5.7,46074.06,Bronze,Portugal,3,0.0,5.0,19384,5,0,Budget (<$50K),3.774,393.8,Medium,893099579.04,Early (2015-2018)
Toyota,bZ4X,2024,Lithium-Iron Phosphate,40.7,290,Ultra-Fast Charging (350 Kw+),10.2,107189.59,Blue,Finland,4,0.0,3.0,4725,4,0,Premium ($80K–$110K),7.125,369.62,Top,506470812.75,Recent (2022-2025)
Maserati,GranTurismo Folgore,2015,Zinc-Air,114.9,385,Vehicle-To-Load (V2L),2.2,76772.95,Gold,Singapore,1,0.0,4.0,16253,4,0,Mid ($50K–$80K),3.351,199.41,Medium,1247790756.35,Early (2015-2018)
Vinfast,VF 7,2017,Lithium-Sulfur,21.8,526,Inductive (Wireless) Charging,2.5,41961.45,Matte White,Finland,3,0.0,4.0,3251,5,1,Budget (<$50K),24.128,79.77,Top,136416673.95,Early (2015-2018)
Nio,ES6,2015,Nickel-Manganese-Cobalt,21.6,379,Plug-In Hydrogen Refueling,5.7,108335.73,Blue,Sweden,0,0.0,3.0,12809,4,0,Premium ($80K–$110K),17.546,285.85,Top,1387672365.57,Early (2015-2018)
Renault,5 E-Tech,2016,Zinc-Air,66.9,309,Level 1 Charging,0.6,85781.56,Gun Metal,Hungary,3,0.0,4.0,18451,3,0,Premium ($80K–$110K),4.619,277.61,High,1582755563.56,Early (2015-2018)
Nissan,Ariya,2018,Zinc-Air,80.0,197,Level 2 Charging,8.0,50599.82,Green,France,3,0.0,4.0,2476,5,0,Mid ($50K–$80K),2.462,256.85,Low,125285154.32,Early (2015-2018)
Nio,EL7,2017,Nickel-Metal Hydride,35.6,511,Battery Swapping,4.1,140645.92,Navy Blue,Portugal,0,0.0,3.0,17929,3,1,Luxury (>$110K),14.354,275.24,Top,2521640699.6800003,Early (2015-2018)
Great Wall Motors,ORA Good Cat,2022,Lithium-Sulfur,59.8,308,Level 2 Charging,11.8,47363.97,Crimson Red,Poland,1,0.0,5.0,13019,3,0,Budget (<$50K),5.151,153.78,High,616631525.4300001,Recent (2022-2025)
Ford,E-Transit,2017,Lithium-Iron Phosphate,138.5,238,Dc Fast Charging (Dcfc),2.1,117908.21,Lime Green,Germany,2,0.0,4.0,5907,4,0,Luxury (>$110K),1.718,495.41,Low,696483796.47,Early (2015-2018)
Gmc,Hummer EV Pickup,2018,Flow Batteries,43.7,428,Overhead Pantograph Charging,4.1,56957.92,Gray,New Zealand,5,0.0,5.0,18258,3,1,Mid ($50K–$80K),9.794,133.08,Top,1039937703.36,Early (2015-2018)
Skoda,Enyaq,2019,Sodium-Ion,127.5,283,Overhead Pantograph Charging,1.8,34446.65,Yellow,France,0,0.0,5.0,2979,3,0,Budget (<$50K),2.22,121.72,Low,102616570.35000001,Mid (2019-2021)
Faraday Future,FF 91,2023,Aluminum-Ion,72.6,487,Solar Charging,8.9,126280.05,Tan,Spain,3,0.0,5.0,13805,3,1,Luxury (>$110K),6.708,259.3,Top,1743296090.25,Recent (2022-2025)
Rivian,R1S,2021,Lithium-Ion,138.0,356,Battery Swapping,4.1,61058.15,Graphite Gray,Austria,5,0.0,4.0,18499,3,0,Mid ($50K–$80K),2.58,171.51,Low,1129514716.8500001,Mid (2019-2021)
Ferrari,SF90 Stradale (PHEV),2022,Lithium-Sulfur,100.6,390,Chademo,1.5,66093.06,Blue,Thailand,5,0.0,3.0,12879,5,0,Mid ($50K–$80K),3.877,169.47,Medium,851212519.74,Recent (2022-2025)
Renault,5 E-Tech,2018,Magnesium-Ion,62.4,217,Battery Swapping,6.7,91183.38,Bronze,Malaysia,0,0.0,5.0,17294,4,0,Premium ($80K–$110K),3.478,420.2,Medium,1576925373.72,Early (2015-2018)
Rimac,Nevera,2021,Nickel-Metal Hydride,39.2,538,Level 1 Charging,2.4,149744.53,Metallic Silver,Russia,5,0.0,4.0,10775,3,1,Luxury (>$110K),13.724,278.34,Top,1613497310.75,Mid (2019-2021)
Rivian,R1T,2015,Lithium-Ion,22.7,380,Plug-In Hydrogen Refueling,3.4,65002.9,Cosmic Purple,Thailand,4,0.0,4.0,16913,5,0,Mid ($50K–$80K),16.74,171.06,Top,1099394047.7,Early (2015-2018)
Ferrari,Ferrari EV (2025+),2016,Solid-State,52.8,307,Level 1 Charging,0.8,144593.4,Rose Gold,Uk,5,0.0,3.0,16202,3,0,Luxury (>$110K),5.814,470.99,High,2342702266.7999997,Early (2015-2018)
Changan,Q05,2024,Flow Batteries,89.2,495,Vehicle-To-Home (V2H),9.0,104133.11,Beige,Usa,5,0.0,3.0,17944,4,1,Premium ($80K–$110K),5.549,210.37,High,1868564525.84,Recent (2022-2025)
Great Wall Motors,ORA Lightning Cat,2021,Lithium-Iron Phosphate,25.3,111,Battery Swapping,8.4,59884.94,Orange,France,1,0.0,4.0,3149,5,0,Mid ($50K–$80K),4.387,539.5,High,188577676.06,Mid (2019-2021)
Hyundai,Ioniq 6,2016,Flow Batteries,98.5,430,Overhead Pantograph Charging,8.5,69567.13,Charcoal,Singapore,2,0.0,4.0,8512,5,1,Mid ($50K–$80K),4.365,161.78,High,592155410.5600001,Early (2015-2018)
Tesla,Model S,2020,Lithium-Iron Phosphate,62.1,222,Battery Swapping,5.2,33596.56,Purple,India,4,0.0,5.0,8956,4,0,Budget (<$50K),3.575,151.34,Medium,300890791.35999995,Mid (2019-2021)
Zeekr,Zeekr 007,2017,Lithium-Titanate,27.0,129,Chademo,3.6,107275.49,Black,Italy,4,0.0,3.0,4514,5,0,Premium ($80K–$110K),4.778,831.59,High,484241561.86,Early (2015-2018)
Volvo,EX90,2024,Aluminum-Ion,119.7,595,Level 1 Charging,2.2,136881.95,Charcoal,Japan,4,0.0,5.0,10641,3,1,Luxury (>$110K),4.971,230.05,High,1456560829.95,Recent (2022-2025)
Changan,SL03,2020,Flow Batteries,146.2,310,Solar Charging,2.3,141666.25,Teal,Australia,3,0.0,3.0,18350,3,0,Luxury (>$110K),2.12,456.99,Low,2599575687.5,Mid (2019-2021)
Lamborghini,Lanzador (upcoming EV),2016,Lead-Acid,35.1,314,Dc Fast Charging (Dcfc),7.7,124356.21,Purple,Brazil,2,0.0,3.0,1038,3,0,Luxury (>$110K),8.946,396.04,Top,129081745.98,Early (2015-2018)
Changan,Q05,2017,Lithium-Iron Phosphate,27.2,318,Vehicle-To-Grid (V2G),0.8,40230.37,Matte Gray,Belgium,3,0.0,4.0,5759,3,0,Budget (<$50K),11.691,126.51,Top,231686700.83,Early (2015-2018)
Volkswagen,ID.7,2025,Nickel-Cobalt-Aluminum,28.9,145,Chademo,0.8,138533.93,Matte White,Argentina,3,0.0,4.0,7352,5,0,Luxury (>$110K),5.017,955.41,High,1018501453.3599999,Recent (2022-2025)
Citroen,ë-Spacetourer,2019,Nickel-Cobalt-Aluminum,114.3,596,Solar Charging,8.0,137260.04,Candy Apple Red,Indonesia,5,0.0,3.0,3508,5,1,Luxury (>$110K),5.214,230.3,High,481508220.32000005,Mid (2019-2021)
Hyundai,Ioniq 6,2018,Lithium-Ion,67.6,468,Inductive (Wireless) Charging,11.6,67095.32,Rose Gold,Sweden,2,0.0,4.0,13429,5,1,Mid ($50K–$80K),6.923,143.37,Top,901023052.2800001,Early (2015-2018)
Mercedes-Benz,EQE,2020,Magnesium-Ion,33.2,447,Chademo,10.0,110181.42,Midnight Black,Thailand,0,0.0,5.0,12695,4,1,Luxury (>$110K),13.464,246.49,Top,1398753126.9,Mid (2019-2021)
Seat,Avenger,2017,Calcium-Ion,36.9,139,Vehicle-To-Home (V2H),10.7,79052.37,Matte White,Malaysia,2,0.0,4.0,2638,5,0,Mid ($50K–$80K),3.767,568.72,Medium,208540152.06,Early (2015-2018)
Mercedes-Benz,EQC,2025,Lithium-Iron Phosphate,67.0,118,Vehicle-To-Grid (V2G),11.7,43062.37,Graphite Gray,Poland,3,0.0,3.0,7710,4,0,Budget (<$50K),1.761,364.94,Low,332010872.70000005,Recent (2022-2025)
Toyota,bZ4X,2019,Lithium-Ion,59.9,314,Plug-In Hydrogen Refueling,6.8,143696.91,Charcoal,Uk,5,0.0,5.0,11674,3,0,Luxury (>$110K),5.242,457.63,High,1677517727.3400002,Mid (2019-2021)
Fisker,Pear (upcoming),2024,Magnesium-Ion,42.4,596,Plug-In Hydrogen Refueling,8.1,63169.47,Copper,Uk,0,0.0,3.0,17914,5,1,Mid ($50K–$80K),14.057,105.99,Top,1131617885.58,Recent (2022-2025)
Hyundai,Ioniq 5,2022,Lithium-Iron Phosphate,20.3,442,Vehicle-To-Grid (V2G),3.2,57041.68,Sky Blue,Israel,4,0.0,3.0,2122,5,1,Mid ($50K–$80K),21.773,129.05,Top,121042444.96,Recent (2022-2025)
Lotus,Emeya,2024,Magnesium-Ion,74.6,111,Plug-In Hydrogen Refueling,5.2,133940.56,Black,Brazil,0,0.0,3.0,12159,4,0,Luxury (>$110K),1.488,1206.67,Low,1628583269.04,Recent (2022-2025)
Lucid Motors,Lucid DreamDrive,2019,Solid-State,124.3,195,Ultra-Fast Charging (350 Kw+),10.4,44215.66,Cream,South Korea,5,0.0,3.0,16274,3,0,Budget (<$50K),1.569,226.75,Low,719565650.84,Mid (2019-2021)
Kia,EV9,2015,Lithium-Ion,46.3,131,Inductive (Wireless) Charging,1.7,83606.62,Platinum,Israel,0,0.0,3.0,432,3,0,Premium ($80K–$110K),2.829,638.22,Medium,36118059.839999996,Early (2015-2018)
Subaru,Solterra,2016,Lithium-Iron Phosphate,33.9,453,Vehicle-To-Load (V2L),9.1,100763.28,Sunset Orange,United Arab Emirates,5,0.0,4.0,5098,4,1,Premium ($80K–$110K),13.363,222.44,Top,513691201.44,Early (2015-2018)
Skoda,Elroq (upcoming),2024,Magnesium-Ion,148.8,469,Battery Swapping,1.6,107761.7,Rose Gold,Australia,2,0.0,5.0,3947,3,1,Premium ($80K–$110K),3.152,229.77,Medium,425335429.9,Recent (2022-2025)
Rivian,R1S,2020,Lithium-Iron Phosphate,63.9,184,Ccs,0.8,140714.88,Matte Gray,South Africa,3,0.0,4.0,4508,4,0,Luxury (>$110K),2.879,764.75,Medium,634342679.04,Mid (2019-2021)
Cadillac,Lyriq,2018,Nickel-Manganese-Cobalt,34.6,312,Ccs,5.4,96302.98,Graphite Gray,Canada,3,0.0,3.0,19520,5,0,Premium ($80K–$110K),9.017,308.66,Top,1879834169.6,Early (2015-2018)
Acura,ZDX (with GM Ultium),2019,Nickel-Manganese-Cobalt,83.8,161,Inductive (Wireless) Charging,6.1,130500.15,Silver,Malaysia,4,0.0,3.0,5965,4,0,Luxury (>$110K),1.921,810.56,Low,778433394.75,Mid (2019-2021)
Lamborghini,Revuelto (PHEV),2025,Lithium-Titanate,113.1,287,Overhead Pantograph Charging,5.9,146433.67,Silver,Usa,2,0.0,3.0,6988,4,0,Luxury (>$110K),2.538,510.22,Low,1023278485.96,Recent (2022-2025)
Porsche,Macan EV,2016,Nickel-Cobalt-Aluminum,96.1,504,Plug-In Hydrogen Refueling,7.4,121610.2,Matte Gray,Brazil,2,0.0,4.0,14499,5,1,Luxury (>$110K),5.245,241.29,High,1763226289.8,Early (2015-2018)
Skoda,Enyaq Coupe,2016,Nickel-Cobalt-Aluminum,100.6,160,Ultra-Fast Charging (350 Kw+),7.1,147905.13,Turquoise,Sweden,3,0.0,4.0,9771,3,0,Luxury (>$110K),1.59,924.41,Low,1445181025.23,Early (2015-2018)
Nio,ET7,2015,Nickel-Manganese-Cobalt,140.6,211,Inductive (Wireless) Charging,4.7,147507.02,Platinum,South Africa,1,0.0,5.0,3686,5,0,Luxury (>$110K),1.501,699.09,Low,543710875.7199999,Early (2015-2018)
Maserati,Grecale Folgore,2024,Nickel-Metal Hydride,57.5,537,Solar Charging,6.3,56446.88,White,Poland,5,0.0,3.0,506,4,1,Mid ($50K–$80K),9.339,105.12,Top,28562121.279999997,Recent (2022-2025)
Volvo,XC40 Recharge,2017,Solid-State,67.9,136,Plug-In Hydrogen Refueling,6.0,73767.41,Cobalt Blue,United Arab Emirates,5,0.0,3.0,7572,5,0,Mid ($50K–$80K),2.003,542.41,Low,558566828.52,Early (2015-2018)
Gmc,Hummer EV SUV,2018,Lithium-Sulfur,91.5,147,Level 1 Charging,4.2,128422.25,Stealth Gray,Portugal,3,0.0,4.0,16566,5,0,Luxury (>$110K),1.607,873.62,Low,2127442993.5,Early (2015-2018)
Vinfast,VF 9,2016,Sodium-Ion,81.4,382,Mobile Charging,4.2,121790.2,Orange,Italy,0,0.0,4.0,3227,3,0,Luxury (>$110K),4.693,318.82,High,393016975.4,Early (2015-2018)
Volvo,EX30,2024,Nickel-Manganese-Cobalt,85.9,274,Overhead Pantograph Charging,3.5,75165.67,Emerald Green,Japan,4,0.0,4.0,618,3,0,Mid ($50K–$80K),3.19,274.33,Medium,46452384.06,Recent (2022-2025)
Mazda,Mazda EV (upcoming models),2021,Magnesium-Ion,116.0,289,Battery Swapping,5.4,85509.12,Charcoal,Japan,3,0.0,3.0,16385,4,0,Premium ($80K–$110K),2.491,295.88,Low,1401066931.1999998,Mid (2019-2021)
Jaguar,I-PACE,2021,Magnesium-Ion,54.3,433,Vehicle-To-Load (V2L),6.6,106946.08,Crimson Red,New Zealand,0,0.0,4.0,7479,5,1,Premium ($80K–$110K),7.974,246.99,Top,799849732.32,Mid (2019-2021)
Nissan,Leaf,2022,Lithium-Sulfur,126.8,530,Solar Charging,6.3,68918.11,Sunset Orange,Norway,1,0.0,4.0,17304,4,1,Mid ($50K–$80K),4.18,130.03,High,1192558975.44,Recent (2022-2025)
Ford,Explorer EV (Europe),2017,Lead-Acid,87.1,253,Level 2 Charging,5.7,81433.29,Gray,Usa,3,0.0,3.0,6767,4,0,Premium ($80K–$110K),2.905,321.87,Medium,551059073.43,Early (2015-2018)
Rivian,EDV (Electric Delivery Van),2023,Aluminum-Ion,72.1,313,Chademo,4.6,45045.64,Matte Black,Vietnam,3,0.0,5.0,989,4,0,Budget (<$50K),4.341,143.92,High,44550137.96,Recent (2022-2025)
Lotus,Evija,2021,Zinc-Air,108.3,190,Level 2 Charging,8.5,123620.65,Navy Blue,Belgium,2,0.0,5.0,4744,4,0,Luxury (>$110K),1.754,650.64,Low,586456363.6,Mid (2019-2021)
Lucid Motors,Lucid DreamDrive,2021,Lithium-Titanate,30.9,563,Mobile Charging,7.4,83924.64,Gold,Usa,5,0.0,4.0,1893,5,1,Premium ($80K–$110K),18.22,149.07,Top,158869343.52,Mid (2019-2021)
Great Wall Motors,ORA Ballet Cat,2024,Aluminum-Ion,80.2,463,Mobile Charging,4.5,49054.23,Rose Gold,China,0,0.0,4.0,4822,3,1,Budget (<$50K),5.773,105.95,High,236539497.06,Recent (2022-2025)
Great Wall Motors,ORA Good Cat,2021,Lithium-Titanate,128.8,333,Inductive (Wireless) Charging,2.6,114739.99,Midnight Black,Sweden,0,0.0,4.0,16059,4,0,Luxury (>$110K),2.585,344.56,Low,1842609499.41,Mid (2019-2021)
Cadillac,Lyriq,2022,Solid-State,75.0,129,Solar Charging,2.3,135964.91,Turquoise,Canada,4,0.0,3.0,12281,3,0,Luxury (>$110K),1.72,1053.99,Low,1669785059.71,Recent (2022-2025)
Kia,EV9,2024,Lithium-Ion,47.0,538,Nacs,2.7,137818.65,Racing Red,Indonesia,4,0.0,4.0,8720,3,1,Luxury (>$110K),11.447,256.17,Top,1201778628.0,Recent (2022-2025)
Skoda,Enyaq Coupe,2019,Nickel-Manganese-Cobalt,127.7,131,Vehicle-To-Grid (V2G),6.8,134202.18,Candy Apple Red,Australia,0,0.0,3.0,13109,3,0,Luxury (>$110K),1.026,1024.44,Low,1759256377.62,Mid (2019-2021)
Geely,Geometry A,2020,Flow Batteries,21.4,116,Solar Charging,7.2,55041.43,Tan,Australia,2,0.0,3.0,14436,3,0,Mid ($50K–$80K),5.421,474.5,High,794578083.48,Mid (2019-2021)
Ferrari,Roma PHEV,2022,Nickel-Cobalt-Aluminum,147.3,568,Level 1 Charging,6.7,144948.33,Silver,Thailand,2,0.0,4.0,18023,4,1,Luxury (>$110K),3.856,255.19,Medium,2612403751.5899997,Recent (2022-2025)
Kia,Niro EV,2024,Lithium-Iron Phosphate,36.5,458,Nacs,11.9,89190.75,Matte White,Uk,4,0.0,4.0,1564,4,1,Premium ($80K–$110K),12.548,194.74,Top,139494333.0,Recent (2022-2025)
Opel,Grandland Electric,2021,Lithium-Ion,36.3,320,Vehicle-To-Grid (V2G),5.7,107505.8,Platinum,Netherlands,1,0.0,3.0,19271,4,0,Premium ($80K–$110K),8.815,335.96,Top,2071744271.8,Mid (2019-2021)
Honda,Honda e (discontinued),2025,Zinc-Air,68.6,331,Level 1 Charging,6.3,95535.79,Magenta,Usa,3,0.0,3.0,5558,3,0,Premium ($80K–$110K),4.825,288.63,High,530987920.82,Recent (2022-2025)
Maserati,Grecale Folgore,2025,Lithium-Titanate,139.9,389,Nacs,7.3,49908.47,Navy Blue,China,2,0.0,3.0,9158,4,0,Budget (<$50K),2.781,128.3,Medium,457061768.26,Recent (2022-2025)
Maserati,Grecale Folgore,2024,Lithium-Iron Phosphate,42.5,180,Overhead Pantograph Charging,11.5,59671.94,Midnight Black,Usa,1,0.0,4.0,12263,5,0,Mid ($50K–$80K),4.235,331.51,High,731757000.22,Recent (2022-2025)
Faraday Future,FF 91,2020,Calcium-Ion,146.5,158,Ultra-Fast Charging (350 Kw+),11.9,64041.59,Burgundy,Japan,3,0.0,5.0,9333,5,0,Mid ($50K–$80K),1.078,405.33,Low,597700159.4699999,Mid (2019-2021)
Vinfast,VF 7,2024,Lithium-Iron Phosphate,118.2,225,Inductive (Wireless) Charging,10.6,65345.19,Forest Green,Thailand,4,0.0,4.0,17609,3,0,Mid ($50K–$80K),1.904,290.42,Low,1150663450.71,Recent (2022-2025)
Fisker,Ocean,2016,Nickel-Metal Hydride,128.1,503,Battery Swapping,9.2,40855.9,Matte Blue,South Korea,2,0.0,5.0,19698,5,1,Budget (<$50K),3.927,81.22,Medium,804779518.2,Early (2015-2018)
Volkswagen,ID.3,2016,Nickel-Metal Hydride,51.6,354,Plug-In Hydrogen Refueling,2.8,87734.65,Magenta,Israel,1,0.0,4.0,5972,5,0,Premium ($80K–$110K),6.86,247.84,Top,523951329.79999995,Early (2015-2018)
Opel,Mokka-e,2025,Solid-State,93.6,561,Vehicle-To-Home (V2H),4.4,148318.04,Yellow,Israel,3,0.0,4.0,7506,3,1,Luxury (>$110K),5.994,264.38,High,1113275208.24,Recent (2022-2025)
Great Wall Motors,ORA Lightning Cat,2018,Lithium-Titanate,72.1,583,Vehicle-To-Grid (V2G),10.3,62888.34,Purple,Sweden,4,0.0,4.0,3371,3,1,Mid ($50K–$80K),8.086,107.87,Top,211996594.14,Early (2015-2018)
Seat,Avenger,2024,Nickel-Cobalt-Aluminum,35.7,514,Ultra-Fast Charging (350 Kw+),0.8,98529.83,Pearl White,Saudi Arabia,2,0.0,3.0,5446,5,1,Premium ($80K–$110K),14.398,191.69,Top,536593454.18,Recent (2022-2025)
Kia,Soul EV,2020,Lithium-Titanate,49.9,269,Overhead Pantograph Charging,0.6,41290.46,Electric Blue,Italy,3,0.0,5.0,1617,5,0,Budget (<$50K),5.391,153.5,High,66766673.82,Mid (2019-2021)
Geely,Geometry C,2024,Nickel-Manganese-Cobalt,102.9,233,Vehicle-To-Home (V2H),7.5,45221.98,Ice Silver,Spain,1,0.0,3.0,8335,5,0,Budget (<$50K),2.264,194.09,Low,376925203.3,Recent (2022-2025)
Faraday Future,FF 91,2023,Magnesium-Ion,34.2,192,Level 1 Charging,4.0,95127.79,Champagne,Japan,5,0.0,3.0,7683,3,0,Premium ($80K–$110K),5.614,495.46,High,730866810.5699999,Recent (2022-2025)
Jeep,Recon (upcoming),2020,Solid-State,66.5,416,Level 2 Charging,2.4,86072.39,Matte White,Czech Republic,2,0.0,5.0,16497,4,1,Premium ($80K–$110K),6.256,206.9,High,1419936217.83,Mid (2019-2021)
Peugeot,e-2008,2023,Nickel-Metal Hydride,146.4,264,Vehicle-To-Grid (V2G),8.7,87339.11,Cream,Norway,3,0.0,3.0,19152,3,0,Premium ($80K–$110K),1.803,330.83,Low,1672718634.72,Recent (2022-2025)
Byd,Seal,2018,Calcium-Ion,121.4,547,Mobile Charging,9.0,39618.37,Matte Blue,Thailand,1,0.0,3.0,3482,5,1,Budget (<$50K),4.506,72.43,High,137951164.34,Early (2015-2018)
Porsche,Panamera EV,2025,Aluminum-Ion,102.6,186,Solar Charging,5.6,96296.48,Metallic Silver,Israel,1,0.0,4.0,5555,3,0,Premium ($80K–$110K),1.813,517.72,Low,534926946.4,Recent (2022-2025)
Polestar,Polestar 4,2016,Lithium-Sulfur,94.1,189,Level 1 Charging,9.6,102658.14,Ruby Red,Indonesia,5,0.0,4.0,8,4,0,Premium ($80K–$110K),2.009,543.16,Low,821265.12,Early (2015-2018)
Pininfarina,Battista,2024,Sodium-Ion,75.9,194,Dc Fast Charging (Dcfc),6.0,64204.84,Silver,Germany,4,0.0,3.0,18839,3,0,Mid ($50K–$80K),2.556,330.95,Low,1209554980.76,Recent (2022-2025)
Polestar,Polestar 4,2018,Lead-Acid,100.5,168,Nacs,3.9,85641.64,Green,Israel,0,0.0,3.0,17330,3,0,Premium ($80K–$110K),1.672,509.77,Low,1484169621.2,Early (2015-2018)
Changan,Deepal S07,2025,Lithium-Ion,61.6,243,Plug-In Hydrogen Refueling,1.8,112210.48,Tan,South Korea,3,0.0,3.0,17226,5,0,Luxury (>$110K),3.945,461.77,Medium,1932937728.48,Recent (2022-2025)
Fisker,Ocean,2015,Zinc-Air,62.3,337,Nacs,2.8,80839.11,Candy Apple Red,Vietnam,1,0.0,3.0,13446,3,0,Premium ($80K–$110K),5.409,239.88,High,1086962673.06,Early (2015-2018)
Tesla,Roadster (upcoming),2024,Lithium-Sulfur,56.8,147,Vehicle-To-Grid (V2G),3.9,142642.95,Cosmic Purple,France,2,0.0,5.0,6443,4,0,Luxury (>$110K),2.588,970.36,Low,919048526.85,Recent (2022-2025)
Porsche,Cayenne Electric (upcoming),2022,Flow Batteries,136.3,367,Overhead Pantograph Charging,6.0,80426.79,Stealth Gray,Japan,5,0.0,4.0,5900,5,0,Premium ($80K–$110K),2.693,219.15,Medium,474518060.99999994,Recent (2022-2025)
Chevrolet,Volt (PHEV),2021,Magnesium-Ion,29.0,267,Mobile Charging,1.7,96057.48,Black,Uk,3,0.0,3.0,9823,5,0,Premium ($80K–$110K),9.207,359.77,Top,943572626.04,Mid (2019-2021)
Porsche,Taycan,2017,Lithium-Sulfur,92.8,327,Solar Charging,3.6,62078.29,Navy Blue,Russia,2,0.0,3.0,16416,4,0,Mid ($50K–$80K),3.524,189.84,Medium,1019077208.64,Early (2015-2018)
Ferrari,Roma PHEV,2022,Zinc-Air,118.9,105,Nacs,4.6,65210.63,Matte White,Argentina,3,0.0,5.0,18606,3,0,Mid ($50K–$80K),0.883,621.05,Low,1213308981.78,Recent (2022-2025)
Toyota,Lexus UX 300e,2022,Nickel-Metal Hydride,45.7,322,Battery Swapping,1.2,31450.55,White,Ireland,4,0.0,4.0,15784,5,0,Budget (<$50K),7.046,97.67,Top,496415481.2,Recent (2022-2025)
Toyota,bZ4X,2016,Nickel-Cobalt-Aluminum,114.4,220,Mobile Charging,9.5,102408.71,Titanium,Japan,1,0.0,4.0,14003,3,0,Premium ($80K–$110K),1.923,465.49,Low,1434029166.13,Early (2015-2018)
Subaru,Solterra,2025,Flow Batteries,73.4,148,Solar Charging,3.1,90622.66,Matte Black,Spain,3,0.0,3.0,17767,4,0,Premium ($80K–$110K),2.016,612.32,Low,1610092800.22,Recent (2022-2025)
Genesis,GV80 Electric,2021,Lithium-Sulfur,136.5,534,Vehicle-To-Home (V2H),2.0,135220.69,Stealth Gray,Austria,0,0.0,5.0,2855,5,1,Luxury (>$110K),3.912,253.22,Medium,386055069.95,Mid (2019-2021)
Byd,Atto 3,2024,Zinc-Air,24.4,130,Chademo,5.7,140940.34,Pearl White,Singapore,0,0.0,3.0,14890,5,0,Luxury (>$110K),5.328,1084.16,High,2098601662.6,Recent (2022-2025)
Lamborghini,Lanzador (upcoming EV),2015,Lithium-Sulfur,146.9,286,Vehicle-To-Grid (V2G),9.2,81408.56,Pink,Japan,1,0.0,5.0,16685,3,0,Premium ($80K–$110K),1.947,284.65,Low,1358301823.6,Early (2015-2018)
Rivian,R1T,2021,Nickel-Manganese-Cobalt,103.8,440,Inductive (Wireless) Charging,0.8,78546.18,Ice Silver,Canada,1,0.0,4.0,15577,5,1,Mid ($50K–$80K),4.239,178.51,High,1223513845.86,Mid (2019-2021)
Genesis,GV80 Electric,2016,Zinc-Air,22.1,362,Vehicle-To-Home (V2H),6.3,90848.0,Pink,Switzerland,2,0.0,3.0,12688,4,0,Premium ($80K–$110K),16.38,250.96,Top,1152679424.0,Early (2015-2018)
Citroen,ë-C4,2024,Nickel-Cobalt-Aluminum,46.6,448,Nacs,8.5,113231.94,Rose Gold,Turkey,3,0.0,5.0,10572,3,1,Luxury (>$110K),9.614,252.75,Top,1197088069.68,Recent (2022-2025)
Mini,Mini Aceman,2019,Zinc-Air,37.9,524,Ccs,8.5,37041.92,Ruby Red,United Arab Emirates,5,0.0,4.0,14509,3,1,Budget (<$50K),13.826,70.69,Top,537441217.28,Mid (2019-2021)
Li Auto,MEGA,2018,Nickel-Metal Hydride,129.1,490,Dc Fast Charging (Dcfc),5.1,49543.12,Sky Blue,Usa,4,0.0,5.0,2624,5,1,Budget (<$50K),3.796,101.11,Medium,130001146.88000001,Early (2015-2018)
Ferrari,Ferrari EV (2025+),2017,Nickel-Manganese-Cobalt,35.6,178,Vehicle-To-Grid (V2G),8.6,145893.06,Navy Blue,Switzerland,1,0.0,3.0,17494,4,0,Luxury (>$110K),5.0,819.62,High,2552253191.64,Early (2015-2018)
Canoo,Pickup,2024,Lithium-Sulfur,42.3,400,Solar Charging,2.3,54749.62,Ice Silver,Israel,5,0.0,5.0,7779,4,1,Mid ($50K–$80K),9.456,136.87,Top,425897293.98,Recent (2022-2025)
Subaru,Solterra,2016,Lithium-Sulfur,66.6,389,Vehicle-To-Grid (V2G),5.7,149266.07,Gun Metal,Norway,3,0.0,3.0,65,4,0,Luxury (>$110K),5.841,383.72,High,9702294.55,Early (2015-2018)
Honda,Honda e (discontinued),2023,Nickel-Metal Hydride,144.6,239,Ultra-Fast Charging (350 Kw+),7.0,91515.56,Navy Blue,Portugal,1,0.0,5.0,2468,4,0,Premium ($80K–$110K),1.653,382.91,Low,225860402.07999998,Recent (2022-2025)
Renault,Megane E-Tech,2021,Nickel-Manganese-Cobalt,85.3,574,Level 1 Charging,4.9,75228.62,Ruby Red,Portugal,5,0.0,5.0,19002,3,1,Mid ($50K–$80K),6.729,131.06,Top,1429494237.24,Mid (2019-2021)
Kia,EV9,2025,Calcium-Ion,52.8,495,Chademo,10.9,108485.87,Green,Mexico,3,0.0,3.0,15596,3,1,Premium ($80K–$110K),9.375,219.16,Top,1691945628.52,Recent (2022-2025)
Cadillac,Lyriq,2021,Flow Batteries,58.8,328,Level 2 Charging,2.8,91581.3,Matte White,Japan,0,0.0,5.0,5426,5,0,Premium ($80K–$110K),5.578,279.21,High,496920133.8,Mid (2019-2021)
Li Auto,L8,2025,Calcium-Ion,120.2,526,Solar Charging,10.2,69149.88,Black,Germany,4,0.0,4.0,18512,3,1,Mid ($50K–$80K),4.376,131.46,High,1280102578.5600002,Recent (2022-2025)
Genesis,G80 Electric,2025,Lithium-Sulfur,31.5,314,Level 1 Charging,5.4,101080.36,Orange,Ireland,3,0.0,4.0,13308,4,0,Premium ($80K–$110K),9.968,321.91,Top,1345177430.88,Recent (2022-2025)
Volkswagen,ID.3,2023,Lithium-Ion,88.9,530,Level 1 Charging,3.3,44405.63,Blue,Norway,3,0.0,4.0,9195,4,1,Budget (<$50K),5.962,83.78,High,408309767.84999996,Recent (2022-2025)
Rivian,R1S,2024,Nickel-Cobalt-Aluminum,101.9,194,Battery Swapping,4.3,92630.48,Platinum,Russia,0,0.0,4.0,4672,4,0,Premium ($80K–$110K),1.904,477.48,Low,432769602.56,Recent (2022-2025)
Mercedes-Benz,EQE SUV,2018,Nickel-Cobalt-Aluminum,97.6,399,Dc Fast Charging (Dcfc),11.3,48745.21,Crimson Red,Australia,0,0.0,5.0,14789,4,0,Budget (<$50K),4.088,122.17,High,720892910.6899999,Early (2015-2018)
Canoo,MPDV,2015,Lithium-Iron Phosphate,99.3,432,Vehicle-To-Home (V2H),0.5,140194.9,Copper,Belgium,1,0.0,4.0,1377,4,1,Luxury (>$110K),4.35,324.53,High,193048377.29999998,Early (2015-2018)
Fisker,Ocean,2021,Lithium-Sulfur,85.2,140,Vehicle-To-Home (V2H),9.6,123466.14,Bronze,Germany,3,0.0,5.0,17917,3,0,Luxury (>$110K),1.643,881.9,Low,2212142830.38,Mid (2019-2021)
Jaguar,I-PACE,2024,Nickel-Manganese-Cobalt,149.8,227,Overhead Pantograph Charging,3.7,115476.02,Tan,Sweden,1,0.0,4.0,13213,4,0,Luxury (>$110K),1.515,508.7,Low,1525784652.26,Recent (2022-2025)
Cadillac,Optiq (upcoming),2023,Nickel-Cobalt-Aluminum,56.9,137,Chademo,4.8,67249.43,Platinum,Russia,5,0.0,3.0,8407,3,0,Mid ($50K–$80K),2.408,490.87,Low,565365958.01,Recent (2022-2025)
Cadillac,Optiq (upcoming),2021,Nickel-Metal Hydride,41.6,310,Chademo,0.6,80034.35,Red,Australia,4,0.0,4.0,12352,5,0,Premium ($80K–$110K),7.452,258.18,Top,988584291.2,Mid (2019-2021)
Jeep,Grand Cherokee 4xe (PHEV),2024,Aluminum-Ion,115.8,505,Ultra-Fast Charging (350 Kw+),3.0,120179.48,Racing Red,New Zealand,3,0.0,4.0,14776,5,1,Luxury (>$110K),4.361,237.98,High,1775771996.48,Recent (2022-2025)
Porsche,Panamera EV,2021,Lithium-Ion,59.1,226,Battery Swapping,6.5,35862.69,Cobalt Blue,Spain,1,0.0,5.0,6212,5,0,Budget (<$50K),3.824,158.68,Medium,222779030.28,Mid (2019-2021)
Hyundai,Ioniq 5,2017,Nickel-Cobalt-Aluminum,21.3,102,Dc Fast Charging (Dcfc),3.8,35960.44,Lime Green,Australia,1,0.0,3.0,9992,5,0,Budget (<$50K),4.789,352.55,High,359316716.48,Early (2015-2018)
Genesis,GV70 Electric,2015,Calcium-Ion,57.0,579,Dc Fast Charging (Dcfc),3.0,44185.05,Electric Blue,South Africa,3,0.0,5.0,15403,3,1,Budget (<$50K),10.158,76.31,Top,680582325.1500001,Early (2015-2018)
Chevrolet,Equinox EV,2024,Lead-Acid,76.5,267,Plug-In Hydrogen Refueling,3.9,119073.94,Lime Green,Italy,0,0.0,5.0,4958,3,0,Luxury (>$110K),3.49,445.97,Medium,590368594.52,Recent (2022-2025)
Lotus,Eletre,2018,Sodium-Ion,128.1,115,Vehicle-To-Load (V2L),11.9,81372.86,Cobalt Blue,France,2,0.0,3.0,18624,5,0,Premium ($80K–$110K),0.898,707.59,Low,1515488144.64,Early (2015-2018)
Canoo,Lifestyle Vehicle,2025,Calcium-Ion,68.1,373,Chademo,10.6,40221.01,Lime Green,Argentina,0,0.0,3.0,17242,4,0,Budget (<$50K),5.477,107.83,High,693490654.4200001,Recent (2022-2025)
Ferrari,Roma PHEV,2022,Nickel-Metal Hydride,118.5,433,Solar Charging,10.3,30807.31,Forest Green,Poland,0,0.0,3.0,6362,4,1,Budget (<$50K),3.654,71.15,Medium,195996106.22,Recent (2022-2025)
Mini,Mini Aceman,2020,Calcium-Ion,72.6,106,Level 2 Charging,6.2,89504.17,Ruby Red,Netherlands,3,0.0,3.0,13731,3,0,Premium ($80K–$110K),1.46,844.38,Low,1228981758.27,Mid (2019-2021)
Citroen,Ami,2025,Nickel-Metal Hydride,145.6,175,Mobile Charging,10.1,119305.3,Matte Blue,Ireland,4,0.0,3.0,15060,3,0,Luxury (>$110K),1.202,681.74,Low,1796737818.0,Recent (2022-2025)
Lucid Motors,Lucid Gravity,2017,Magnesium-Ion,58.2,258,Battery Swapping,10.2,64393.34,Gun Metal,Usa,3,0.0,5.0,13630,3,0,Mid ($50K–$80K),4.433,249.59,High,877681224.1999999,Early (2015-2018)
Opel,Corsa-e,2020,Solid-State,140.0,553,Level 1 Charging,8.5,86452.32,Purple,China,4,0.0,3.0,18263,4,1,Premium ($80K–$110K),3.95,156.33,Medium,1578878720.16,Mid (2019-2021)
Hyundai,Ioniq 7 (upcoming),2018,Flow Batteries,41.6,375,Overhead Pantograph Charging,1.4,72201.03,Metallic Silver,Spain,3,0.0,4.0,16675,3,0,Mid ($50K–$80K),9.014,192.54,Top,1203952175.25,Early (2015-2018)
Fisker,Pear (upcoming),2023,Lithium-Titanate,30.3,477,Ccs,4.2,130220.14,Gold,Portugal,4,0.0,5.0,3832,4,1,Luxury (>$110K),15.743,273.0,Top,499003576.48,Recent (2022-2025)
Bmw,iX3,2022,Calcium-Ion,81.5,125,Solar Charging,0.6,59499.59,Titanium,Usa,2,0.0,4.0,602,3,0,Mid ($50K–$80K),1.534,476.0,Low,35818753.18,Recent (2022-2025)
Cadillac,Optiq (upcoming),2023,Nickel-Metal Hydride,43.2,511,Level 1 Charging,8.3,100627.96,Cream,Netherlands,5,0.0,4.0,17825,5,1,Premium ($80K–$110K),11.829,196.92,Top,1793693387.0,Recent (2022-2025)
Xpeng,G9,2025,Lithium-Titanate,116.7,437,Vehicle-To-Home (V2H),6.6,31493.71,Cream,Hungary,5,0.0,4.0,9256,5,1,Budget (<$50K),3.745,72.07,Medium,291505779.76,Recent (2022-2025)
Zeekr,Zeekr X,2018,Lithium-Titanate,50.8,469,Vehicle-To-Grid (V2G),2.0,36659.25,Metallic Silver,Ireland,2,0.0,4.0,16620,3,1,Budget (<$50K),9.232,78.16,Top,609276735.0,Early (2015-2018)
Citroen,ë-Spacetourer,2022,Lithium-Ion,85.7,594,Vehicle-To-Load (V2L),11.9,35107.21,Pearl White,Japan,5,0.0,3.0,17722,5,1,Budget (<$50K),6.931,59.1,Top,622169975.62,Recent (2022-2025)
Canoo,MPDV,2025,Aluminum-Ion,147.3,543,Ultra-Fast Charging (350 Kw+),1.4,53963.06,Rose Gold,Sweden,3,0.0,4.0,18138,4,1,Mid ($50K–$80K),3.686,99.38,Medium,978781982.28,Recent (2022-2025)
Lamborghini,Revuelto (PHEV),2020,Nickel-Metal Hydride,124.0,223,Nacs,8.1,43372.61,Ruby Red,Thailand,3,0.0,5.0,5207,3,0,Budget (<$50K),1.798,194.5,Low,225841180.27,Mid (2019-2021)
Nissan,Ariya,2018,Zinc-Air,137.6,447,Level 1 Charging,6.0,144236.76,Turquoise,Portugal,5,0.0,5.0,4508,5,1,Luxury (>$110K),3.249,322.68,Medium,650219314.08,Early (2015-2018)
Lucid Motors,Lucid Air,2022,Magnesium-Ion,28.3,299,Dc Fast Charging (Dcfc),10.0,98675.39,Volcanic Yellow,Belgium,3,0.0,4.0,13375,3,0,Premium ($80K–$110K),10.565,330.02,Top,1319783341.25,Recent (2022-2025)
Li Auto,L8,2018,Sodium-Ion,111.4,395,Plug-In Hydrogen Refueling,11.1,73596.25,White,Italy,0,0.0,3.0,12254,4,0,Mid ($50K–$80K),3.546,186.32,Medium,901848447.5,Early (2015-2018)
Canoo,MPDV,2022,Lithium-Ion,48.1,298,Plug-In Hydrogen Refueling,1.1,141375.16,Blue,Thailand,3,0.0,3.0,12155,3,0,Luxury (>$110K),6.195,474.41,High,1718415069.8,Recent (2022-2025)
Volkswagen,ID.Buzz,2023,Aluminum-Ion,103.3,431,Vehicle-To-Grid (V2G),3.6,30961.71,Matte White,Israel,3,0.0,5.0,3875,3,1,Budget (<$50K),4.172,71.84,High,119976626.25,Recent (2022-2025)
Bmw,iX3,2018,Flow Batteries,23.7,286,Chademo,0.8,61475.08,Pearl White,Denmark,3,0.0,5.0,19577,4,0,Mid ($50K–$80K),12.068,214.95,Top,1203497641.16,Early (2015-2018)
Volvo,XC40 Recharge,2024,Flow Batteries,127.2,596,Plug-In Hydrogen Refueling,1.0,104793.72,Matte White,Vietnam,3,0.0,4.0,9675,5,1,Premium ($80K–$110K),4.686,175.83,High,1013879241.0,Recent (2022-2025)
Rimac,Nevera,2019,Flow Batteries,96.8,170,Level 2 Charging,4.2,119659.99,Gun Metal,Czech Republic,2,0.0,4.0,18266,3,0,Luxury (>$110K),1.756,703.88,Low,2185709377.34,Mid (2019-2021)
Acura,ZDX (with GM Ultium),2023,Zinc-Air,70.6,422,Overhead Pantograph Charging,6.6,64007.22,Titanium,Czech Republic,3,0.0,3.0,19566,5,1,Mid ($50K–$80K),5.977,151.68,High,1252365266.52,Recent (2022-2025)
Byd,Tang EV,2016,Nickel-Manganese-Cobalt,100.1,126,Mobile Charging,8.5,75586.34,Forest Green,Indonesia,3,0.0,5.0,13862,3,0,Mid ($50K–$80K),1.259,599.89,Low,1047777845.0799999,Early (2015-2018)
Geely,Geometry A,2019,Nickel-Manganese-Cobalt,132.3,178,Vehicle-To-Grid (V2G),10.9,78732.6,Gray,Denmark,0,0.0,3.0,12270,3,0,Mid ($50K–$80K),1.345,442.32,Low,966049002.0000001,Mid (2019-2021)
Skoda,Enyaq,2016,Nickel-Manganese-Cobalt,50.0,471,Dc Fast Charging (Dcfc),5.4,127075.6,Purple,Vietnam,3,0.0,4.0,4225,3,1,Luxury (>$110K),9.42,269.8,Top,536894410.0,Early (2015-2018)
Honda,Honda Prologue,2016,Lithium-Iron Phosphate,51.9,267,Solar Charging,5.6,61841.79,Cosmic Purple,India,5,0.0,5.0,10481,5,0,Mid ($50K–$80K),5.145,231.62,High,648163800.99,Early (2015-2018)
Changan,Q05,2015,Sodium-Ion,113.9,163,Dc Fast Charging (Dcfc),9.2,141888.71,Emerald Green,Singapore,3,0.0,5.0,13258,5,0,Luxury (>$110K),1.431,870.48,Low,1881160517.1799998,Early (2015-2018)
Rivian,R1S,2020,Nickel-Cobalt-Aluminum,135.1,383,Ultra-Fast Charging (350 Kw+),2.7,68672.3,Gun Metal,Russia,5,0.0,3.0,12263,5,0,Mid ($50K–$80K),2.835,179.3,Medium,842128414.9,Mid (2019-2021)
Changan,SL03,2017,Lithium-Iron Phosphate,149.2,455,Vehicle-To-Load (V2L),10.2,126154.66,Green,Saudi Arabia,0,0.0,3.0,5372,3,1,Luxury (>$110K),3.05,277.26,Medium,677702833.52,Early (2015-2018)
Cadillac,Celestiq,2021,Nickel-Manganese-Cobalt,51.4,197,Chademo,8.4,102444.53,Aurora Blue,Switzerland,1,0.0,4.0,9473,4,0,Premium ($80K–$110K),3.833,520.02,Medium,970457032.6899999,Mid (2019-2021)
Chevrolet,Bolt EUV,2023,Aluminum-Ion,37.3,222,Nacs,9.9,142172.56,Sunset Orange,India,4,0.0,4.0,15512,3,0,Luxury (>$110K),5.952,640.42,High,2205380750.72,Recent (2022-2025)
Gmc,Hummer EV Pickup,2018,Lithium-Titanate,89.5,273,Chademo,1.0,58595.82,Midnight Black,Germany,2,0.0,4.0,13870,5,0,Mid ($50K–$80K),3.05,214.64,Medium,812724023.4,Early (2015-2018)
Lucid Motors,Lucid Air,2017,Lead-Acid,56.3,170,Inductive (Wireless) Charging,11.6,89357.28,Red,Ireland,1,0.0,4.0,15835,4,0,Premium ($80K–$110K),3.02,525.63,Medium,1414972528.8,Early (2015-2018)
Canoo,Pickup,2016,Sodium-Ion,129.6,453,Mobile Charging,2.0,76680.48,Candy Apple Red,Hungary,5,0.0,4.0,18058,3,1,Mid ($50K–$80K),3.495,169.27,Medium,1384696107.84,Early (2015-2018)
Jaguar,I-PACE,2015,Lithium-Titanate,128.2,503,Solar Charging,11.8,55613.29,Charcoal,Norway,3,0.0,3.0,4203,4,1,Mid ($50K–$80K),3.924,110.56,Medium,233742657.87,Early (2015-2018)
Geely,Geometry C,2022,Lithium-Iron Phosphate,46.5,138,Vehicle-To-Grid (V2G),10.7,90747.84,Silver,Thailand,2,0.0,4.0,14514,3,0,Premium ($80K–$110K),2.968,657.59,Medium,1317114149.76,Recent (2022-2025)
Rivian,EDV (Electric Delivery Van),2020,Lithium-Ion,50.9,508,Level 2 Charging,4.4,67583.03,Sapphire Blue,Turkey,1,0.0,4.0,1231,5,1,Mid ($50K–$80K),9.98,133.04,Top,83194709.92999999,Mid (2019-2021)
Great Wall Motors,ORA Ballet Cat,2019,Lithium-Titanate,27.0,559,Vehicle-To-Load (V2L),3.6,111047.7,Brown,New Zealand,2,0.0,4.0,4512,4,1,Luxury (>$110K),20.704,198.65,Top,501047222.4,Mid (2019-2021)
Ferrari,SF90 Stradale (PHEV),2021,Calcium-Ion,40.8,531,Level 2 Charging,3.3,78580.56,Cobalt Blue,Turkey,2,0.0,4.0,8597,4,1,Mid ($50K–$80K),13.015,147.99,Top,675557074.3199999,Mid (2019-2021)
Renault,Megane E-Tech,2019,Zinc-Air,78.2,261,Vehicle-To-Load (V2L),7.9,55063.89,Matte Black,Switzerland,5,0.0,5.0,18819,5,0,Mid ($50K–$80K),3.338,210.97,Medium,1036247345.91,Mid (2019-2021)
Dacia,Bigster EV (upcoming),2024,Magnesium-Ion,30.1,406,Vehicle-To-Grid (V2G),0.9,118811.14,Purple,Hungary,3,0.0,5.0,6800,3,1,Luxury (>$110K),13.488,292.64,Top,807915752.0,Recent (2022-2025)
Canoo,Pickup,2021,Lithium-Sulfur,48.1,167,Ultra-Fast Charging (350 Kw+),11.7,60871.19,Beige,France,3,0.0,5.0,17487,5,0,Mid ($50K–$80K),3.472,364.5,Medium,1064454499.5300001,Mid (2019-2021)
Audi,e-tron,2020,Zinc-Air,57.5,577,Mobile Charging,3.1,31954.04,Ice Silver,China,3,0.0,3.0,4504,3,1,Budget (<$50K),10.035,55.38,Top,143920996.16,Mid (2019-2021)
Canoo,MPDV,2023,Lithium-Titanate,139.0,580,Vehicle-To-Load (V2L),4.0,129205.31,Emerald Green,Netherlands,5,0.0,4.0,2104,5,1,Luxury (>$110K),4.173,222.77,High,271847972.24,Recent (2022-2025)
Opel,Grandland Electric,2023,Nickel-Metal Hydride,138.2,165,Inductive (Wireless) Charging,5.7,107155.2,Ruby Red,New Zealand,3,0.0,4.0,2208,4,0,Premium ($80K–$110K),1.194,649.43,Low,236598681.6,Recent (2022-2025)
Lotus,Eletre,2021,Lithium-Titanate,30.0,474,Inductive (Wireless) Charging,8.5,60650.14,Ruby Red,Argentina,3,0.0,5.0,8880,4,1,Mid ($50K–$80K),15.8,127.95,Top,538573243.2,Mid (2019-2021)
Nissan,Ariya,2023,Nickel-Cobalt-Aluminum,109.3,419,Battery Swapping,7.0,125613.57,Metallic Silver,Saudi Arabia,0,0.0,4.0,5051,3,1,Luxury (>$110K),3.833,299.79,Medium,634474142.07,Recent (2022-2025)
Xpeng,P7,2015,Calcium-Ion,90.6,393,Chademo,5.3,76102.93,Gray,Usa,3,0.0,5.0,14733,5,0,Mid ($50K–$80K),4.338,193.65,High,1121224467.6899998,Early (2015-2018)
Mg,MG ES5,2019,Sodium-Ion,84.9,574,Plug-In Hydrogen Refueling,4.2,120192.95,Teal,Russia,1,0.0,3.0,224,3,1,Luxury (>$110K),6.761,209.4,Top,26923220.8,Mid (2019-2021)
Nio,EL7,2020,Lead-Acid,122.3,312,Chademo,3.8,36898.78,Red,Indonesia,2,0.0,4.0,9913,4,0,Budget (<$50K),2.551,118.27,Low,365777606.14,Mid (2019-2021)
Audi,A6 e-tron (upcoming),2024,Zinc-Air,81.4,251,Level 1 Charging,2.2,131763.61,Metallic Silver,Denmark,4,0.0,4.0,7647,4,0,Luxury (>$110K),3.084,524.95,Medium,1007596325.6699998,Recent (2022-2025)
Canoo,Pickup,2015,Lithium-Titanate,28.3,110,Ultra-Fast Charging (350 Kw+),5.2,35469.82,Sapphire Blue,Poland,2,0.0,5.0,13474,3,0,Budget (<$50K),3.887,322.45,Medium,477920354.68,Early (2015-2018)
Porsche,Taycan,2020,Lithium-Titanate,26.3,413,Ultra-Fast Charging (350 Kw+),0.8,103045.6,Bronze,China,5,0.0,4.0,2169,5,1,Premium ($80K–$110K),15.703,249.51,Top,223505906.4,Mid (2019-2021)
Great Wall Motors,ORA Ballet Cat,2022,Calcium-Ion,129.8,520,Vehicle-To-Load (V2L),2.1,62728.32,Charcoal,United Arab Emirates,1,0.0,5.0,431,4,1,Mid ($50K–$80K),4.006,120.63,Medium,27035905.919999998,Recent (2022-2025)
Rimac,Nevera,2022,Lithium-Iron Phosphate,66.0,494,Plug-In Hydrogen Refueling,9.1,89057.16,Graphite Gray,Usa,3,0.0,5.0,8231,5,1,Premium ($80K–$110K),7.485,180.28,Top,733029483.96,Recent (2022-2025)
Nissan,Ariya,2024,Calcium-Ion,101.6,380,Level 2 Charging,2.1,147910.92,White,Netherlands,2,0.0,3.0,7643,3,0,Luxury (>$110K),3.74,389.24,Medium,1130483161.5600002,Recent (2022-2025)
Fisker,Ocean,2020,Lead-Acid,56.4,530,Level 1 Charging,5.9,131326.08,Charcoal,Japan,4,0.0,4.0,9361,5,1,Luxury (>$110K),9.397,247.79,Top,1229343434.8799999,Mid (2019-2021)
Zeekr,Zeekr 007,2020,Zinc-Air,67.5,585,Ccs,8.0,38003.24,Brown,Portugal,5,0.0,3.0,16412,5,1,Budget (<$50K),8.667,64.96,Top,623709174.88,Mid (2019-2021)
Citroen,Ami,2017,Calcium-Ion,98.8,502,Plug-In Hydrogen Refueling,8.5,126717.71,Bronze,France,1,0.0,3.0,14069,3,1,Luxury (>$110K),5.081,252.43,High,1782791461.99,Early (2015-2018)
Peugeot,e-3008,2023,Nickel-Cobalt-Aluminum,113.1,487,Battery Swapping,2.4,80398.8,Aurora Blue,Czech Republic,1,0.0,3.0,81,4,1,Premium ($80K–$110K),4.306,165.09,High,6512302.8,Recent (2022-2025)
Xpeng,G6,2024,Lithium-Iron Phosphate,105.4,428,Dc Fast Charging (Dcfc),4.8,147807.12,Matte Black,Uk,4,0.0,4.0,11855,4,1,Luxury (>$110K),4.061,345.34,Medium,1752253407.6,Recent (2022-2025)
Ferrari,Roma PHEV,2021,Zinc-Air,91.3,528,Level 1 Charging,11.2,141342.13,Forest Green,Italy,1,0.0,4.0,16468,5,1,Luxury (>$110K),5.783,267.69,High,2327622196.84,Mid (2019-2021)
Nissan,Leaf,2017,Lithium-Iron Phosphate,81.3,523,Level 2 Charging,0.9,127506.17,Stealth Gray,Vietnam,2,0.0,5.0,14680,3,1,Luxury (>$110K),6.433,243.8,High,1871790575.6,Early (2015-2018)
Mini,Mini Aceman,2019,Magnesium-Ion,80.6,328,Mobile Charging,8.6,38472.16,Burgundy,Malaysia,2,0.0,3.0,17846,5,0,Budget (<$50K),4.069,117.29,Medium,686574167.36,Mid (2019-2021)
Gmc,Hummer EV Pickup,2022,Lithium-Titanate,47.3,363,Dc Fast Charging (Dcfc),4.6,37776.24,Champagne,Ireland,3,0.0,5.0,12799,3,0,Budget (<$50K),7.674,104.07,Top,483498095.76,Recent (2022-2025)
Xpeng,X9,2018,Lead-Acid,54.3,362,Vehicle-To-Home (V2H),5.2,93014.84,Charcoal,Germany,3,0.0,4.0,3564,3,0,Premium ($80K–$110K),6.667,256.95,High,331504889.76,Early (2015-2018)
Jaguar,I-PACE,2025,Calcium-Ion,63.4,145,Ccs,2.3,98048.69,Burgundy,Saudi Arabia,3,0.0,3.0,16736,3,0,Premium ($80K–$110K),2.287,676.2,Low,1640942875.8400002,Recent (2022-2025)
Canoo,Lifestyle Vehicle,2025,Calcium-Ion,83.5,568,Plug-In Hydrogen Refueling,5.0,121251.01,Gun Metal,Japan,0,0.0,4.0,4808,5,1,Luxury (>$110K),6.802,213.47,Top,582974856.0799999,Recent (2022-2025)
Lamborghini,Revuelto (PHEV),2021,Lead-Acid,98.9,218,Ultra-Fast Charging (350 Kw+),3.7,114772.81,Lime Green,Vietnam,4,0.0,3.0,10360,3,0,Luxury (>$110K),2.204,526.48,Low,1189046311.6,Mid (2019-2021)
Li Auto,MEGA,2020,Nickel-Manganese-Cobalt,86.4,311,Ultra-Fast Charging (350 Kw+),12.0,52921.07,Teal,Malaysia,3,0.0,3.0,5597,5,0,Mid ($50K–$80K),3.6,170.16,Medium,296199228.79,Mid (2019-2021)
Rivian,R1T,2020,Sodium-Ion,64.2,121,Mobile Charging,5.6,138608.2,Teal,Italy,4,0.0,5.0,7295,5,0,Luxury (>$110K),1.885,1145.52,Low,1011146819.0000001,Mid (2019-2021)
Toyota,Lexus UX 300e,2019,Lithium-Sulfur,25.8,288,Inductive (Wireless) Charging,1.7,39161.99,Red,Poland,0,0.0,3.0,7432,5,0,Budget (<$50K),11.163,135.98,Top,291051909.68,Mid (2019-2021)
Vinfast,VF 8,2015,Lithium-Iron Phosphate,72.1,327,Ccs,4.2,120006.24,Platinum,Saudi Arabia,5,0.0,4.0,14627,5,0,Luxury (>$110K),4.535,366.99,High,1755331272.48,Early (2015-2018)
Bmw,iX,2018,Flow Batteries,146.6,511,Battery Swapping,4.6,91485.37,Gold,Indonesia,4,0.0,4.0,7598,4,1,Premium ($80K–$110K),3.486,179.03,Medium,695105841.26,Early (2015-2018)
Renault,Kangoo E-Tech,2019,Calcium-Ion,22.8,321,Inductive (Wireless) Charging,11.3,103578.72,Aurora Blue,Switzerland,4,0.0,4.0,19080,4,0,Premium ($80K–$110K),14.079,322.68,Top,1976281977.6,Mid (2019-2021)
Byd,Dolphin,2017,Zinc-Air,138.3,442,Chademo,8.1,58022.57,Graphite Gray,Thailand,5,0.0,4.0,18511,3,1,Mid ($50K–$80K),3.196,131.27,Medium,1074055793.27,Early (2015-2018)
Pininfarina,Battista,2025,Lithium-Sulfur,103.5,520,Ultra-Fast Charging (350 Kw+),3.1,66010.31,Beige,Argentina,3,0.0,5.0,8108,5,1,Mid ($50K–$80K),5.024,126.94,High,535211593.47999996,Recent (2022-2025)
Zeekr,Zeekr 007,2015,Nickel-Manganese-Cobalt,138.3,253,Solar Charging,9.6,131587.08,Cosmic Purple,Spain,5,0.0,5.0,11689,5,0,Luxury (>$110K),1.829,520.11,Low,1538121378.12,Early (2015-2018)
Mazda,MX-30,2025,Nickel-Manganese-Cobalt,54.8,577,Ccs,5.4,83034.41,Pink,Usa,1,0.0,4.0,18498,5,1,Premium ($80K–$110K),10.529,143.91,Top,1535970516.18,Recent (2022-2025)
Audi,Q4 e-tron,2016,Lithium-Iron Phosphate,122.4,253,Battery Swapping,8.2,76392.48,Blue,Israel,4,0.0,4.0,9430,3,0,Mid ($50K–$80K),2.067,301.95,Low,720381086.4,Early (2015-2018)
Peugeot,e-2008,2024,Magnesium-Ion,113.5,164,Plug-In Hydrogen Refueling,3.8,106430.63,Forest Green,Denmark,0,0.0,5.0,11399,5,0,Premium ($80K–$110K),1.445,648.97,Low,1213202751.3700001,Recent (2022-2025)
Nissan,Ariya,2017,Solid-State,92.5,196,Vehicle-To-Grid (V2G),4.8,85161.56,Gun Metal,India,3,0.0,4.0,4572,4,0,Premium ($80K–$110K),2.119,434.5,Low,389358652.32,Early (2015-2018)
Peugeot,e-5008,2018,Lithium-Sulfur,42.6,586,Level 2 Charging,2.0,131883.56,Gray,Italy,1,0.0,3.0,2371,3,1,Luxury (>$110K),13.756,225.06,Top,312695920.76,Early (2015-2018)
Renault,Kangoo E-Tech,2021,Lead-Acid,48.7,315,Vehicle-To-Load (V2L),4.6,118844.33,Yellow,New Zealand,4,0.0,4.0,9046,4,0,Luxury (>$110K),6.468,377.28,High,1075065809.18,Mid (2019-2021)
Jaguar,I-PACE,2019,Lithium-Ion,100.2,208,Ultra-Fast Charging (350 Kw+),9.4,72055.42,Sunset Orange,Poland,2,0.0,4.0,1721,3,0,Mid ($50K–$80K),2.076,346.42,Low,124007377.82,Mid (2019-2021)
Lamborghini,Lanzador (upcoming EV),2018,Nickel-Manganese-Cobalt,117.7,294,Inductive (Wireless) Charging,1.3,100146.78,Stealth Gray,Brazil,5,0.0,4.0,11665,5,0,Premium ($80K–$110K),2.498,340.64,Low,1168212188.7,Early (2015-2018)
Citroen,ë-C4,2025,Nickel-Metal Hydride,83.2,324,Plug-In Hydrogen Refueling,10.3,61524.98,Green,Poland,0,0.0,5.0,10596,3,0,Mid ($50K–$80K),3.894,189.89,Medium,651918688.08,Recent (2022-2025)
Porsche,Panamera EV,2020,Solid-State,114.7,206,Battery Swapping,9.5,141043.15,Gold,United Arab Emirates,1,0.0,3.0,18765,3,0,Luxury (>$110K),1.796,684.68,Low,2646674709.75,Mid (2019-2021)
Subaru,Solterra,2018,Lithium-Iron Phosphate,28.6,573,Overhead Pantograph Charging,3.7,117745.81,Ice Silver,Uk,3,0.0,3.0,11717,3,1,Luxury (>$110K),20.035,205.49,Top,1379627655.77,Early (2015-2018)
Jaguar,I-PACE,2024,Nickel-Manganese-Cobalt,88.4,338,Mobile Charging,3.0,46081.57,Ice Silver,Usa,4,0.0,4.0,14268,4,0,Budget (<$50K),3.824,136.34,Medium,657491840.76,Recent (2022-2025)
Kia,Niro EV,2015,Lithium-Titanate,88.7,291,Level 2 Charging,1.2,116770.4,Matte White,New Zealand,0,0.0,4.0,3017,3,0,Luxury (>$110K),3.281,401.27,Medium,352296296.8,Early (2015-2018)
Honda,e:Ny1,2021,Nickel-Manganese-Cobalt,89.5,187,Ccs,11.4,31773.86,Cobalt Blue,United Arab Emirates,3,0.0,4.0,13283,5,0,Budget (<$50K),2.089,169.91,Low,422052182.38,Mid (2019-2021)
Lotus,Emeya,2021,Lithium-Sulfur,36.8,489,Vehicle-To-Home (V2H),10.1,78785.54,Matte Gray,Usa,3,0.0,3.0,8008,5,1,Mid ($50K–$80K),13.288,161.12,Top,630914604.3199999,Mid (2019-2021)
Audi,Q4 e-tron,2019,Nickel-Metal Hydride,111.9,200,Level 1 Charging,5.1,36335.26,Metallic Silver,South Korea,4,0.0,5.0,10981,5,0,Budget (<$50K),1.787,181.68,Low,398997490.06,Mid (2019-2021)
Nissan,Ariya,2017,Nickel-Metal Hydride,57.5,148,Ccs,3.8,48408.3,Cream,Indonesia,0,0.0,5.0,19294,5,0,Budget (<$50K),2.574,327.08,Low,933989740.2,Early (2015-2018)
Ford,Mustang Mach-E,2016,Calcium-Ion,72.2,557,Ultra-Fast Charging (350 Kw+),2.9,118822.63,Charcoal,Italy,3,0.0,4.0,10469,3,1,Luxury (>$110K),7.715,213.33,Top,1243954113.47,Early (2015-2018)
Jeep,Grand Cherokee 4xe (PHEV),2017,Flow Batteries,42.9,290,Plug-In Hydrogen Refueling,2.1,33303.76,Lime Green,Finland,0,0.0,5.0,10051,3,0,Budget (<$50K),6.76,114.84,Top,334736091.76000005,Early (2015-2018)
Volvo,XC40 Recharge,2018,Lithium-Iron Phosphate,103.4,286,Nacs,6.4,144642.82,Orange,Switzerland,5,0.0,4.0,9283,4,0,Luxury (>$110K),2.766,505.74,Medium,1342719298.0600002,Early (2015-2018)
Volkswagen,ID.4,2019,Nickel-Metal Hydride,85.1,252,Solar Charging,7.5,81383.62,White,Norway,4,0.0,3.0,1786,5,0,Premium ($80K–$110K),2.961,322.95,Medium,145351145.32,Mid (2019-2021)
Faraday Future,FF 91,2018,Nickel-Cobalt-Aluminum,117.5,425,Vehicle-To-Load (V2L),7.7,134036.35,Forest Green,Portugal,4,0.0,5.0,15463,3,1,Luxury (>$110K),3.617,315.38,Medium,2072604080.0500002,Early (2015-2018)
Fisker,Pear (upcoming),2016,Sodium-Ion,109.5,296,Plug-In Hydrogen Refueling,4.8,69901.87,Rose Gold,China,3,0.0,3.0,16741,3,0,Mid ($50K–$80K),2.703,236.15,Medium,1170227205.6699998,Early (2015-2018)
Gmc,Hummer EV SUV,2021,Lithium-Sulfur,33.7,342,Overhead Pantograph Charging,3.0,78518.37,Matte Blue,Argentina,3,0.0,4.0,14231,5,0,Mid ($50K–$80K),10.148,229.59,Top,1117394923.47,Mid (2019-2021)
Rimac,Nevera,2020,Lithium-Iron Phosphate,93.0,457,Vehicle-To-Grid (V2G),2.0,106054.84,Navy Blue,Singapore,2,0.0,3.0,12722,4,1,Premium ($80K–$110K),4.914,232.07,High,1349229674.48,Mid (2019-2021)
Jeep,Grand Cherokee 4xe (PHEV),2019,Solid-State,64.0,141,Nacs,7.9,133609.35,Ice Silver,Indonesia,5,0.0,4.0,8894,3,0,Luxury (>$110K),2.203,947.58,Low,1188321558.9,Mid (2019-2021)
Mini,Mini Cooper SE,2021,Lead-Acid,62.7,483,Vehicle-To-Grid (V2G),3.3,99330.14,Tan,France,4,0.0,5.0,7745,5,1,Premium ($80K–$110K),7.703,205.65,Top,769311934.3,Mid (2019-2021)
Cadillac,Optiq (upcoming),2025,Solid-State,74.0,281,Ultra-Fast Charging (350 Kw+),8.2,90011.17,Yellow,Thailand,4,0.0,3.0,957,3,0,Premium ($80K–$110K),3.797,320.32,Medium,86140689.69,Recent (2022-2025)
Nissan,Ariya,2018,Nickel-Manganese-Cobalt,37.0,130,Vehicle-To-Load (V2L),8.4,123001.86,Navy Blue,Usa,2,0.0,4.0,18149,5,0,Luxury (>$110K),3.514,946.17,Medium,2232360757.14,Early (2015-2018)
Nissan,Leaf,2021,Lithium-Titanate,55.8,206,Ccs,2.0,44698.33,Copper,Thailand,4,0.0,4.0,13004,3,0,Budget (<$50K),3.692,216.98,Medium,581257083.32,Mid (2019-2021)
Rimac,Nevera,2017,Lithium-Titanate,95.2,525,Nacs,5.0,114303.75,Teal,Thailand,1,0.0,5.0,19171,5,1,Luxury (>$110K),5.515,217.72,High,2191317191.25,Early (2015-2018)
Acura,ZDX (with GM Ultium),2015,Lithium-Iron Phosphate,71.4,393,Battery Swapping,6.3,109793.25,Lime Green,Canada,3,0.0,4.0,18584,4,0,Premium ($80K–$110K),5.504,279.37,High,2040397758.0,Early (2015-2018)
Hyundai,Ioniq 7 (upcoming),2022,Flow Batteries,23.3,449,Ultra-Fast Charging (350 Kw+),3.0,56480.84,Orange,Japan,3,0.0,5.0,902,3,1,Mid ($50K–$80K),19.27,125.79,Top,50945717.68,Recent (2022-2025)
Xpeng,G6,2024,Zinc-Air,55.4,399,Level 2 Charging,9.3,39756.46,Crimson Red,Austria,2,0.0,4.0,15795,5,0,Budget (<$50K),7.202,99.64,Top,627953285.6999999,Recent (2022-2025)
Faraday Future,FF 91,2025,Lithium-Sulfur,89.4,151,Solar Charging,1.0,97602.21,Cobalt Blue,Spain,3,0.0,4.0,14226,4,0,Premium ($80K–$110K),1.689,646.37,Low,1388489039.46,Recent (2022-2025)
Cadillac,Lyriq,2015,Solid-State,149.2,565,Dc Fast Charging (Dcfc),1.7,31250.63,Copper,Israel,4,0.0,4.0,816,3,1,Budget (<$50K),3.787,55.31,Medium,25500514.080000002,Early (2015-2018)
Subaru,Solterra,2015,Nickel-Metal Hydride,88.9,525,Vehicle-To-Grid (V2G),10.3,141099.55,Cream,Saudi Arabia,5,0.0,5.0,1296,3,1,Luxury (>$110K),5.906,268.76,High,182865016.79999998,Early (2015-2018)
Mazda,MX-30,2016,Calcium-Ion,120.1,232,Mobile Charging,4.0,61335.98,Charcoal,South Korea,1,0.0,4.0,15664,5,0,Mid ($50K–$80K),1.932,264.38,Low,960766790.72,Early (2015-2018)
Mini,Mini Electric,2022,Calcium-Ion,142.1,402,Ccs,2.9,95225.42,Blue,Uk,3,0.0,3.0,16236,3,1,Premium ($80K–$110K),2.829,236.88,Medium,1546079919.12,Recent (2022-2025)
Rivian,R1T,2016,Zinc-Air,108.6,574,Level 1 Charging,12.0,66414.61,Sunset Orange,Usa,4,0.0,4.0,3015,3,1,Mid ($50K–$80K),5.285,115.7,High,200240049.15,Early (2015-2018)
Volkswagen,ID.2all,2023,Nickel-Manganese-Cobalt,130.6,253,Mobile Charging,2.1,88149.47,Ice Silver,China,4,0.0,5.0,12075,4,0,Premium ($80K–$110K),1.937,348.42,Low,1064404850.25,Recent (2022-2025)
Nio,ES7,2021,Lithium-Iron Phosphate,98.7,222,Dc Fast Charging (Dcfc),0.9,106458.26,Magenta,Finland,5,0.0,5.0,9380,3,0,Premium ($80K–$110K),2.249,479.54,Low,998578478.8,Mid (2019-2021)
Polestar,Polestar 3,2016,Sodium-Ion,56.9,124,Dc Fast Charging (Dcfc),8.7,39888.14,Pink,Switzerland,3,0.0,5.0,6079,4,0,Budget (<$50K),2.179,321.68,Low,242480003.06,Early (2015-2018)
Audi,Q8 e-tron,2023,Lithium-Sulfur,125.8,272,Nacs,12.0,51060.04,Ruby Red,Russia,0,0.0,4.0,15943,5,0,Mid ($50K–$80K),2.162,187.72,Low,814050217.72,Recent (2022-2025)
Faraday Future,FF 91,2022,Zinc-Air,90.6,460,Battery Swapping,6.5,139788.17,Teal,Vietnam,2,0.0,5.0,7238,3,1,Luxury (>$110K),5.077,303.89,High,1011786774.46,Recent (2022-2025)
Nissan,Ariya,2016,Zinc-Air,148.8,458,Mobile Charging,5.5,71744.17,Lime Green,Thailand,2,0.0,3.0,6036,4,1,Mid ($50K–$80K),3.078,156.65,Medium,433047810.12,Early (2015-2018)
Acura,ZDX (with GM Ultium),2022,Nickel-Metal Hydride,70.7,168,Overhead Pantograph Charging,5.2,33106.84,Beige,Usa,5,0.0,5.0,8993,3,0,Budget (<$50K),2.376,197.06,Low,297729812.11999995,Recent (2022-2025)
Volvo,XC40 Recharge,2021,Lead-Acid,104.3,592,Vehicle-To-Grid (V2G),10.4,61281.24,Burgundy,Turkey,0,0.0,4.0,13495,4,1,Mid ($50K–$80K),5.676,103.52,High,826990333.8,Mid (2019-2021)
Maserati,Grecale Folgore,2025,Lithium-Sulfur,148.5,511,Ccs,6.1,94355.84,White,New Zealand,1,0.0,4.0,5286,3,1,Premium ($80K–$110K),3.441,184.65,Medium,498764970.24,Recent (2022-2025)
Volvo,C40 Recharge,2023,Nickel-Metal Hydride,43.5,384,Chademo,3.8,94326.0,Aurora Blue,Hungary,4,0.0,5.0,19513,4,0,Premium ($80K–$110K),8.828,245.64,Top,1840583238.0,Recent (2022-2025)
Chevrolet,Bolt EV,2019,Solid-State,25.1,484,Battery Swapping,5.7,126304.05,Crimson Red,Argentina,0,0.0,4.0,973,4,1,Luxury (>$110K),19.283,260.96,Top,122893840.65,Mid (2019-2021)
Lucid Motors,Lucid Gravity,2022,Aluminum-Ion,38.9,492,Chademo,11.1,30918.69,Brown,Czech Republic,3,0.0,4.0,18236,3,1,Budget (<$50K),12.648,62.84,Top,563833230.84,Recent (2022-2025)
Cadillac,Celestiq,2023,Lithium-Iron Phosphate,23.8,574,Level 1 Charging,10.3,32847.56,Magenta,France,5,0.0,3.0,10909,3,1,Budget (<$50K),24.118,57.23,Top,358334032.03999996,Recent (2022-2025)
Vinfast,VFe34 (discontinued),2016,Aluminum-Ion,105.3,247,Vehicle-To-Load (V2L),6.9,125984.09,Copper,Italy,1,0.0,5.0,19996,3,0,Luxury (>$110K),2.346,510.06,Low,2519177863.64,Early (2015-2018)
Nissan,Ariya,2018,Magnesium-Ion,64.8,567,Level 1 Charging,8.2,57281.34,Matte Gray,Israel,5,0.0,5.0,14569,4,1,Mid ($50K–$80K),8.75,101.03,Top,834531842.4599999,Early (2015-2018)
Polestar,Polestar 5 (upcoming),2024,Zinc-Air,21.8,516,Mobile Charging,6.9,144938.6,Champagne,Argentina,2,0.0,4.0,9117,3,1,Luxury (>$110K),23.67,280.89,Top,1321405216.2,Recent (2022-2025)
Ferrari,Ferrari EV (2025+),2015,Calcium-Ion,74.5,593,Vehicle-To-Grid (V2G),7.0,35860.67,Magenta,Brazil,4,0.0,3.0,12362,3,1,Budget (<$50K),7.96,60.47,Top,443309602.53999996,Early (2015-2018)
Renault,Megane E-Tech,2021,Sodium-Ion,74.6,223,Ultra-Fast Charging (350 Kw+),5.7,62804.21,Candy Apple Red,Japan,3,0.0,3.0,7296,4,0,Mid ($50K–$80K),2.989,281.63,Medium,458219516.15999997,Mid (2019-2021)
Mini,Mini Aceman,2016,Lithium-Sulfur,96.4,382,Level 2 Charging,2.1,56394.24,Black,Turkey,3,0.0,3.0,13034,4,0,Mid ($50K–$80K),3.963,147.63,Medium,735042524.16,Early (2015-2018)
Toyota,Lexus RZ,2022,Magnesium-Ion,128.9,540,Nacs,4.2,135172.73,White,Saudi Arabia,1,0.0,4.0,5705,3,1,Luxury (>$110K),4.189,250.32,High,771160424.6500001,Recent (2022-2025)
Subaru,Solterra,2015,Lithium-Sulfur,30.4,463,Chademo,4.0,116417.55,Pink,Belgium,3,0.0,4.0,10332,4,1,Luxury (>$110K),15.23,251.44,Top,1202826126.6000001,Early (2015-2018)
Mazda,MX-30,2021,Nickel-Metal Hydride,128.4,388,Plug-In Hydrogen Refueling,0.7,63306.05,Turquoise,Malaysia,3,0.0,5.0,4731,5,0,Mid ($50K–$80K),3.022,163.16,Medium,299500922.55,Mid (2019-2021)
Vinfast,VF 8,2025,Zinc-Air,57.8,192,Ultra-Fast Charging (350 Kw+),10.3,68659.02,Matte White,Italy,1,0.0,4.0,4581,5,0,Mid ($50K–$80K),3.322,357.6,Medium,314526970.62,Recent (2022-2025)
Zeekr,Zeekr 007,2017,Aluminum-Ion,134.6,416,Dc Fast Charging (Dcfc),5.6,41905.05,Copper,Netherlands,1,0.0,4.0,15204,5,1,Budget (<$50K),3.091,100.73,Medium,637124380.2,Early (2015-2018)
Opel,Corsa-e,2016,Sodium-Ion,109.0,402,Nacs,10.8,75893.97,Electric Blue,New Zealand,0,0.0,4.0,1081,3,1,Mid ($50K–$80K),3.688,188.79,Medium,82041381.57000001,Early (2015-2018)
Jaguar,I-PACE,2024,Nickel-Metal Hydride,85.0,254,Overhead Pantograph Charging,0.6,48146.85,Tan,France,0,0.0,3.0,6935,4,0,Budget (<$50K),2.988,189.55,Medium,333898404.75,Recent (2022-2025)
Gmc,Hummer EV Pickup,2022,Zinc-Air,83.3,409,Level 2 Charging,0.5,107535.32,Midnight Black,Israel,3,0.0,4.0,12339,5,1,Premium ($80K–$110K),4.91,262.92,High,1326878313.48,Recent (2022-2025)
Dacia,Bigster EV (upcoming),2022,Solid-State,86.8,288,Overhead Pantograph Charging,11.7,67092.52,Volcanic Yellow,Malaysia,4,0.0,3.0,9360,4,0,Mid ($50K–$80K),3.318,232.96,Medium,627985987.2,Recent (2022-2025)
Renault,5 E-Tech,2017,Lithium-Titanate,50.5,592,Plug-In Hydrogen Refueling,8.0,86246.77,Burgundy,Saudi Arabia,2,0.0,5.0,9435,3,1,Premium ($80K–$110K),11.723,145.69,Top,813738274.95,Early (2015-2018)
Geely,Geometry A,2016,Zinc-Air,58.4,487,Overhead Pantograph Charging,2.8,103713.46,Yellow,Uk,3,0.0,4.0,11140,3,1,Premium ($80K–$110K),8.339,212.96,Top,1155367944.4,Early (2015-2018)
Fisker,Ocean,2025,Nickel-Manganese-Cobalt,104.3,488,Vehicle-To-Grid (V2G),1.3,33180.33,Matte Green,Netherlands,5,0.0,3.0,13329,5,1,Budget (<$50K),4.679,67.99,High,442260618.57000005,Recent (2022-2025)
Audi,A6 e-tron (upcoming),2015,Nickel-Metal Hydride,37.2,135,Ccs,5.0,105127.63,Sky Blue,Malaysia,3,0.0,4.0,6700,4,0,Premium ($80K–$110K),3.629,778.72,Medium,704355121.0,Early (2015-2018)
Polestar,Polestar 3,2017,Lithium-Iron Phosphate,108.9,163,Overhead Pantograph Charging,7.2,38593.48,Gray,India,4,0.0,4.0,13568,3,0,Budget (<$50K),1.497,236.77,Low,523636336.64000005,Early (2015-2018)
Mahindra,XUV400,2016,Lithium-Sulfur,130.0,410,Solar Charging,2.7,34805.09,Racing Red,Belgium,2,0.0,5.0,18500,5,1,Budget (<$50K),3.154,84.89,Medium,643894164.9999999,Early (2015-2018)
Ford,F-150 Lightning,2016,Lithium-Iron Phosphate,38.6,323,Overhead Pantograph Charging,7.4,105164.29,Rose Gold,India,1,0.0,5.0,8449,3,0,Premium ($80K–$110K),8.368,325.59,Top,888533086.2099999,Early (2015-2018)
Mahindra,XUV400,2025,Nickel-Manganese-Cobalt,73.7,391,Dc Fast Charging (Dcfc),10.6,70899.27,Electric Blue,South Africa,3,0.0,5.0,993,4,0,Mid ($50K–$80K),5.305,181.33,High,70402975.11,Recent (2022-2025)
Faraday Future,FF 91,2017,Lithium-Titanate,75.6,249,Nacs,5.5,133895.84,Crimson Red,Argentina,3,0.0,4.0,10352,4,0,Luxury (>$110K),3.294,537.73,Medium,1386089735.68,Early (2015-2018)
Volvo,C40 Recharge,2022,Calcium-Ion,67.5,300,Mobile Charging,11.2,76308.34,Aurora Blue,Indonesia,3,0.0,3.0,5396,4,0,Mid ($50K–$80K),4.444,254.36,High,411759802.64,Recent (2022-2025)
Canoo,MPDV,2019,Lithium-Titanate,67.8,161,Level 1 Charging,4.0,105056.91,Purple,Usa,4,0.0,4.0,12552,5,0,Premium ($80K–$110K),2.375,652.53,Low,1318674334.32,Mid (2019-2021)
Pininfarina,Battista,2017,Calcium-Ion,107.4,543,Vehicle-To-Grid (V2G),9.3,120083.26,Tan,Russia,1,0.0,5.0,14445,5,1,Luxury (>$110K),5.056,221.15,High,1734602690.6999998,Early (2015-2018)
Opel,Corsa-e,2019,Flow Batteries,134.1,543,Chademo,1.3,99063.36,Magenta,Vietnam,5,0.0,4.0,4828,3,1,Premium ($80K–$110K),4.049,182.44,Medium,478277902.08,Mid (2019-2021)
Mazda,Mazda EV (upcoming models),2022,Lead-Acid,147.9,453,Level 1 Charging,3.8,71386.67,Champagne,Singapore,1,0.0,4.0,1701,4,1,Mid ($50K–$80K),3.063,157.59,Medium,121428725.67,Recent (2022-2025)
Nissan,Leaf,2018,Flow Batteries,99.4,168,Dc Fast Charging (Dcfc),3.9,96660.07,Titanium,Sweden,1,0.0,3.0,1838,5,0,Premium ($80K–$110K),1.69,575.36,Low,177661208.66000003,Early (2015-2018)
Seat,Avenger,2020,Solid-State,113.3,302,Vehicle-To-Load (V2L),5.1,117581.26,White,Thailand,5,0.0,5.0,13970,3,0,Luxury (>$110K),2.665,389.34,Medium,1642610202.1999998,Mid (2019-2021)
Tesla,Model S,2016,Nickel-Metal Hydride,134.8,522,Chademo,0.8,143897.8,Blue,South Africa,2,0.0,5.0,6669,3,1,Luxury (>$110K),3.872,275.67,Medium,959654428.1999999,Early (2015-2018)
Citroen,ë-C4,2021,Calcium-Ion,78.7,395,Plug-In Hydrogen Refueling,0.8,124798.03,Pearl White,Saudi Arabia,3,0.0,5.0,6777,4,0,Luxury (>$110K),5.019,315.94,High,845756249.31,Mid (2019-2021)
Tesla,Model X,2025,Flow Batteries,52.9,569,Solar Charging,10.7,135204.97,Gun Metal,Italy,3,0.0,4.0,18620,5,1,Luxury (>$110K),10.756,237.62,Top,2517516541.4,Recent (2022-2025)
Bmw,i3,2018,Nickel-Metal Hydride,54.0,289,Dc Fast Charging (Dcfc),10.9,141663.41,Turquoise,South Korea,0,0.0,4.0,12828,3,0,Luxury (>$110K),5.352,490.18,High,1817258223.48,Early (2015-2018)
Great Wall Motors,ORA Lightning Cat,2023,Lithium-Titanate,109.8,462,Level 2 Charging,6.7,35854.51,Matte Black,Turkey,5,0.0,5.0,2232,3,1,Budget (<$50K),4.208,77.61,High,80027266.32000001,Recent (2022-2025)
Mazda,MX-30,2019,Lithium-Iron Phosphate,28.3,307,Plug-In Hydrogen Refueling,10.8,70791.66,Sky Blue,Switzerland,1,0.0,4.0,16877,5,0,Mid ($50K–$80K),10.848,230.59,Top,1194750845.8200002,Mid (2019-2021)
Rivian,R1S,2019,Nickel-Manganese-Cobalt,61.6,358,Level 2 Charging,2.8,104935.85,White,France,4,0.0,4.0,3604,4,0,Premium ($80K–$110K),5.812,293.12,High,378188803.40000004,Mid (2019-2021)
Canoo,Pickup,2023,Lithium-Sulfur,24.7,592,Level 2 Charging,2.3,85510.76,Lime Green,France,4,0.0,5.0,6691,4,1,Premium ($80K–$110K),23.968,144.44,Top,572152495.16,Recent (2022-2025)
Seat,Avenger,2021,Solid-State,33.9,364,Plug-In Hydrogen Refueling,5.4,125859.98,Brown,Canada,3,0.0,4.0,14370,4,0,Luxury (>$110K),10.737,345.77,Top,1808607912.6,Mid (2019-2021)
Jeep,Grand Cherokee 4xe (PHEV),2025,Lithium-Iron Phosphate,40.8,133,Vehicle-To-Load (V2L),10.5,116330.06,Black,Mexico,4,0.0,4.0,17665,3,0,Luxury (>$110K),3.26,874.66,Medium,2054970509.8999999,Recent (2022-2025)
Jeep,Wagoneer S,2021,Sodium-Ion,77.2,176,Overhead Pantograph Charging,3.3,144222.64,Forest Green,Israel,4,0.0,4.0,4653,3,0,Luxury (>$110K),2.28,819.45,Low,671067943.9200001,Mid (2019-2021)
Changan,Q05,2022,Sodium-Ion,92.7,134,Mobile Charging,6.7,62122.16,Brown,Vietnam,4,0.0,4.0,6632,3,0,Mid ($50K–$80K),1.446,463.6,Low,411994165.12,Recent (2022-2025)
Ford,E-Transit,2018,Nickel-Metal Hydride,137.1,336,Nacs,6.0,76109.84,Matte Blue,United Arab Emirates,1,0.0,4.0,12156,5,0,Mid ($50K–$80K),2.451,226.52,Low,925191215.04,Early (2015-2018)
Dacia,Jogger Hybrid,2017,Sodium-Ion,36.4,365,Overhead Pantograph Charging,11.3,81176.29,Forest Green,Usa,3,0.0,3.0,17536,5,0,Premium ($80K–$110K),10.027,222.4,Top,1423507421.4399998,Early (2015-2018)
Great Wall Motors,ORA Good Cat,2015,Flow Batteries,79.4,524,Ultra-Fast Charging (350 Kw+),6.9,115802.95,Pearl White,New Zealand,3,0.0,3.0,3960,5,1,Luxury (>$110K),6.599,221.0,High,458579682.0,Early (2015-2018)
Mazda,MX-30,2020,Nickel-Metal Hydride,110.1,346,Plug-In Hydrogen Refueling,2.8,123627.93,Blue,Usa,0,0.0,4.0,4638,5,0,Luxury (>$110K),3.143,357.31,Medium,573386339.3399999,Mid (2019-2021)
Toyota,bZ4X,2018,Lithium-Sulfur,107.8,350,Inductive (Wireless) Charging,10.7,145717.44,Teal,New Zealand,5,0.0,3.0,13998,3,0,Luxury (>$110K),3.247,416.34,Medium,2039752725.1200001,Early (2015-2018)
Skoda,Elroq (upcoming),2024,Flow Batteries,81.7,292,Overhead Pantograph Charging,8.7,82140.3,Navy Blue,Thailand,3,0.0,4.0,19968,5,0,Premium ($80K–$110K),3.574,281.3,Medium,1640177510.4,Recent (2022-2025)
Skoda,Enyaq Coupe,2023,Calcium-Ion,50.5,247,Battery Swapping,0.7,103799.19,Turquoise,Sweden,2,0.0,4.0,11944,3,0,Premium ($80K–$110K),4.891,420.24,High,1239777525.3600001,Recent (2022-2025)
Opel,Mokka-e,2024,Lithium-Iron Phosphate,144.4,193,Chademo,10.1,99534.65,Stealth Gray,Spain,4,0.0,4.0,9322,4,0,Premium ($80K–$110K),1.337,515.72,Low,927862007.3,Recent (2022-2025)
Mini,Mini Electric,2021,Lithium-Ion,119.1,271,Vehicle-To-Load (V2L),9.6,100409.26,Green,Mexico,3,0.0,4.0,13007,5,0,Premium ($80K–$110K),2.275,370.51,Low,1306023244.82,Mid (2019-2021)
Ford,Explorer EV (Europe),2015,Lithium-Ion,85.5,168,Plug-In Hydrogen Refueling,4.5,98618.47,Electric Blue,Spain,2,0.0,3.0,7230,4,0,Premium ($80K–$110K),1.965,587.01,Low,713011538.1,Early (2015-2018)
Mazda,MX-30,2020,Nickel-Manganese-Cobalt,136.3,407,Nacs,1.7,98454.6,Aurora Blue,Singapore,3,0.0,5.0,16559,4,1,Premium ($80K–$110K),2.986,241.9,Medium,1630309721.4,Mid (2019-2021)
Acura,ZDX (with GM Ultium),2019,Flow Batteries,128.1,515,Chademo,0.8,54920.21,Champagne,Italy,3,0.0,5.0,4652,4,1,Mid ($50K–$80K),4.02,106.64,Medium,255488816.92,Mid (2019-2021)
Xpeng,X9,2020,Lithium-Sulfur,131.6,403,Nacs,11.9,89767.2,Gray,Czech Republic,3,0.0,5.0,4628,3,1,Premium ($80K–$110K),3.062,222.75,Medium,415442601.59999996,Mid (2019-2021)
Maserati,GranTurismo Folgore,2025,Lithium-Ion,31.2,441,Plug-In Hydrogen Refueling,9.6,68355.55,Matte Blue,Germany,2,0.0,4.0,3753,4,1,Mid ($50K–$80K),14.135,155.0,Top,256538379.15,Recent (2022-2025)
Genesis,GV70 Electric,2015,Aluminum-Ion,103.8,471,Inductive (Wireless) Charging,11.9,68432.19,Tan,Switzerland,5,0.0,3.0,2929,3,1,Mid ($50K–$80K),4.538,145.29,High,200437884.51000002,Early (2015-2018)
Bmw,iX3,2015,Zinc-Air,26.8,520,Ultra-Fast Charging (350 Kw+),1.3,83204.07,Orange,Usa,2,0.0,3.0,5684,5,1,Premium ($80K–$110K),19.403,160.01,Top,472931933.88000005,Early (2015-2018)
Genesis,GV70 Electric,2020,Lithium-Titanate,143.7,133,Mobile Charging,6.8,143199.02,Stealth Gray,Norway,0,0.0,4.0,7229,5,0,Luxury (>$110K),0.926,1076.68,Low,1035185715.5799999,Mid (2019-2021)
Geely,Geometry C,2021,Solid-State,51.5,313,Plug-In Hydrogen Refueling,2.5,139942.8,Black,Turkey,0,0.0,5.0,14060,5,0,Luxury (>$110K),6.078,447.1,High,1967595767.9999998,Mid (2019-2021)
Audi,Q4 e-tron,2024,Lithium-Sulfur,121.4,557,Battery Swapping,9.3,131616.5,Teal,Austria,3,0.0,3.0,11431,5,1,Luxury (>$110K),4.588,236.3,High,1504508211.5,Recent (2022-2025)
Lamborghini,Revuelto (PHEV),2025,Magnesium-Ion,116.4,104,Vehicle-To-Grid (V2G),6.2,54336.36,Candy Apple Red,Finland,1,0.0,3.0,10106,3,0,Mid ($50K–$80K),0.893,522.46,Low,549123254.16,Recent (2022-2025)
Mini,Mini Cooper SE,2024,Lithium-Iron Phosphate,81.7,308,Overhead Pantograph Charging,7.9,120896.17,Yellow,Thailand,3,0.0,5.0,16228,4,0,Luxury (>$110K),3.77,392.52,Medium,1961903046.76,Recent (2022-2025)
Xpeng,G6,2025,Lead-Acid,90.6,590,Inductive (Wireless) Charging,5.2,58342.5,Matte White,South Africa,5,0.0,4.0,12992,5,1,Mid ($50K–$80K),6.512,98.89,High,757985760.0,Recent (2022-2025)
Mercedes-Benz,G-Class Electric (upcoming),2021,Nickel-Metal Hydride,97.0,194,Vehicle-To-Grid (V2G),5.5,83262.39,Titanium,Turkey,3,0.0,5.0,13011,3,0,Premium ($80K–$110K),2.0,429.19,Low,1083326956.29,Mid (2019-2021)
Xpeng,G9,2017,Nickel-Metal Hydride,91.5,428,Level 1 Charging,5.8,99693.62,Forest Green,Hungary,0,0.0,4.0,15737,4,1,Premium ($80K–$110K),4.678,232.93,High,1568878497.9399998,Early (2015-2018)
Ford,Explorer EV (Europe),2020,Zinc-Air,128.7,294,Solar Charging,0.8,130632.55,Matte Gray,Argentina,4,0.0,4.0,2373,5,0,Luxury (>$110K),2.284,444.33,Low,309991041.15000004,Mid (2019-2021)
Mazda,MX-30,2022,Solid-State,136.0,499,Plug-In Hydrogen Refueling,4.3,96172.33,Metallic Silver,Singapore,3,0.0,4.0,12991,4,1,Premium ($80K–$110K),3.669,192.73,Medium,1249374739.03,Recent (2022-2025)
Faraday Future,FF 91,2023,Lead-Acid,77.4,431,Ccs,10.2,67004.38,Brown,Japan,3,0.0,3.0,19774,3,1,Mid ($50K–$80K),5.568,155.46,High,1324944610.1200001,Recent (2022-2025)
Honda,Honda Prologue,2024,Lithium-Titanate,103.0,367,Vehicle-To-Home (V2H),7.0,136679.23,Teal,Australia,5,0.0,4.0,4629,5,0,Luxury (>$110K),3.563,372.42,Medium,632688155.6700001,Recent (2022-2025)
Lucid Motors,Lucid Air,2016,Solid-State,115.0,176,Mobile Charging,7.8,37656.94,Graphite Gray,Thailand,0,0.0,3.0,13156,5,0,Budget (<$50K),1.53,213.96,Low,495414702.64000005,Early (2015-2018)
Genesis,GV80 Electric,2017,Nickel-Metal Hydride,41.1,535,Inductive (Wireless) Charging,5.2,55298.47,Orange,United Arab Emirates,3,0.0,4.0,16334,5,1,Mid ($50K–$80K),13.017,103.36,Top,903245208.98,Early (2015-2018)
Lucid Motors,Lucid Air,2017,Magnesium-Ion,54.0,188,Plug-In Hydrogen Refueling,8.0,80816.94,Gold,Singapore,1,0.0,5.0,9446,3,0,Premium ($80K–$110K),3.481,429.88,Medium,763396815.24,Early (2015-2018)
Seat,Avenger,2022,Aluminum-Ion,121.6,147,Battery Swapping,4.0,143524.45,Gun Metal,Argentina,5,0.0,3.0,12465,5,0,Luxury (>$110K),1.209,976.36,Low,1789032269.2500002,Recent (2022-2025)
Mahindra,XUV400,2020,Flow Batteries,59.5,581,Overhead Pantograph Charging,3.0,69636.76,Red,Portugal,3,0.0,5.0,13724,4,1,Mid ($50K–$80K),9.765,119.86,Top,955694894.2399999,Mid (2019-2021)
Mg,MG4 Electric,2025,Lithium-Titanate,133.4,359,Inductive (Wireless) Charging,9.5,97387.72,Rose Gold,Austria,2,0.0,5.0,5243,4,0,Premium ($80K–$110K),2.691,271.27,Medium,510603815.96,Recent (2022-2025)
Mahindra,XUV400,2021,Nickel-Cobalt-Aluminum,127.9,365,Mobile Charging,3.3,33515.82,Lime Green,Australia,4,0.0,5.0,9526,3,0,Budget (<$50K),2.854,91.82,Medium,319271701.32,Mid (2019-2021)
Mercedes-Benz,EQS SUV,2024,Lead-Acid,48.4,524,Battery Swapping,4.0,134552.1,Volcanic Yellow,Vietnam,5,0.0,4.0,779,5,1,Luxury (>$110K),10.826,256.78,Top,104816085.9,Recent (2022-2025)
Vinfast,VF 8,2020,Magnesium-Ion,27.7,469,Level 2 Charging,7.4,93841.4,Cream,Australia,0,0.0,3.0,19775,3,1,Premium ($80K–$110K),16.931,200.09,Top,1855713685.0,Mid (2019-2021)
Ferrari,SF90 Stradale (PHEV),2022,Nickel-Manganese-Cobalt,49.5,478,Vehicle-To-Load (V2L),10.9,131344.36,Matte Blue,Hungary,2,0.0,3.0,7919,5,1,Luxury (>$110K),9.657,274.78,Top,1040115986.8399999,Recent (2022-2025)
Nissan,Leaf,2021,Nickel-Metal Hydride,63.6,279,Ccs,4.6,111190.09,Ice Silver,Usa,2,0.0,5.0,3087,4,0,Luxury (>$110K),4.387,398.53,High,343243807.83,Mid (2019-2021)
Rivian,R1S,2018,Aluminum-Ion,28.4,565,Vehicle-To-Home (V2H),7.4,122613.44,Sky Blue,Austria,3,0.0,4.0,6163,3,1,Luxury (>$110K),19.894,217.01,Top,755666630.72,Early (2015-2018)
Faraday Future,FF 91,2016,Nickel-Metal Hydride,51.1,280,Level 1 Charging,3.7,134272.47,Cream,Brazil,3,0.0,4.0,12461,3,0,Luxury (>$110K),5.479,479.54,High,1673169248.67,Early (2015-2018)
Faraday Future,FF 91,2016,Lithium-Titanate,26.6,286,Vehicle-To-Load (V2L),3.1,53092.66,Cosmic Purple,Brazil,2,0.0,4.0,1342,5,0,Mid ($50K–$80K),10.752,185.64,Top,71250349.72,Early (2015-2018)
Canoo,MPDV,2016,Zinc-Air,50.2,148,Dc Fast Charging (Dcfc),6.0,138225.25,Magenta,Brazil,2,0.0,4.0,1024,4,0,Luxury (>$110K),2.948,933.95,Medium,141542656.0,Early (2015-2018)
Volkswagen,ID.6,2017,Lead-Acid,129.9,312,Vehicle-To-Home (V2H),2.8,83071.42,Beige,France,1,0.0,4.0,12273,4,0,Premium ($80K–$110K),2.402,266.25,Low,1019535537.66,Early (2015-2018)
Renault,5 E-Tech,2021,Lithium-Sulfur,134.8,188,Vehicle-To-Grid (V2G),0.8,60904.63,Orange,Turkey,5,0.0,5.0,1940,4,0,Mid ($50K–$80K),1.395,323.96,Low,118154982.19999999,Mid (2019-2021)
Ferrari,SF90 Stradale (PHEV),2016,Zinc-Air,128.2,223,Level 1 Charging,9.6,58184.56,Sapphire Blue,Ireland,0,0.0,3.0,10183,4,0,Mid ($50K–$80K),1.739,260.92,Low,592493374.48,Early (2015-2018)
Chevrolet,Volt (PHEV),2024,Calcium-Ion,96.7,173,Chademo,11.0,114467.86,Tan,Malaysia,0,0.0,3.0,9188,3,0,Luxury (>$110K),1.789,661.66,Low,1051730697.68,Recent (2022-2025)
Canoo,MPDV,2023,Lead-Acid,144.4,257,Overhead Pantograph Charging,10.3,40854.18,Copper,Sweden,3,0.0,4.0,9757,4,0,Budget (<$50K),1.78,158.97,Low,398614234.26,Recent (2022-2025)
Chevrolet,Bolt EUV,2023,Nickel-Metal Hydride,122.1,221,Ccs,3.3,45901.75,Turquoise,Argentina,3,0.0,3.0,10853,4,0,Budget (<$50K),1.81,207.7,Low,498171692.75,Recent (2022-2025)
Jeep,Wrangler 4xe (PHEV),2019,Flow Batteries,53.6,558,Dc Fast Charging (Dcfc),6.5,114869.76,Ruby Red,Poland,4,0.0,3.0,1249,5,1,Luxury (>$110K),10.41,205.86,Top,143472330.23999998,Mid (2019-2021)
Genesis,GV70 Electric,2025,Zinc-Air,82.9,160,Ccs,4.2,78960.03,Sky Blue,Israel,3,0.0,3.0,12773,4,0,Mid ($50K–$80K),1.93,493.5,Low,1008556463.1899999,Recent (2022-2025)
Faraday Future,FF 91,2022,Lithium-Iron Phosphate,131.4,360,Ccs,10.2,46950.55,Sapphire Blue,Uk,5,0.0,5.0,5099,3,0,Budget (<$50K),2.74,130.42,Medium,239400854.45000002,Recent (2022-2025)
Kia,Niro EV,2021,Zinc-Air,137.0,502,Mobile Charging,5.6,111527.69,Brown,New Zealand,3,0.0,5.0,14785,4,1,Luxury (>$110K),3.664,222.17,Medium,1648936896.65,Mid (2019-2021)
Tesla,Model Y,2025,Lithium-Sulfur,65.0,404,Dc Fast Charging (Dcfc),4.8,53579.61,Gold,Portugal,0,0.0,3.0,12362,5,1,Mid ($50K–$80K),6.215,132.62,High,662351138.82,Recent (2022-2025)
Faraday Future,FF 91,2023,Nickel-Manganese-Cobalt,92.1,117,Inductive (Wireless) Charging,9.1,67161.43,Teal,South Korea,2,0.0,4.0,1547,3,0,Mid ($50K–$80K),1.27,574.03,Low,103898732.21,Recent (2022-2025)
Genesis,GV60,2019,Lithium-Ion,98.6,468,Inductive (Wireless) Charging,3.6,112181.29,Sunset Orange,Brazil,0,0.0,3.0,13892,5,1,Luxury (>$110K),4.746,239.7,High,1558422480.6799998,Mid (2019-2021)
Mg,MG ZS EV,2015,Solid-State,135.5,525,Chademo,5.6,38600.51,Stealth Gray,Hungary,3,0.0,3.0,17874,4,1,Budget (<$50K),3.875,73.52,Medium,689945515.74,Early (2015-2018)
Mercedes-Benz,EQE,2015,Solid-State,50.6,436,Nacs,4.7,58325.51,Silver,United Arab Emirates,5,0.0,5.0,12672,5,1,Mid ($50K–$80K),8.617,133.77,Top,739100862.72,Early (2015-2018)
Jaguar,I-PACE,2018,Nickel-Cobalt-Aluminum,129.3,221,Dc Fast Charging (Dcfc),8.0,114169.65,Forest Green,India,3,0.0,4.0,15928,4,0,Luxury (>$110K),1.709,516.6,Low,1818494185.1999998,Early (2015-2018)
Great Wall Motors,ORA Good Cat,2015,Lithium-Ion,23.0,166,Dc Fast Charging (Dcfc),3.5,116072.57,Navy Blue,South Korea,0,0.0,4.0,18370,4,0,Luxury (>$110K),7.217,699.23,Top,2132253110.9,Early (2015-2018)
Vinfast,VF 6,2025,Flow Batteries,89.3,410,Mobile Charging,1.7,56002.99,White,South Africa,0,0.0,3.0,8677,5,1,Mid ($50K–$80K),4.591,136.59,High,485937944.22999996,Recent (2022-2025)
Subaru,Solterra,2019,Aluminum-Ion,67.2,410,Vehicle-To-Load (V2L),2.1,77451.35,Pink,India,4,0.0,3.0,7743,4,1,Mid ($50K–$80K),6.101,188.91,High,599705803.0500001,Mid (2019-2021)
Geely,Emgrand EV,2025,Magnesium-Ion,35.1,486,Vehicle-To-Grid (V2G),9.1,131574.88,Forest Green,Israel,0,0.0,4.0,14438,5,1,Luxury (>$110K),13.846,270.73,Top,1899678117.44,Recent (2022-2025)
Volvo,XC40 Recharge,2020,Sodium-Ion,84.3,334,Ccs,2.7,131528.08,Matte Black,New Zealand,0,0.0,5.0,9459,5,0,Luxury (>$110K),3.962,393.8,Medium,1244124108.7199998,Mid (2019-2021)
Nio,ET7,2019,Lithium-Sulfur,122.4,553,Plug-In Hydrogen Refueling,2.5,80911.55,Volcanic Yellow,Switzerland,3,0.0,4.0,13634,3,1,Premium ($80K–$110K),4.518,146.31,High,1103148072.7,Mid (2019-2021)
Skoda,Enyaq Coupe,2017,Flow Batteries,107.2,291,Nacs,3.9,57211.71,Gun Metal,Thailand,5,0.0,4.0,8582,4,0,Mid ($50K–$80K),2.715,196.6,Medium,490990895.21999997,Early (2015-2018)
Nissan,Ariya,2021,Sodium-Ion,69.0,600,Plug-In Hydrogen Refueling,7.3,138287.29,Black,Switzerland,4,0.0,3.0,9119,5,1,Luxury (>$110K),8.696,230.48,Top,1261041797.51,Mid (2019-2021)
Volvo,EX90,2025,Zinc-Air,139.7,216,Plug-In Hydrogen Refueling,8.9,112811.43,Green,Brazil,1,0.0,5.0,19459,3,0,Luxury (>$110K),1.546,522.28,Low,2195197616.37,Recent (2022-2025)
Mini,Mini Aceman,2017,Nickel-Manganese-Cobalt,141.6,296,Mobile Charging,7.4,63619.15,Silver,Spain,3,0.0,5.0,3086,3,0,Mid ($50K–$80K),2.09,214.93,Low,196328696.9,Early (2015-2018)
Maserati,GranTurismo Folgore,2017,Nickel-Metal Hydride,86.8,243,Vehicle-To-Load (V2L),1.9,53109.55,Green,Saudi Arabia,3,0.0,4.0,1750,4,0,Mid ($50K–$80K),2.8,218.56,Medium,92941712.5,Early (2015-2018)
Pininfarina,Battista,2023,Zinc-Air,114.8,528,Battery Swapping,10.1,87247.72,Copper,Israel,4,0.0,3.0,3488,4,1,Premium ($80K–$110K),4.599,165.24,High,304320047.36,Recent (2022-2025)
Jaguar,I-PACE,2019,Lead-Acid,131.0,504,Mobile Charging,11.9,72713.54,Racing Red,France,4,0.0,3.0,14177,3,1,Mid ($50K–$80K),3.847,144.27,Medium,1030859856.5799999,Mid (2019-2021)
Mahindra,XUV400,2025,Magnesium-Ion,109.0,590,Mobile Charging,5.2,59190.48,Tan,Denmark,1,0.0,4.0,11547,4,1,Mid ($50K–$80K),5.413,100.32,High,683472472.5600001,Recent (2022-2025)
Canoo,Lifestyle Vehicle,2021,Solid-State,74.4,256,Vehicle-To-Grid (V2G),3.0,139662.71,Graphite Gray,China,3,0.0,5.0,19332,5,0,Luxury (>$110K),3.441,545.56,Medium,2699959509.72,Mid (2019-2021)
Jeep,Wrangler 4xe (PHEV),2021,Lead-Acid,147.1,185,Level 2 Charging,1.8,54861.78,Platinum,Usa,3,0.0,5.0,5627,3,0,Mid ($50K–$80K),1.258,296.55,Low,308707236.06,Mid (2019-2021)
Nio,ES6,2018,Nickel-Cobalt-Aluminum,139.7,510,Ultra-Fast Charging (350 Kw+),1.4,103670.43,Matte Black,Mexico,0,0.0,4.0,19728,3,1,Premium ($80K–$110K),3.651,203.28,Medium,2045210243.04,Early (2015-2018)
Polestar,Polestar 5 (upcoming),2025,Nickel-Metal Hydride,98.2,483,Solar Charging,4.8,123182.99,Graphite Gray,Austria,3,0.0,3.0,19585,5,1,Luxury (>$110K),4.919,255.04,High,2412538859.15,Recent (2022-2025)
Lamborghini,Revuelto (PHEV),2017,Nickel-Manganese-Cobalt,130.6,475,Inductive (Wireless) Charging,7.4,48495.26,Purple,Mexico,3,0.0,4.0,19667,5,1,Budget (<$50K),3.637,102.1,Medium,953756278.4200001,Early (2015-2018)
Peugeot,e-2008,2020,Lead-Acid,134.5,134,Battery Swapping,10.1,134117.56,Midnight Black,France,1,0.0,3.0,3981,5,0,Luxury (>$110K),0.996,1000.88,Low,533922006.36,Mid (2019-2021)
Maserati,GranTurismo Folgore,2018,Zinc-Air,97.8,283,Battery Swapping,1.6,54949.1,Navy Blue,United Arab Emirates,1,0.0,3.0,19762,3,0,Mid ($50K–$80K),2.894,194.17,Medium,1085904114.2,Early (2015-2018)
Tesla,Model Y,2024,Nickel-Cobalt-Aluminum,87.8,477,Mobile Charging,9.4,104611.49,Ruby Red,Israel,5,0.0,5.0,17641,4,1,Premium ($80K–$110K),5.433,219.31,High,1845451295.0900002,Recent (2022-2025)
Volkswagen,ID.Buzz,2019,Aluminum-Ion,114.8,387,Nacs,8.6,85308.27,Emerald Green,Denmark,0,0.0,3.0,6756,3,0,Premium ($80K–$110K),3.371,220.43,Medium,576342672.12,Mid (2019-2021)
Gmc,Hummer EV SUV,2018,Aluminum-Ion,75.7,114,Vehicle-To-Load (V2L),8.5,44522.87,Lime Green,Austria,0,0.0,3.0,5624,5,0,Budget (<$50K),1.506,390.55,Low,250396620.88000003,Early (2015-2018)
Mercedes-Benz,EQA,2016,Lithium-Titanate,100.2,550,Ultra-Fast Charging (350 Kw+),9.8,37359.71,Sky Blue,Belgium,1,0.0,3.0,3084,5,1,Budget (<$50K),5.489,67.93,High,115217345.64,Early (2015-2018)
Kia,EV6,2019,Lithium-Sulfur,41.9,489,Battery Swapping,2.3,148229.97,Black,Netherlands,1,0.0,3.0,19691,4,1,Luxury (>$110K),11.671,303.13,Top,2918796339.27,Mid (2019-2021)
Geely,Geometry C,2020,Lithium-Titanate,136.3,146,Ccs,8.2,91770.46,Lime Green,China,3,0.0,4.0,18872,4,0,Premium ($80K–$110K),1.071,628.56,Low,1731892121.1200001,Mid (2019-2021)
Kia,EV6,2022,Sodium-Ion,45.0,376,Dc Fast Charging (Dcfc),10.8,86094.97,Purple,Poland,1,0.0,3.0,1828,5,0,Premium ($80K–$110K),8.356,228.98,Top,157381605.16,Recent (2022-2025)
Canoo,Lifestyle Vehicle,2021,Calcium-Ion,29.9,561,Dc Fast Charging (Dcfc),0.8,53956.08,Beige,Hungary,1,0.0,3.0,1154,5,1,Mid ($50K–$80K),18.763,96.18,Top,62265316.32,Mid (2019-2021)
Porsche,Macan EV,2022,Nickel-Cobalt-Aluminum,112.4,321,Vehicle-To-Grid (V2G),7.4,123044.13,Matte Green,Brazil,4,0.0,3.0,2143,5,0,Luxury (>$110K),2.856,383.32,Medium,263683570.59,Recent (2022-2025)
Canoo,MPDV,2018,Zinc-Air,108.0,527,Ultra-Fast Charging (350 Kw+),9.5,66665.25,Bronze,Sweden,3,0.0,5.0,6154,4,1,Mid ($50K–$80K),4.88,126.5,High,410257948.5,Early (2015-2018)
Li Auto,L8,2018,Magnesium-Ion,59.0,364,Ultra-Fast Charging (350 Kw+),11.5,60882.51,Aurora Blue,Argentina,3,0.0,4.0,8336,5,0,Mid ($50K–$80K),6.169,167.26,High,507516603.36,Early (2015-2018)
Chevrolet,Equinox EV,2021,Magnesium-Ion,125.1,515,Solar Charging,2.5,59890.72,Matte Gray,Norway,4,0.0,4.0,682,4,1,Mid ($50K–$80K),4.117,116.29,High,40845471.04,Mid (2019-2021)
Toyota,bZ4X,2020,Calcium-Ion,128.3,395,Overhead Pantograph Charging,2.4,121094.19,Matte Gray,South Africa,2,0.0,4.0,270,3,0,Luxury (>$110K),3.079,306.57,Medium,32695431.3,Mid (2019-2021)
Ferrari,Roma PHEV,2024,Calcium-Ion,144.8,245,Mobile Charging,2.9,102112.77,Titanium,New Zealand,0,0.0,5.0,17138,3,0,Premium ($80K–$110K),1.692,416.79,Low,1750008652.26,Recent (2022-2025)
Tesla,Model S,2024,Magnesium-Ion,96.5,240,Chademo,6.8,143944.79,Electric Blue,Portugal,5,0.0,5.0,12363,5,0,Luxury (>$110K),2.487,599.77,Low,1779589438.7700002,Recent (2022-2025)
Zeekr,Zeekr 007,2022,Zinc-Air,90.1,396,Battery Swapping,5.8,79029.96,Yellow,Australia,5,0.0,4.0,19144,3,0,Mid ($50K–$80K),4.395,199.57,High,1512949554.24,Recent (2022-2025)
Hyundai,Ioniq 6,2024,Nickel-Manganese-Cobalt,138.1,141,Level 1 Charging,11.6,55787.14,Matte Black,Spain,5,0.0,4.0,12851,4,0,Mid ($50K–$80K),1.021,395.65,Low,716920536.14,Recent (2022-2025)
Fisker,Pear (upcoming),2021,Lithium-Titanate,62.4,434,Mobile Charging,1.4,117356.56,Brown,Germany,3,0.0,5.0,5921,3,1,Luxury (>$110K),6.955,270.41,Top,694868191.76,Mid (2019-2021)
Mazda,MX-30,2020,Zinc-Air,135.4,322,Mobile Charging,0.7,147168.59,Bronze,Hungary,0,0.0,4.0,18894,3,0,Luxury (>$110K),2.378,457.05,Low,2780603339.46,Mid (2019-2021)
Mahindra,Born Electric (upcoming range),2019,Lithium-Ion,37.6,464,Battery Swapping,10.9,125448.57,Brown,China,5,0.0,4.0,14604,3,1,Luxury (>$110K),12.34,270.36,Top,1832050916.2800002,Mid (2019-2021)
Subaru,Solterra,2017,Sodium-Ion,27.2,541,Ultra-Fast Charging (350 Kw+),6.7,134555.19,Champagne,Vietnam,3,0.0,3.0,13476,3,1,Luxury (>$110K),19.89,248.72,Top,1813265740.44,Early (2015-2018)
Lotus,Evija,2019,Zinc-Air,51.8,483,Vehicle-To-Grid (V2G),10.4,134180.69,Lime Green,India,4,0.0,4.0,2771,3,1,Luxury (>$110K),9.324,277.81,Top,371814691.99,Mid (2019-2021)
Opel,Corsa-e,2017,Nickel-Manganese-Cobalt,91.4,293,Mobile Charging,1.5,126781.5,Ruby Red,Switzerland,3,0.0,4.0,4830,5,0,Luxury (>$110K),3.206,432.7,Medium,612354645.0,Early (2015-2018)
Mahindra,Born Electric (upcoming range),2020,Lead-Acid,68.9,343,Level 2 Charging,10.8,76474.95,Tan,Sweden,3,0.0,4.0,9962,5,0,Mid ($50K–$80K),4.978,222.96,High,761843451.9,Mid (2019-2021)
Mazda,MX-30,2025,Zinc-Air,53.6,360,Plug-In Hydrogen Refueling,9.1,116247.7,Crimson Red,France,5,0.0,4.0,14409,5,0,Luxury (>$110K),6.716,322.91,Top,1675013109.3,Recent (2022-2025)
Li Auto,L7,2022,Lithium-Titanate,129.5,561,Level 2 Charging,5.7,56380.9,Orange,Malaysia,2,0.0,3.0,13548,3,1,Mid ($50K–$80K),4.332,100.5,High,763848433.2,Recent (2022-2025)
Nio,ES6,2021,Nickel-Manganese-Cobalt,90.0,456,Level 2 Charging,6.4,138207.46,Matte Gray,Ireland,3,0.0,4.0,8933,5,1,Luxury (>$110K),5.067,303.09,High,1234607240.1799998,Mid (2019-2021)
Mazda,MX-30,2019,Calcium-Ion,85.3,271,Chademo,7.3,131813.0,Candy Apple Red,Australia,0,0.0,4.0,12756,4,0,Luxury (>$110K),3.177,486.39,Medium,1681406628.0,Mid (2019-2021)
Li Auto,MEGA,2019,Lithium-Ion,54.5,176,Level 1 Charging,11.5,87602.22,Sunset Orange,Brazil,3,0.0,4.0,2892,3,0,Premium ($80K–$110K),3.229,497.74,Medium,253345620.24,Mid (2019-2021)
Rimac,Nevera,2018,Flow Batteries,121.0,130,Level 2 Charging,9.6,107201.97,Silver,Singapore,5,0.0,4.0,11700,5,0,Premium ($80K–$110K),1.074,824.63,Low,1254263049.0,Early (2015-2018)
Mg,MG4 Electric,2018,Lithium-Titanate,57.8,234,Mobile Charging,3.3,147982.91,Cobalt Blue,Mexico,3,0.0,3.0,6562,5,0,Luxury (>$110K),4.048,632.41,Medium,971063855.4200001,Early (2015-2018)
Volkswagen,ID.6,2021,Lithium-Ion,102.1,568,Level 1 Charging,10.4,34418.3,Sunset Orange,Germany,4,0.0,4.0,8045,4,1,Budget (<$50K),5.563,60.6,High,276895223.5,Mid (2019-2021)
Jeep,Wagoneer S,2021,Solid-State,30.2,452,Plug-In Hydrogen Refueling,10.1,149234.21,Green,United Arab Emirates,3,0.0,5.0,14674,4,1,Luxury (>$110K),14.967,330.16,Top,2189862797.54,Mid (2019-2021)
Xpeng,P5,2016,Lithium-Sulfur,114.9,340,Vehicle-To-Home (V2H),5.4,41161.13,Ruby Red,Indonesia,5,0.0,5.0,19121,4,0,Budget (<$50K),2.959,121.06,Medium,787041966.7299999,Early (2015-2018)
Xpeng,P5,2023,Aluminum-Ion,39.1,414,Level 1 Charging,9.0,115441.78,Turquoise,Thailand,4,0.0,4.0,2221,4,1,Luxury (>$110K),10.588,278.84,Top,256396193.38,Recent (2022-2025)
Dacia,Jogger Hybrid,2018,Lithium-Titanate,50.1,473,Nacs,7.1,52312.3,Brown,Czech Republic,2,0.0,3.0,17531,4,1,Mid ($50K–$80K),9.441,110.6,Top,917086931.3000001,Early (2015-2018)
Porsche,Macan EV,2016,Lithium-Sulfur,27.1,134,Inductive (Wireless) Charging,10.6,93832.09,Beige,Japan,2,0.0,5.0,19358,3,0,Premium ($80K–$110K),4.945,700.24,High,1816401598.22,Early (2015-2018)
Honda,Honda Prologue,2023,Sodium-Ion,41.8,333,Solar Charging,10.4,129313.66,White,Denmark,2,0.0,4.0,5455,5,0,Luxury (>$110K),7.967,388.33,Top,705406015.3000001,Recent (2022-2025)
Volvo,EX90,2025,Lithium-Iron Phosphate,129.0,142,Vehicle-To-Grid (V2G),5.3,141080.54,Champagne,New Zealand,1,0.0,4.0,2501,5,0,Luxury (>$110K),1.101,993.52,Low,352842430.54,Recent (2022-2025)
Skoda,Enyaq,2015,Nickel-Metal Hydride,66.2,291,Inductive (Wireless) Charging,3.6,143361.17,Tan,Hungary,0,0.0,5.0,17628,4,0,Luxury (>$110K),4.396,492.65,High,2527170704.76,Early (2015-2018)
Acura,ZDX (with GM Ultium),2016,Nickel-Manganese-Cobalt,91.5,267,Mobile Charging,10.6,126807.74,Blue,Singapore,5,0.0,3.0,5597,5,0,Luxury (>$110K),2.918,474.94,Medium,709742920.78,Early (2015-2018)
Nio,ES8,2020,Magnesium-Ion,87.4,554,Ccs,4.8,71419.42,Sapphire Blue,Norway,1,0.0,4.0,7220,4,1,Mid ($50K–$80K),6.339,128.92,High,515648212.4,Mid (2019-2021)
Maserati,Grecale Folgore,2023,Aluminum-Ion,113.1,121,Level 2 Charging,11.9,145262.08,Red,Spain,1,0.0,3.0,10215,3,0,Luxury (>$110K),1.07,1200.51,Low,1483852147.1999998,Recent (2022-2025)
Kia,EV6,2024,Nickel-Manganese-Cobalt,116.8,223,Level 2 Charging,10.2,118260.66,Yellow,Norway,3,0.0,3.0,9672,3,0,Luxury (>$110K),1.909,530.32,Low,1143817103.52,Recent (2022-2025)
Hyundai,Ioniq 6,2021,Solid-State,45.6,142,Mobile Charging,10.7,72763.02,Metallic Silver,South Korea,2,0.0,4.0,9726,3,0,Mid ($50K–$80K),3.114,512.42,Medium,707693132.52,Mid (2019-2021)
Geely,Geometry C,2023,Solid-State,107.3,151,Level 2 Charging,7.6,136559.93,Tan,Argentina,2,0.0,4.0,13329,5,0,Luxury (>$110K),1.407,904.37,Low,1820207306.9699998,Recent (2022-2025)
Dacia,Bigster EV (upcoming),2018,Lithium-Titanate,124.0,266,Solar Charging,1.9,97003.41,Midnight Black,Ireland,1,0.0,5.0,8745,4,0,Premium ($80K–$110K),2.145,364.67,Low,848294820.45,Early (2015-2018)
Ford,Mustang Mach-E,2021,Lithium-Sulfur,109.0,578,Ccs,0.8,146603.88,Ice Silver,India,3,0.0,4.0,1929,5,1,Luxury (>$110K),5.303,253.64,High,282798884.52,Mid (2019-2021)
Renault,5 E-Tech,2017,Flow Batteries,52.5,509,Ccs,5.2,46967.44,Platinum,Turkey,1,0.0,4.0,11660,5,1,Budget (<$50K),9.695,92.27,Top,547640350.4,Early (2015-2018)
Xpeng,G6,2025,Magnesium-Ion,69.5,416,Plug-In Hydrogen Refueling,11.5,33657.24,Metallic Silver,Portugal,5,0.0,4.0,11313,5,1,Budget (<$50K),5.986,80.91,High,380764356.12,Recent (2022-2025)
Volvo,C40 Recharge,2025,Magnesium-Ion,102.4,572,Overhead Pantograph Charging,6.2,121207.6,Matte Gray,Australia,3,0.0,3.0,15181,4,1,Luxury (>$110K),5.586,211.9,High,1840052575.6000001,Recent (2022-2025)
Lamborghini,Lanzador (upcoming EV),2024,Nickel-Manganese-Cobalt,115.6,230,Inductive (Wireless) Charging,6.9,142713.07,Charcoal,Finland,2,0.0,3.0,10852,5,0,Luxury (>$110K),1.99,620.49,Low,1548722235.64,Recent (2022-2025)
Mg,MG ZS EV,2017,Aluminum-Ion,102.1,364,Plug-In Hydrogen Refueling,0.7,75612.4,Copper,United Arab Emirates,3,0.0,4.0,419,4,0,Mid ($50K–$80K),3.565,207.73,Medium,31681595.599999998,Early (2015-2018)
Vinfast,VF 8,2019,Aluminum-Ion,82.0,330,Plug-In Hydrogen Refueling,8.5,102838.46,Pink,Japan,0,0.0,4.0,16471,5,0,Premium ($80K–$110K),4.024,311.63,Medium,1693852274.66,Mid (2019-2021)
Jeep,Wagoneer S,2021,Nickel-Cobalt-Aluminum,145.2,232,Inductive (Wireless) Charging,0.9,138069.61,Pink,Brazil,1,0.0,5.0,16667,5,0,Luxury (>$110K),1.598,595.13,Low,2301206189.87,Mid (2019-2021)
Geely,Emgrand EV,2021,Sodium-Ion,75.3,566,Ultra-Fast Charging (350 Kw+),1.4,76722.34,Blue,Indonesia,1,0.0,4.0,2889,3,1,Mid ($50K–$80K),7.517,135.55,Top,221650840.26,Mid (2019-2021)
Faraday Future,FF 91,2023,Nickel-Cobalt-Aluminum,21.2,243,Vehicle-To-Load (V2L),10.1,63251.3,Stealth Gray,Malaysia,0,0.0,3.0,16676,3,0,Mid ($50K–$80K),11.462,260.29,Top,1054778678.8000001,Recent (2022-2025)
Rivian,R1S,2016,Magnesium-Ion,113.7,231,Mobile Charging,8.9,97214.34,Cosmic Purple,Singapore,0,0.0,4.0,15060,5,0,Premium ($80K–$110K),2.032,420.84,Low,1464047960.3999999,Early (2015-2018)
Renault,Megane E-Tech,2020,Lithium-Iron Phosphate,60.0,165,Ultra-Fast Charging (350 Kw+),7.3,135924.6,Racing Red,Indonesia,5,0.0,5.0,7243,3,0,Luxury (>$110K),2.75,823.79,Medium,984501877.8000001,Mid (2019-2021)
Mini,Mini Aceman,2021,Nickel-Manganese-Cobalt,21.0,384,Battery Swapping,10.4,121096.7,Cream,South Africa,3,0.0,5.0,4890,5,0,Luxury (>$110K),18.286,315.36,Top,592162863.0,Mid (2019-2021)
Mercedes-Benz,EQE SUV,2025,Flow Batteries,89.5,195,Nacs,6.5,49769.96,Matte White,Usa,0,0.0,4.0,6870,3,0,Budget (<$50K),2.179,255.23,Low,341919625.2,Recent (2022-2025)
Zeekr,Zeekr 009,2021,Lead-Acid,114.6,448,Vehicle-To-Grid (V2G),6.1,79140.51,Champagne,Turkey,3,0.0,5.0,7169,4,1,Mid ($50K–$80K),3.909,176.65,Medium,567358316.1899999,Mid (2019-2021)
Toyota,Lexus UX 300e,2019,Zinc-Air,62.3,394,Vehicle-To-Load (V2L),4.3,39521.93,Teal,Denmark,3,0.0,5.0,10805,5,0,Budget (<$50K),6.324,100.31,High,427034453.65,Mid (2019-2021)
Acura,ZDX (with GM Ultium),2023,Lithium-Titanate,100.9,240,Vehicle-To-Home (V2H),11.6,40438.27,Sky Blue,China,2,0.0,3.0,14042,4,0,Budget (<$50K),2.379,168.49,Low,567834187.3399999,Recent (2022-2025)
Rimac,Nevera,2025,Solid-State,122.7,416,Vehicle-To-Load (V2L),5.4,70157.42,Bronze,Finland,2,0.0,5.0,14281,4,1,Mid ($50K–$80K),3.39,168.65,Medium,1001918115.02,Recent (2022-2025)
Jaguar,I-PACE,2022,Lead-Acid,97.9,221,Level 1 Charging,11.0,35978.45,Electric Blue,Brazil,1,0.0,3.0,1233,3,0,Budget (<$50K),2.257,162.8,Low,44361428.849999994,Recent (2022-2025)
Citroen,Ami,2020,Zinc-Air,81.8,427,Chademo,2.5,63693.82,Gray,South Africa,4,0.0,5.0,19667,3,1,Mid ($50K–$80K),5.22,149.17,High,1252666357.94,Mid (2019-2021)
Great Wall Motors,ORA Lightning Cat,2021,Lead-Acid,26.3,421,Battery Swapping,5.5,113298.94,Green,Turkey,2,0.0,4.0,18138,3,1,Luxury (>$110K),16.008,269.12,Top,2055016173.72,Mid (2019-2021)
Audi,Q4 e-tron,2018,Nickel-Manganese-Cobalt,117.2,291,Plug-In Hydrogen Refueling,5.1,119624.5,Yellow,Brazil,2,0.0,4.0,8029,5,0,Luxury (>$110K),2.483,411.08,Low,960465110.5,Early (2015-2018)
Ford,Explorer EV (Europe),2015,Zinc-Air,135.8,348,Battery Swapping,11.2,128963.45,Cream,Italy,0,0.0,4.0,9794,5,0,Luxury (>$110K),2.563,370.58,Low,1263068029.3,Early (2015-2018)
Ferrari,SF90 Stradale (PHEV),2016,Zinc-Air,109.8,463,Overhead Pantograph Charging,5.2,118666.3,Sky Blue,Sweden,2,0.0,3.0,11711,4,1,Luxury (>$110K),4.217,256.3,High,1389701039.3,Early (2015-2018)
Renault,5 E-Tech,2023,Lithium-Iron Phosphate,131.9,444,Vehicle-To-Load (V2L),5.7,134970.22,Matte Gray,Italy,3,0.0,4.0,7128,5,1,Luxury (>$110K),3.366,303.99,Medium,962067728.16,Recent (2022-2025)
Byd,Dolphin,2022,Flow Batteries,86.6,247,Plug-In Hydrogen Refueling,0.5,97341.44,Navy Blue,Germany,2,0.0,5.0,18661,3,0,Premium ($80K–$110K),2.852,394.09,Medium,1816488611.8400002,Recent (2022-2025)
Cadillac,Optiq (upcoming),2016,Nickel-Manganese-Cobalt,82.8,289,Dc Fast Charging (Dcfc),2.3,111310.34,Bronze,Poland,3,0.0,4.0,6750,5,0,Luxury (>$110K),3.49,385.16,Medium,751344795.0,Early (2015-2018)
Kia,EV9,2019,Zinc-Air,90.4,366,Ultra-Fast Charging (350 Kw+),6.4,107291.13,Lime Green,Singapore,3,0.0,4.0,19082,3,0,Premium ($80K–$110K),4.049,293.15,Medium,2047329342.66,Mid (2019-2021)
Great Wall Motors,ORA Good Cat,2020,Sodium-Ion,59.4,413,Battery Swapping,8.0,115003.58,Emerald Green,Poland,3,0.0,3.0,11019,4,1,Luxury (>$110K),6.953,278.46,Top,1267224448.02,Mid (2019-2021)
Faraday Future,FF 91,2017,Lithium-Titanate,20.3,398,Battery Swapping,9.3,133031.49,Blue,Russia,5,0.0,4.0,6897,4,0,Luxury (>$110K),19.606,334.25,Top,917518186.53,Early (2015-2018)
Jeep,Recon (upcoming),2022,Solid-State,149.2,439,Level 2 Charging,1.8,143969.6,Ruby Red,Spain,1,0.0,4.0,7877,5,1,Luxury (>$110K),2.942,327.95,Medium,1134048539.2,Recent (2022-2025)
Audi,Q4 e-tron,2023,Nickel-Manganese-Cobalt,37.4,280,Overhead Pantograph Charging,5.9,90057.78,Cream,Spain,3,0.0,5.0,15984,4,0,Premium ($80K–$110K),7.487,321.63,Top,1439483555.52,Recent (2022-2025)
Kia,EV9,2023,Sodium-Ion,133.8,291,Vehicle-To-Home (V2H),3.0,109822.96,Charcoal,Belgium,4,0.0,5.0,578,5,0,Premium ($80K–$110K),2.175,377.4,Low,63477670.88,Recent (2022-2025)
Peugeot,e-3008,2022,Lithium-Titanate,97.7,526,Vehicle-To-Load (V2L),4.7,90190.21,Ruby Red,Indonesia,1,0.0,4.0,3852,3,1,Premium ($80K–$110K),5.384,171.46,High,347412688.92,Recent (2022-2025)
Li Auto,L8,2018,Lithium-Iron Phosphate,116.4,435,Solar Charging,5.6,66069.96,Sunset Orange,France,4,0.0,5.0,3146,4,1,Mid ($50K–$80K),3.737,151.88,Medium,207856094.16000003,Early (2015-2018)
Renault,Kangoo E-Tech,2025,Zinc-Air,83.6,514,Ultra-Fast Charging (350 Kw+),11.7,44938.27,Teal,Hungary,0,0.0,4.0,12217,5,1,Budget (<$50K),6.148,87.43,High,549010844.5899999,Recent (2022-2025)
Opel,Mokka-e,2015,Solid-State,80.0,197,Plug-In Hydrogen Refueling,1.7,39339.97,Teal,Finland,5,0.0,4.0,1155,4,0,Budget (<$50K),2.462,199.7,Low,45437665.35,Early (2015-2018)
Changan,Q05,2025,Lithium-Sulfur,94.7,350,Vehicle-To-Grid (V2G),8.6,51371.76,Matte Black,Hungary,0,0.0,3.0,11965,5,0,Mid ($50K–$80K),3.696,146.78,Medium,614663108.4,Recent (2022-2025)
Faraday Future,FF 91,2025,Lead-Acid,120.2,572,Vehicle-To-Grid (V2G),5.6,111222.71,Teal,Denmark,3,0.0,5.0,11666,5,1,Luxury (>$110K),4.759,194.45,High,1297524134.8600001,Recent (2022-2025)
Lotus,Evija,2021,Lithium-Ion,83.6,332,Chademo,2.0,94599.71,Bronze,Uk,1,0.0,3.0,239,3,0,Premium ($80K–$110K),3.971,284.94,Medium,22609330.69,Mid (2019-2021)
Toyota,bZ4X,2015,Zinc-Air,80.9,538,Solar Charging,2.4,106230.35,Sapphire Blue,Austria,5,0.0,5.0,18604,4,1,Premium ($80K–$110K),6.65,197.45,High,1976309431.4,Early (2015-2018)
Geely,Geometry A,2019,Lead-Acid,145.2,200,Level 1 Charging,8.1,139700.76,Sky Blue,Austria,5,0.0,3.0,12774,3,0,Luxury (>$110K),1.377,698.5,Low,1784537508.24,Mid (2019-2021)
Mg,MG4 Electric,2020,Nickel-Metal Hydride,143.3,442,Vehicle-To-Grid (V2G),3.2,117535.17,Cobalt Blue,Israel,5,0.0,4.0,16599,5,1,Luxury (>$110K),3.084,265.92,Medium,1950966286.83,Mid (2019-2021)
Nio,EC6,2024,Solid-State,31.5,164,Chademo,11.5,125611.67,Pearl White,China,5,0.0,4.0,2706,3,0,Luxury (>$110K),5.206,765.92,High,339905179.02,Recent (2022-2025)
Jeep,Recon (upcoming),2025,Lead-Acid,93.8,600,Chademo,10.2,127201.44,Magenta,Thailand,2,0.0,5.0,8940,4,1,Luxury (>$110K),6.397,212.0,High,1137180873.6,Recent (2022-2025)
Byd,Seagull,2018,Nickel-Metal Hydride,68.7,519,Mobile Charging,3.7,140944.12,Orange,South Africa,3,0.0,5.0,11226,3,1,Luxury (>$110K),7.555,271.57,Top,1582238691.12,Early (2015-2018)
Rivian,R1S,2022,Lithium-Iron Phosphate,86.5,109,Mobile Charging,2.2,54729.3,Platinum,Saudi Arabia,3,0.0,5.0,14052,5,0,Mid ($50K–$80K),1.26,502.1,Low,769056123.6,Recent (2022-2025)
Subaru,Solterra,2023,Magnesium-Ion,136.7,541,Vehicle-To-Load (V2L),11.3,61220.49,Lime Green,Italy,0,0.0,3.0,7960,4,1,Mid ($50K–$80K),3.958,113.16,Medium,487315100.4,Recent (2022-2025)
Toyota,bZ4X,2016,Solid-State,44.0,186,Inductive (Wireless) Charging,11.0,31370.15,White,Turkey,3,0.0,4.0,1514,5,0,Budget (<$50K),4.227,168.66,High,47494407.1,Early (2015-2018)
Ferrari,SF90 Stradale (PHEV),2021,Flow Batteries,106.5,322,Ccs,11.7,58468.6,Sunset Orange,India,3,0.0,4.0,13797,5,0,Mid ($50K–$80K),3.023,181.58,Medium,806691274.1999999,Mid (2019-2021)
Great Wall Motors,ORA Ballet Cat,2016,Flow Batteries,74.1,590,Ccs,6.2,35015.6,Matte White,South Africa,3,0.0,3.0,16416,4,1,Budget (<$50K),7.962,59.35,Top,574816089.6,Early (2015-2018)
Canoo,MPDV,2018,Lithium-Ion,49.4,523,Nacs,5.0,65684.76,Pink,Thailand,3,0.0,5.0,2730,4,1,Mid ($50K–$80K),10.587,125.59,Top,179319394.79999998,Early (2015-2018)
Chevrolet,Volt (PHEV),2025,Magnesium-Ion,50.0,449,Level 1 Charging,4.9,139406.73,Burgundy,Singapore,3,0.0,4.0,506,3,1,Luxury (>$110K),8.98,310.48,Top,70539805.38000001,Recent (2022-2025)
Subaru,Solterra,2020,Calcium-Ion,106.1,158,Vehicle-To-Home (V2H),8.4,44805.94,Red,Argentina,0,0.0,3.0,18991,4,0,Budget (<$50K),1.489,283.58,Low,850909606.5400001,Mid (2019-2021)
Changan,SL03,2022,Lithium-Sulfur,42.8,591,Mobile Charging,11.1,38038.16,Forest Green,Thailand,2,0.0,3.0,4607,3,1,Budget (<$50K),13.808,64.36,Top,175241803.12,Recent (2022-2025)
Jaguar,I-PACE,2024,Lithium-Titanate,140.8,112,Vehicle-To-Home (V2H),4.7,63161.33,White,Sweden,4,0.0,4.0,17866,3,0,Mid ($50K–$80K),0.795,563.94,Low,1128440321.78,Recent (2022-2025)
Citroen,Ami,2019,Lithium-Iron Phosphate,108.7,418,Dc Fast Charging (Dcfc),0.5,73450.53,Forest Green,Hungary,3,0.0,4.0,18805,3,1,Mid ($50K–$80K),3.845,175.72,Medium,1381237216.65,Mid (2019-2021)
Opel,Grandland Electric,2020,Solid-State,23.4,183,Dc Fast Charging (Dcfc),4.0,138881.54,Stealth Gray,Uk,4,0.0,4.0,10827,4,0,Luxury (>$110K),7.821,758.92,Top,1503670433.5800002,Mid (2019-2021)
Mg,MG ES5,2024,Zinc-Air,21.6,212,Mobile Charging,9.8,133478.74,Sunset Orange,France,3,0.0,3.0,6299,3,0,Luxury (>$110K),9.815,629.62,Top,840782583.26,Recent (2022-2025)
Fisker,Pear (upcoming),2023,Nickel-Manganese-Cobalt,138.0,557,Solar Charging,1.3,60437.9,Ice Silver,India,3,0.0,5.0,7597,5,1,Mid ($50K–$80K),4.036,108.51,Medium,459146726.3,Recent (2022-2025)
Acura,ZDX (with GM Ultium),2018,Lithium-Iron Phosphate,78.3,386,Battery Swapping,1.8,96882.3,Stealth Gray,Thailand,5,0.0,4.0,12706,4,0,Premium ($80K–$110K),4.93,250.99,High,1230986503.8,Early (2015-2018)
Volvo,EX30,2020,Flow Batteries,129.6,576,Vehicle-To-Home (V2H),8.3,110195.57,Crimson Red,Uk,3,0.0,4.0,7398,3,1,Luxury (>$110K),4.444,191.31,High,815226826.86,Mid (2019-2021)
Honda,Honda e (discontinued),2021,Lithium-Titanate,127.7,471,Vehicle-To-Home (V2H),4.3,120591.61,Champagne,Spain,2,0.0,4.0,17787,4,1,Luxury (>$110K),3.688,256.03,Medium,2144962967.07,Mid (2019-2021)
Maserati,Grecale Folgore,2024,Lithium-Sulfur,111.1,324,Inductive (Wireless) Charging,10.2,94968.16,Teal,India,3,0.0,4.0,1686,4,0,Premium ($80K–$110K),2.916,293.11,Medium,160116317.76000002,Recent (2022-2025)
Cadillac,Optiq (upcoming),2020,Calcium-Ion,95.4,555,Solar Charging,9.7,79626.79,Orange,France,3,0.0,4.0,12851,4,1,Mid ($50K–$80K),5.818,143.47,High,1023283878.29,Mid (2019-2021)
Geely,Geometry C,2019,Flow Batteries,116.6,314,Mobile Charging,5.8,91408.33,Burgundy,Australia,3,0.0,5.0,11070,4,0,Premium ($80K–$110K),2.693,291.11,Medium,1011890213.1,Mid (2019-2021)
Skoda,Enyaq,2018,Zinc-Air,21.4,359,Battery Swapping,11.5,75627.07,Rose Gold,Brazil,0,0.0,5.0,19577,3,0,Mid ($50K–$80K),16.776,210.66,Top,1480551149.39,Early (2015-2018)
Genesis,G80 Electric,2016,Lithium-Iron Phosphate,87.5,576,Vehicle-To-Grid (V2G),9.5,87162.94,Sapphire Blue,Malaysia,3,0.0,3.0,6721,5,1,Premium ($80K–$110K),6.583,151.32,High,585822119.74,Early (2015-2018)
Ferrari,Roma PHEV,2017,Nickel-Cobalt-Aluminum,49.0,339,Nacs,10.6,126947.65,Candy Apple Red,China,0,0.0,3.0,11717,3,0,Luxury (>$110K),6.918,374.48,Top,1487445615.05,Early (2015-2018)
Volkswagen,ID.7,2024,Nickel-Cobalt-Aluminum,42.4,438,Level 2 Charging,5.2,146020.29,Ruby Red,Netherlands,1,0.0,3.0,1700,3,1,Luxury (>$110K),10.33,333.38,Top,248234493.0,Recent (2022-2025)
Rivian,EDV (Electric Delivery Van),2024,Aluminum-Ion,49.9,243,Plug-In Hydrogen Refueling,0.8,78136.27,Cosmic Purple,Germany,3,0.0,5.0,7424,5,0,Mid ($50K–$80K),4.87,321.55,High,580083668.48,Recent (2022-2025)
Tesla,Model Y,2024,Sodium-Ion,105.1,197,Mobile Charging,5.5,135594.57,Purple,Italy,0,0.0,4.0,1591,3,0,Luxury (>$110K),1.874,688.3,Low,215730960.87,Recent (2022-2025)
Vinfast,VF 9,2019,Lithium-Sulfur,89.0,523,Mobile Charging,3.8,87465.18,Pink,Belgium,3,0.0,5.0,321,4,1,Premium ($80K–$110K),5.876,167.24,High,28076322.779999997,Mid (2019-2021)
Mercedes-Benz,EQE SUV,2020,Lithium-Sulfur,137.6,371,Level 1 Charging,4.2,146931.18,Tan,Poland,2,0.0,4.0,18256,4,0,Luxury (>$110K),2.696,396.04,Medium,2682375622.08,Mid (2019-2021)
Lamborghini,Lanzador (upcoming EV),2023,Nickel-Cobalt-Aluminum,23.6,192,Level 2 Charging,3.1,100811.01,Gray,Netherlands,3,0.0,3.0,3048,5,0,Premium ($80K–$110K),8.136,525.06,Top,307271958.47999996,Recent (2022-2025)
Dacia,Bigster EV (upcoming),2023,Nickel-Cobalt-Aluminum,145.4,572,Inductive (Wireless) Charging,11.4,123082.3,Lime Green,Italy,3,0.0,3.0,17019,4,1,Luxury (>$110K),3.934,215.18,Medium,2094737663.7,Recent (2022-2025)
Lucid Motors,Lucid DreamDrive,2016,Lithium-Sulfur,124.2,512,Solar Charging,7.0,125664.43,Midnight Black,Singapore,3,0.0,4.0,9844,3,1,Luxury (>$110K),4.122,245.44,High,1237040648.9199998,Early (2015-2018)
Zeekr,Zeekr 001,2018,Lithium-Iron Phosphate,118.8,377,Level 1 Charging,5.9,32326.34,Green,Japan,3,0.0,3.0,694,3,0,Budget (<$50K),3.173,85.75,Medium,22434479.96,Early (2015-2018)
Skoda,Enyaq,2025,Magnesium-Ion,20.5,470,Vehicle-To-Load (V2L),4.6,73988.88,Bronze,China,4,0.0,5.0,2233,3,1,Mid ($50K–$80K),22.927,157.42,Top,165217169.04000002,Recent (2022-2025)
Toyota,Lexus RZ,2021,Nickel-Metal Hydride,133.7,263,Level 1 Charging,9.5,72661.41,Cream,Singapore,2,0.0,4.0,13049,3,0,Mid ($50K–$80K),1.967,276.28,Low,948158739.09,Mid (2019-2021)
Great Wall Motors,ORA Ballet Cat,2020,Lithium-Sulfur,115.5,577,Inductive (Wireless) Charging,2.8,98743.79,Turquoise,Turkey,1,0.0,3.0,13038,5,1,Premium ($80K–$110K),4.996,171.13,High,1287421534.02,Mid (2019-2021)
Dacia,Jogger Hybrid,2021,Lithium-Ion,123.4,542,Battery Swapping,4.4,147338.79,Charcoal,Austria,3,0.0,5.0,17417,4,1,Luxury (>$110K),4.392,271.84,High,2566199705.4300003,Mid (2019-2021)
Mg,MG ZS EV,2024,Flow Batteries,79.8,148,Overhead Pantograph Charging,1.0,42822.89,Brown,Russia,3,0.0,4.0,4231,4,0,Budget (<$50K),1.855,289.34,Low,181183647.59,Recent (2022-2025)
Audi,A6 e-tron (upcoming),2017,Lithium-Ion,35.5,387,Chademo,6.8,116504.46,Gray,Belgium,1,0.0,3.0,8803,5,0,Luxury (>$110K),10.901,301.05,Top,1025588761.3800001,Early (2015-2018)
Genesis,GV70 Electric,2022,Zinc-Air,64.3,182,Ccs,4.5,145759.98,Emerald Green,Argentina,0,0.0,5.0,14536,3,0,Luxury (>$110K),2.83,800.88,Medium,2118767069.2800002,Recent (2022-2025)
Mazda,MX-30,2015,Aluminum-Ion,122.4,271,Vehicle-To-Home (V2H),4.0,133105.37,Burgundy,Poland,2,0.0,3.0,19097,4,0,Luxury (>$110K),2.214,491.16,Low,2541913250.89,Early (2015-2018)
Mercedes-Benz,EQS SUV,2017,Sodium-Ion,98.2,364,Ultra-Fast Charging (350 Kw+),8.5,51338.07,Ruby Red,Singapore,3,0.0,5.0,14229,5,0,Mid ($50K–$80K),3.707,141.04,Medium,730489398.03,Early (2015-2018)
Vinfast,VF 9,2022,Nickel-Metal Hydride,134.6,232,Solar Charging,2.7,66685.99,Emerald Green,Mexico,4,0.0,3.0,19778,4,0,Mid ($50K–$80K),1.724,287.44,Low,1318915510.22,Recent (2022-2025)
Byd,Dolphin,2016,Sodium-Ion,137.5,485,Solar Charging,3.1,92223.29,Sky Blue,Japan,4,0.0,4.0,7418,4,1,Premium ($80K–$110K),3.527,190.15,Medium,684112365.2199999,Early (2015-2018)
Maserati,Grecale Folgore,2025,Lithium-Sulfur,36.3,341,Vehicle-To-Grid (V2G),11.6,105178.11,Volcanic Yellow,South Korea,0,0.0,4.0,15824,3,0,Premium ($80K–$110K),9.394,308.44,Top,1664338412.64,Recent (2022-2025)
Great Wall Motors,ORA Lightning Cat,2017,Lithium-Sulfur,134.3,307,Plug-In Hydrogen Refueling,8.5,146280.66,Titanium,Italy,3,0.0,3.0,7235,4,0,Luxury (>$110K),2.286,476.48,Low,1058340575.1,Early (2015-2018)
Vinfast,VFe34 (discontinued),2018,Lithium-Ion,97.4,143,Battery Swapping,11.1,105543.49,Blue,France,1,0.0,5.0,3724,4,0,Premium ($80K–$110K),1.468,738.07,Low,393043956.76,Early (2015-2018)
Porsche,Macan EV,2021,Lithium-Sulfur,138.5,232,Vehicle-To-Load (V2L),11.5,69391.06,Matte Green,Usa,5,0.0,5.0,7299,3,0,Mid ($50K–$80K),1.675,299.1,Low,506485346.94,Mid (2019-2021)
Pininfarina,Battista,2022,Magnesium-Ion,59.8,180,Ultra-Fast Charging (350 Kw+),10.1,145539.26,Ruby Red,Hungary,5,0.0,4.0,2700,4,0,Luxury (>$110K),3.01,808.55,Medium,392956002.0,Recent (2022-2025)
Polestar,Polestar 2,2017,Nickel-Metal Hydride,76.1,567,Nacs,9.0,85796.8,Navy Blue,Belgium,0,0.0,5.0,18440,3,1,Premium ($80K–$110K),7.451,151.32,Top,1582092992.0,Early (2015-2018)
Ferrari,SF90 Stradale (PHEV),2025,Lithium-Ion,76.2,531,Vehicle-To-Home (V2H),5.2,133759.83,Ruby Red,Poland,3,0.0,5.0,10645,4,1,Luxury (>$110K),6.969,251.9,Top,1423873390.35,Recent (2022-2025)
Honda,Honda e (discontinued),2015,Lithium-Titanate,139.7,190,Ultra-Fast Charging (350 Kw+),1.9,104309.18,Gun Metal,Sweden,5,0.0,4.0,8770,5,0,Premium ($80K–$110K),1.36,549.0,Low,914791508.5999999,Early (2015-2018)
Volvo,C40 Recharge,2019,Lithium-Iron Phosphate,108.9,304,Level 1 Charging,3.7,132440.6,Racing Red,Israel,5,0.0,5.0,7288,4,0,Luxury (>$110K),2.792,435.66,Medium,965227092.8000001,Mid (2019-2021)
Changan,SL03,2018,Calcium-Ion,123.8,361,Ccs,10.8,59552.8,Aurora Blue,Austria,1,0.0,3.0,1653,3,0,Mid ($50K–$80K),2.916,164.97,Medium,98440778.4,Early (2015-2018)
Volvo,EX90,2019,Solid-State,129.9,178,Solar Charging,9.2,142008.56,Black,Singapore,1,0.0,3.0,7920,3,0,Luxury (>$110K),1.37,797.8,Low,1124707795.2,Mid (2019-2021)
Fisker,Ocean,2020,Aluminum-Ion,29.4,124,Chademo,3.4,45848.28,Yellow,Germany,0,0.0,5.0,16339,3,0,Budget (<$50K),4.218,369.74,High,749115046.92,Mid (2019-2021)
Faraday Future,FF 91,2025,Lithium-Titanate,26.8,177,Chademo,10.8,128138.36,Sky Blue,Poland,3,0.0,4.0,5120,4,0,Luxury (>$110K),6.604,723.95,High,656068403.2,Recent (2022-2025)
Canoo,Pickup,2016,Nickel-Metal Hydride,61.7,361,Level 2 Charging,11.3,122483.37,Red,Israel,3,0.0,4.0,698,4,0,Luxury (>$110K),5.851,339.29,High,85493392.25999999,Early (2015-2018)
Dacia,Jogger Hybrid,2019,Zinc-Air,144.9,576,Dc Fast Charging (Dcfc),7.6,134938.34,Orange,Mexico,2,0.0,4.0,14163,3,1,Luxury (>$110K),3.975,234.27,Medium,1911131709.4199998,Mid (2019-2021)
Porsche,Macan EV,2019,Nickel-Cobalt-Aluminum,52.0,530,Vehicle-To-Grid (V2G),1.9,79262.08,Rose Gold,China,4,0.0,5.0,14174,3,1,Mid ($50K–$80K),10.192,149.55,Top,1123460721.92,Mid (2019-2021)
Rimac,Nevera,2015,Calcium-Ion,121.3,334,Vehicle-To-Grid (V2G),11.3,67519.3,Copper,Sweden,3,0.0,5.0,11747,5,0,Mid ($50K–$80K),2.754,202.15,Medium,793149217.1,Early (2015-2018)
Genesis,G80 Electric,2024,Nickel-Manganese-Cobalt,79.9,139,Solar Charging,2.7,55892.63,Brown,Germany,4,0.0,3.0,3581,3,0,Mid ($50K–$80K),1.74,402.11,Low,200151508.03,Recent (2022-2025)
Hyundai,Ioniq 6,2021,Lithium-Titanate,32.5,125,Inductive (Wireless) Charging,7.4,88271.06,Graphite Gray,South Africa,0,0.0,4.0,12803,5,0,Premium ($80K–$110K),3.846,706.17,Medium,1130134381.18,Mid (2019-2021)
Jaguar,I-PACE,2018,Lead-Acid,88.0,308,Vehicle-To-Load (V2L),8.6,118063.09,Green,South Africa,2,0.0,3.0,11485,5,0,Luxury (>$110K),3.5,383.32,Medium,1355954588.6499999,Early (2015-2018)
Chevrolet,Equinox EV,2021,Sodium-Ion,149.1,488,Nacs,4.9,51131.67,Silver,Usa,1,0.0,3.0,18152,3,1,Mid ($50K–$80K),3.273,104.78,Medium,928142073.8399999,Mid (2019-2021)
Skoda,Elroq (upcoming),2019,Nickel-Manganese-Cobalt,40.1,198,Vehicle-To-Home (V2H),2.9,80397.0,Black,Australia,5,0.0,5.0,7272,3,0,Premium ($80K–$110K),4.938,406.05,High,584646984.0,Mid (2019-2021)
Opel,Mokka-e,2024,Nickel-Manganese-Cobalt,143.8,366,Overhead Pantograph Charging,1.7,60636.39,Copper,Ireland,3,0.0,4.0,12698,4,0,Mid ($50K–$80K),2.545,165.67,Low,769960880.22,Recent (2022-2025)
Honda,Honda e (discontinued),2015,Nickel-Cobalt-Aluminum,69.3,363,Vehicle-To-Grid (V2G),5.7,38205.37,Matte Gray,Mexico,0,0.0,4.0,1488,4,0,Budget (<$50K),5.238,105.25,High,56849590.56,Early (2015-2018)
Mini,Mini Aceman,2020,Calcium-Ion,72.3,255,Ultra-Fast Charging (350 Kw+),11.2,40728.58,Blue,Malaysia,1,0.0,4.0,11452,5,0,Budget (<$50K),3.527,159.72,Medium,466423698.16,Mid (2019-2021)
Fisker,Pear (upcoming),2020,Magnesium-Ion,122.8,222,Vehicle-To-Load (V2L),8.6,87853.32,Forest Green,Germany,0,0.0,4.0,3547,5,0,Premium ($80K–$110K),1.808,395.74,Low,311615726.04,Mid (2019-2021)
Vinfast,VF 7,2021,Solid-State,68.3,380,Vehicle-To-Load (V2L),8.2,31513.83,Yellow,Sweden,0,0.0,4.0,11043,4,0,Budget (<$50K),5.564,82.93,High,348007224.69,Mid (2019-2021)
Nissan,Leaf,2020,Lithium-Sulfur,96.7,116,Level 2 Charging,8.2,100337.9,Matte Gray,Switzerland,3,0.0,5.0,16711,4,0,Premium ($80K–$110K),1.2,864.98,Low,1676746646.8999999,Mid (2019-2021)
Volkswagen,ID.5,2021,Solid-State,70.9,106,Inductive (Wireless) Charging,9.7,122632.69,Forest Green,South Africa,5,0.0,4.0,2604,4,0,Luxury (>$110K),1.495,1156.91,Low,319335524.76,Mid (2019-2021)
Volvo,EX30,2017,Zinc-Air,59.9,579,Ultra-Fast Charging (350 Kw+),11.8,89006.23,Cosmic Purple,Portugal,3,0.0,5.0,13525,4,1,Premium ($80K–$110K),9.666,153.72,Top,1203809260.75,Early (2015-2018)
Toyota,Lexus RZ,2021,Nickel-Metal Hydride,86.6,354,Inductive (Wireless) Charging,4.6,92624.27,Cobalt Blue,India,2,0.0,5.0,13245,3,0,Premium ($80K–$110K),4.088,261.65,High,1226808456.15,Mid (2019-2021)
Tesla,Model 3,2017,Lithium-Iron Phosphate,24.9,214,Solar Charging,0.9,75869.0,Sunset Orange,Malaysia,0,0.0,4.0,12090,5,0,Mid ($50K–$80K),8.594,354.53,Top,917256210.0,Early (2015-2018)
Ferrari,Ferrari EV (2025+),2015,Calcium-Ion,54.1,572,Nacs,9.4,90820.92,White,Mexico,3,0.0,4.0,17768,3,1,Premium ($80K–$110K),10.573,158.78,Top,1613706106.56,Early (2015-2018)
Porsche,Macan EV,2024,Nickel-Metal Hydride,83.4,383,Solar Charging,9.4,88309.7,Sapphire Blue,Japan,3,0.0,4.0,4605,4,0,Premium ($80K–$110K),4.592,230.57,High,406666168.5,Recent (2022-2025)
Xpeng,X9,2020,Calcium-Ion,91.7,515,Solar Charging,4.0,48635.13,Charcoal,Netherlands,2,0.0,5.0,17832,4,1,Budget (<$50K),5.616,94.44,High,867261638.16,Mid (2019-2021)
Lucid Motors,Lucid DreamDrive,2016,Lithium-Iron Phosphate,132.9,220,Vehicle-To-Home (V2H),1.4,74038.95,Crimson Red,China,0,0.0,4.0,4997,4,0,Mid ($50K–$80K),1.655,336.54,Low,369972633.15,Early (2015-2018)
Skoda,Enyaq Coupe,2025,Zinc-Air,125.6,571,Battery Swapping,9.6,102513.93,Forest Green,Singapore,3,0.0,3.0,16428,5,1,Premium ($80K–$110K),4.546,179.53,High,1684098842.04,Recent (2022-2025)
Peugeot,e-208,2016,Calcium-Ion,95.4,509,Chademo,8.9,131639.87,Beige,Ireland,3,0.0,5.0,18094,5,1,Luxury (>$110K),5.335,258.62,High,2381891807.7799997,Early (2015-2018)
Opel,Corsa-e,2019,Solid-State,145.9,212,Battery Swapping,1.4,41188.36,Stealth Gray,China,0,0.0,5.0,3393,4,0,Budget (<$50K),1.453,194.28,Low,139752105.48,Mid (2019-2021)
Tesla,Model X,2016,Lithium-Titanate,111.5,180,Mobile Charging,7.8,83392.11,Matte Blue,Usa,3,0.0,3.0,18760,5,0,Premium ($80K–$110K),1.614,463.29,Low,1564435983.6,Early (2015-2018)
Toyota,bZ4X,2021,Nickel-Manganese-Cobalt,33.0,438,Vehicle-To-Home (V2H),6.6,38305.08,Metallic Silver,France,2,0.0,4.0,15525,3,1,Budget (<$50K),13.273,87.45,Top,594686367.0,Mid (2019-2021)
Citroen,ë-C4,2022,Sodium-Ion,106.0,341,Battery Swapping,9.6,84599.27,Bronze,Germany,3,0.0,5.0,17211,4,0,Premium ($80K–$110K),3.217,248.09,Medium,1456038035.97,Recent (2022-2025)
Tesla,Cybertruck,2018,Lithium-Iron Phosphate,99.1,462,Ultra-Fast Charging (350 Kw+),5.0,146360.46,Sapphire Blue,Czech Republic,3,0.0,4.0,2320,3,1,Luxury (>$110K),4.662,316.8,High,339556267.2,Early (2015-2018)
Nio,ET5,2018,Nickel-Metal Hydride,75.5,514,Vehicle-To-Home (V2H),4.5,142836.38,Ice Silver,United Arab Emirates,3,0.0,3.0,2870,5,1,Luxury (>$110K),6.808,277.89,Top,409940410.6,Early (2015-2018)
Chevrolet,Bolt EV,2015,Lead-Acid,98.3,429,Mobile Charging,3.9,124416.65,Pearl White,Hungary,0,0.0,3.0,9204,4,1,Luxury (>$110K),4.364,290.02,High,1145130846.6,Early (2015-2018)
Mazda,Mazda EV (upcoming models),2022,Zinc-Air,59.0,387,Plug-In Hydrogen Refueling,9.4,106337.96,Platinum,South Africa,4,0.0,4.0,397,5,0,Premium ($80K–$110K),6.559,274.78,High,42216170.120000005,Recent (2022-2025)
Polestar,Polestar 5 (upcoming),2016,Lithium-Ion,148.5,571,Vehicle-To-Home (V2H),9.7,30471.45,Red,Malaysia,1,0.0,4.0,19513,3,1,Budget (<$50K),3.845,53.37,Medium,594589403.85,Early (2015-2018)
Faraday Future,FF 91,2015,Nickel-Manganese-Cobalt,88.6,156,Dc Fast Charging (Dcfc),5.6,98848.13,Stealth Gray,Vietnam,0,0.0,4.0,3041,4,0,Premium ($80K–$110K),1.761,633.64,Low,300597163.33000004,Early (2015-2018)
Mazda,Mazda EV (upcoming models),2016,Magnesium-Ion,66.4,534,Vehicle-To-Grid (V2G),5.6,57293.95,Crimson Red,South Africa,4,0.0,4.0,12256,3,1,Mid ($50K–$80K),8.042,107.29,Top,702194651.1999999,Early (2015-2018)
Volvo,XC40 Recharge,2022,Magnesium-Ion,108.4,519,Inductive (Wireless) Charging,8.9,73223.17,White,South Korea,5,0.0,4.0,13245,4,1,Mid ($50K–$80K),4.788,141.09,High,969840886.65,Recent (2022-2025)
Rivian,EDV (Electric Delivery Van),2021,Lithium-Titanate,34.5,478,Vehicle-To-Load (V2L),7.9,84763.44,Yellow,Australia,4,0.0,5.0,5071,4,1,Premium ($80K–$110K),13.855,177.33,Top,429835404.24,Mid (2019-2021)
Mg,MG ES5,2017,Aluminum-Ion,139.4,505,Overhead Pantograph Charging,10.2,75133.9,Pink,Belgium,1,0.0,4.0,18134,4,1,Mid ($50K–$80K),3.623,148.78,Medium,1362478142.6,Early (2015-2018)
Mini,Mini Electric,2019,Lithium-Titanate,30.2,573,Ultra-Fast Charging (350 Kw+),3.6,54090.98,Orange,New Zealand,3,0.0,4.0,192,4,1,Mid ($50K–$80K),18.974,94.4,Top,10385468.16,Mid (2019-2021)
Byd,Atto 3,2025,Solid-State,82.1,217,Mobile Charging,5.8,45035.45,Cosmic Purple,Canada,2,0.0,5.0,18261,5,0,Budget (<$50K),2.643,207.54,Medium,822392352.4499999,Recent (2022-2025)
Lucid Motors,Lucid Gravity,2019,Nickel-Cobalt-Aluminum,59.3,206,Vehicle-To-Home (V2H),0.7,142640.58,Lime Green,Hungary,0,0.0,5.0,7777,4,0,Luxury (>$110K),3.474,692.43,Medium,1109315790.6599998,Mid (2019-2021)
Mini,Mini Electric,2022,Lithium-Titanate,129.2,150,Plug-In Hydrogen Refueling,5.1,119683.58,Charcoal,Argentina,4,0.0,4.0,781,5,0,Luxury (>$110K),1.161,797.89,Low,93472875.98,Recent (2022-2025)
Porsche,Cayenne Electric (upcoming),2015,Lithium-Ion,26.2,141,Ccs,8.2,119981.51,Green,Hungary,3,0.0,3.0,18410,4,0,Luxury (>$110K),5.382,850.93,High,2208859599.1,Early (2015-2018)
Vinfast,VF 8,2024,Flow Batteries,86.9,171,Dc Fast Charging (Dcfc),10.3,30144.88,Sky Blue,United Arab Emirates,5,0.0,4.0,12303,5,0,Budget (<$50K),1.968,176.29,Low,370872458.64,Recent (2022-2025)
Gmc,Hummer EV Pickup,2025,Flow Batteries,143.5,567,Plug-In Hydrogen Refueling,6.0,53597.06,Electric Blue,China,3,0.0,4.0,15276,5,1,Mid ($50K–$80K),3.951,94.53,Medium,818748688.56,Recent (2022-2025)
Polestar,Polestar 5 (upcoming),2020,Sodium-Ion,114.2,135,Chademo,2.0,38618.6,Matte Black,United Arab Emirates,3,0.0,3.0,17244,5,0,Budget (<$50K),1.182,286.06,Low,665939138.4,Mid (2019-2021)
Xpeng,G9,2016,Nickel-Manganese-Cobalt,70.0,426,Ultra-Fast Charging (350 Kw+),10.0,48664.88,Tan,Spain,5,0.0,4.0,16604,3,1,Budget (<$50K),6.086,114.24,High,808031667.52,Early (2015-2018)
Rimac,Nevera,2021,Calcium-Ion,80.1,240,Level 1 Charging,10.1,47681.03,Burgundy,Singapore,5,0.0,3.0,11248,3,0,Budget (<$50K),2.996,198.67,Medium,536316225.44,Mid (2019-2021)
Vinfast,VFe34 (discontinued),2017,Aluminum-Ion,135.3,512,Plug-In Hydrogen Refueling,9.8,139381.12,Midnight Black,India,1,0.0,5.0,18601,4,1,Luxury (>$110K),3.784,272.23,Medium,2592628213.12,Early (2015-2018)
Mercedes-Benz,EQE,2020,Nickel-Metal Hydride,137.9,312,Battery Swapping,3.5,112055.3,Bronze,Belgium,5,0.0,5.0,17764,4,0,Luxury (>$110K),2.263,359.15,Low,1990550349.2,Mid (2019-2021)
Mg,MG ZS EV,2016,Solid-State,60.2,597,Ultra-Fast Charging (350 Kw+),3.0,81130.28,Black,Ireland,0,0.0,3.0,10942,4,1,Premium ($80K–$110K),9.917,135.9,Top,887727523.76,Early (2015-2018)
Seat,Avenger,2024,Flow Batteries,105.8,455,Level 2 Charging,9.4,139181.55,Ice Silver,Netherlands,4,0.0,3.0,11676,5,1,Luxury (>$110K),4.301,305.89,High,1625083777.8,Recent (2022-2025)
Kia,Niro EV,2015,Lithium-Titanate,114.9,588,Plug-In Hydrogen Refueling,11.5,86155.45,Orange,Indonesia,5,0.0,3.0,7089,3,1,Premium ($80K–$110K),5.117,146.52,High,610755985.05,Early (2015-2018)
Lucid Motors,Lucid Gravity,2023,Lithium-Sulfur,29.4,507,Level 1 Charging,2.5,68336.99,Lime Green,Finland,3,0.0,4.0,18718,3,1,Mid ($50K–$80K),17.245,134.79,Top,1279131778.8200002,Recent (2022-2025)
Cadillac,Celestiq,2022,Calcium-Ion,95.3,490,Overhead Pantograph Charging,1.3,145400.46,Platinum,Sweden,3,0.0,4.0,2109,4,1,Luxury (>$110K),5.142,296.74,High,306649570.14,Recent (2022-2025)
Skoda,Enyaq,2021,Aluminum-Ion,79.3,211,Vehicle-To-Grid (V2G),2.2,72617.56,Ruby Red,Australia,0,0.0,5.0,9557,5,0,Mid ($50K–$80K),2.661,344.16,Medium,694006020.92,Mid (2019-2021)
Mercedes-Benz,EQB,2018,Lithium-Ion,123.5,378,Level 2 Charging,4.7,144748.88,Silver,Turkey,4,0.0,5.0,18304,3,0,Luxury (>$110K),3.061,382.93,Medium,2649483499.52,Early (2015-2018)
Mg,MG ES5,2018,Aluminum-Ion,129.0,187,Ccs,1.0,86604.38,Cosmic Purple,South Africa,0,0.0,5.0,13984,4,0,Premium ($80K–$110K),1.45,463.13,Low,1211075649.92,Early (2015-2018)
Citroen,ë-Spacetourer,2023,Sodium-Ion,39.4,101,Vehicle-To-Load (V2L),2.0,37686.41,Candy Apple Red,Germany,1,0.0,5.0,2272,4,0,Budget (<$50K),2.563,373.13,Low,85623523.52000001,Recent (2022-2025)
Skoda,Elroq (upcoming),2017,Nickel-Manganese-Cobalt,99.7,320,Inductive (Wireless) Charging,7.7,69149.66,Pearl White,Finland,2,0.0,4.0,638,3,0,Mid ($50K–$80K),3.21,216.09,Medium,44117483.080000006,Early (2015-2018)
Byd,Han EV,2015,Lead-Acid,34.9,255,Battery Swapping,8.7,45458.56,Midnight Black,Switzerland,0,0.0,4.0,14804,3,0,Budget (<$50K),7.307,178.27,Top,672968522.24,Early (2015-2018)
Volkswagen,ID.4,2020,Lithium-Ion,40.0,434,Ultra-Fast Charging (350 Kw+),0.5,138529.75,Lime Green,Portugal,5,0.0,4.0,6707,5,1,Luxury (>$110K),10.85,319.19,Top,929119033.25,Mid (2019-2021)
Jaguar,I-PACE,2024,Nickel-Metal Hydride,130.4,386,Level 1 Charging,10.4,43422.87,Tan,Thailand,3,0.0,5.0,12632,5,0,Budget (<$50K),2.96,112.49,Medium,548517693.84,Recent (2022-2025)
Great Wall Motors,ORA Ballet Cat,2025,Lithium-Sulfur,21.2,205,Level 1 Charging,3.4,63413.78,Gold,China,3,0.0,5.0,15214,3,0,Mid ($50K–$80K),9.67,309.34,Top,964777248.92,Recent (2022-2025)
Nissan,Ariya,2019,Magnesium-Ion,115.5,382,Level 1 Charging,1.6,117464.18,Yellow,Russia,1,0.0,5.0,5569,5,0,Luxury (>$110K),3.307,307.5,Medium,654158018.42,Mid (2019-2021)
Tesla,Cybertruck,2017,Lithium-Sulfur,32.5,283,Level 1 Charging,4.2,32179.01,Sapphire Blue,Indonesia,5,0.0,3.0,4003,4,0,Budget (<$50K),8.708,113.71,Top,128812577.02999999,Early (2015-2018)
Mercedes-Benz,EQE SUV,2020,Nickel-Metal Hydride,110.8,456,Nacs,2.0,125182.0,Matte Gray,South Korea,4,0.0,4.0,9966,3,1,Luxury (>$110K),4.116,274.52,High,1247563812.0,Mid (2019-2021)
Fisker,Pear (upcoming),2015,Lithium-Titanate,130.6,256,Vehicle-To-Load (V2L),11.9,50922.82,Pink,Denmark,0,0.0,4.0,10800,3,0,Mid ($50K–$80K),1.96,198.92,Low,549966456.0,Early (2015-2018)
Canoo,Pickup,2020,Lead-Acid,109.2,527,Nacs,5.8,114494.92,Matte Gray,Saudi Arabia,0,0.0,4.0,17416,5,1,Luxury (>$110K),4.826,217.26,High,1994043526.72,Mid (2019-2021)
Nissan,Leaf,2015,Lithium-Sulfur,138.1,283,Level 1 Charging,8.6,101161.07,Orange,Saudi Arabia,2,0.0,5.0,7215,4,0,Premium ($80K–$110K),2.049,357.46,Low,729877120.0500001,Early (2015-2018)
Seat,Avenger,2019,Flow Batteries,115.0,405,Nacs,1.0,118374.27,Teal,Singapore,2,0.0,3.0,3505,5,1,Luxury (>$110K),3.522,292.28,Medium,414901816.35,Mid (2019-2021)
Lucid Motors,Lucid Gravity,2024,Magnesium-Ion,91.3,109,Solar Charging,9.2,86128.31,Charcoal,Malaysia,2,0.0,3.0,12748,3,0,Premium ($80K–$110K),1.194,790.17,Low,1097963695.8799999,Recent (2022-2025)
Lamborghini,Lanzador (upcoming EV),2023,Zinc-Air,80.4,585,Level 2 Charging,9.7,43083.57,Teal,Netherlands,1,0.0,5.0,12319,3,1,Budget (<$50K),7.276,73.65,Top,530746498.83,Recent (2022-2025)
Tesla,Cybertruck,2018,Lithium-Sulfur,79.6,448,Dc Fast Charging (Dcfc),2.0,90910.48,Matte Green,South Africa,5,0.0,4.0,9200,4,1,Premium ($80K–$110K),5.628,202.93,High,836376416.0,Early (2015-2018)
Kia,Soul EV,2018,Lithium-Titanate,128.8,409,Vehicle-To-Load (V2L),7.1,133236.0,Gun Metal,Italy,5,0.0,4.0,1593,3,1,Luxury (>$110K),3.175,325.76,Medium,212244948.0,Early (2015-2018)
Rivian,EDV (Electric Delivery Van),2025,Nickel-Manganese-Cobalt,117.3,551,Overhead Pantograph Charging,10.6,47464.06,Turquoise,United Arab Emirates,4,0.0,5.0,8460,3,1,Budget (<$50K),4.697,86.14,High,401545947.59999996,Recent (2022-2025)
Ferrari,Roma PHEV,2021,Lithium-Titanate,51.6,464,Level 1 Charging,7.9,86431.68,Champagne,Israel,4,0.0,5.0,9738,4,1,Premium ($80K–$110K),8.992,186.28,Top,841671699.8399999,Mid (2019-2021)
Rimac,Nevera,2025,Aluminum-Ion,103.5,229,Solar Charging,3.7,131999.88,Silver,Malaysia,1,0.0,5.0,11251,4,0,Luxury (>$110K),2.213,576.42,Low,1485130649.88,Recent (2022-2025)
Genesis,GV70 Electric,2019,Magnesium-Ion,78.8,281,Ccs,8.4,33719.11,Cobalt Blue,Spain,4,0.0,5.0,16899,4,0,Budget (<$50K),3.566,120.0,Medium,569819239.89,Mid (2019-2021)
Acura,ZDX (with GM Ultium),2022,Magnesium-Ion,98.8,500,Vehicle-To-Grid (V2G),4.7,132608.64,Candy Apple Red,Turkey,5,0.0,5.0,2360,4,1,Luxury (>$110K),5.061,265.22,High,312956390.40000004,Recent (2022-2025)
Great Wall Motors,ORA Ballet Cat,2019,Calcium-Ion,48.4,256,Level 2 Charging,6.1,144629.42,Electric Blue,South Korea,5,0.0,4.0,15259,4,0,Luxury (>$110K),5.289,564.96,High,2206900319.78,Mid (2019-2021)
Kia,Niro EV,2020,Flow Batteries,23.3,420,Level 1 Charging,6.2,94152.18,Beige,Israel,1,0.0,4.0,9257,3,1,Premium ($80K–$110K),18.026,224.17,Top,871566730.26,Mid (2019-2021)
Polestar,Polestar 3,2021,Zinc-Air,96.4,274,Chademo,11.5,69963.68,Navy Blue,Japan,1,0.0,3.0,12864,4,0,Mid ($50K–$80K),2.842,255.34,Medium,900012779.5199999,Mid (2019-2021)
Lucid Motors,Lucid Air,2022,Lithium-Iron Phosphate,60.8,443,Mobile Charging,9.8,64169.22,Candy Apple Red,Sweden,5,0.0,3.0,8050,4,1,Mid ($50K–$80K),7.286,144.85,Top,516562221.0,Recent (2022-2025)
Great Wall Motors,ORA Lightning Cat,2016,Lithium-Sulfur,75.1,413,Mobile Charging,10.7,100219.21,Cosmic Purple,Brazil,2,0.0,3.0,4875,3,1,Premium ($80K–$110K),5.499,242.66,High,488568648.75000006,Early (2015-2018)
Chevrolet,Silverado EV,2016,Nickel-Manganese-Cobalt,52.7,199,Vehicle-To-Grid (V2G),11.7,61856.27,Burgundy,Argentina,3,0.0,3.0,3531,5,0,Mid ($50K–$80K),3.776,310.84,Medium,218414489.36999997,Early (2015-2018)
Ferrari,SF90 Stradale (PHEV),2025,Zinc-Air,32.1,425,Chademo,6.0,117890.29,Burgundy,Usa,2,0.0,3.0,5040,3,1,Luxury (>$110K),13.24,277.39,Top,594167061.6,Recent (2022-2025)
Ford,F-150 Lightning,2025,Lithium-Titanate,102.2,286,Plug-In Hydrogen Refueling,3.9,80309.56,Ice Silver,Brazil,0,0.0,4.0,11144,5,0,Premium ($80K–$110K),2.798,280.8,Medium,894969736.64,Recent (2022-2025)
Pininfarina,Battista,2017,Nickel-Cobalt-Aluminum,47.6,270,Vehicle-To-Grid (V2G),0.6,89810.28,Navy Blue,Saudi Arabia,5,0.0,3.0,4485,4,0,Premium ($80K–$110K),5.672,332.63,High,402799105.8,Early (2015-2018)
Li Auto,L8,2024,Lithium-Titanate,98.1,234,Vehicle-To-Grid (V2G),0.9,92345.83,Ice Silver,Belgium,3,0.0,3.0,13896,5,0,Premium ($80K–$110K),2.385,394.64,Low,1283237653.68,Recent (2022-2025)
Nissan,Leaf,2025,Nickel-Metal Hydride,39.5,388,Vehicle-To-Home (V2H),4.8,70459.04,Black,Thailand,3,0.0,4.0,15146,3,0,Mid ($50K–$80K),9.823,181.6,Top,1067172619.8399999,Recent (2022-2025)
Renault,Megane E-Tech,2020,Flow Batteries,34.0,119,Level 2 Charging,2.9,131801.21,Gold,Poland,3,0.0,3.0,3752,4,0,Luxury (>$110K),3.5,1107.57,Medium,494518139.91999996,Mid (2019-2021)
Porsche,Taycan,2023,Flow Batteries,45.2,221,Ultra-Fast Charging (350 Kw+),7.3,106223.17,Titanium,China,1,0.0,5.0,19968,3,0,Premium ($80K–$110K),4.889,480.65,High,2121064258.56,Recent (2022-2025)
Jaguar,I-PACE,2020,Lithium-Iron Phosphate,23.2,143,Nacs,2.5,80148.36,Blue,United Arab Emirates,3,0.0,4.0,14564,5,0,Premium ($80K–$110K),6.164,560.48,High,1167280715.04,Mid (2019-2021)
Toyota,bZ4X,2022,Magnesium-Ion,27.0,246,Mobile Charging,6.1,94976.85,Candy Apple Red,Netherlands,1,0.0,3.0,16991,5,0,Premium ($80K–$110K),9.111,386.08,Top,1613751658.3500001,Recent (2022-2025)
Peugeot,e-208,2016,Nickel-Metal Hydride,74.8,395,Level 2 Charging,10.9,61042.35,Cosmic Purple,Indonesia,4,0.0,4.0,16091,4,0,Mid ($50K–$80K),5.281,154.54,High,982232453.85,Early (2015-2018)
Tesla,Cybertruck,2021,Calcium-Ion,110.0,109,Vehicle-To-Grid (V2G),10.7,144096.94,Candy Apple Red,Sweden,2,0.0,3.0,11855,4,0,Luxury (>$110K),0.991,1321.99,Low,1708269223.7,Mid (2019-2021)
Rivian,R1S,2023,Nickel-Manganese-Cobalt,110.3,340,Vehicle-To-Load (V2L),6.8,94361.13,White,Malaysia,3,0.0,4.0,10422,4,0,Premium ($80K–$110K),3.083,277.53,Medium,983431696.86,Recent (2022-2025)
Changan,Deepal S07,2015,Nickel-Cobalt-Aluminum,31.2,563,Vehicle-To-Home (V2H),11.5,48378.38,Magenta,Sweden,0,0.0,3.0,13141,5,1,Budget (<$50K),18.045,85.93,Top,635740291.5799999,Early (2015-2018)
Renault,Megane E-Tech,2025,Magnesium-Ion,69.1,161,Vehicle-To-Home (V2H),0.8,70992.01,Champagne,China,3,0.0,5.0,13035,5,0,Mid ($50K–$80K),2.33,440.94,Low,925380850.3499999,Recent (2022-2025)
Mg,MG ZS EV,2018,Solid-State,109.7,593,Plug-In Hydrogen Refueling,4.8,149934.83,Matte Green,Argentina,1,0.0,3.0,5708,4,1,Luxury (>$110K),5.406,252.84,High,855828009.64,Early (2015-2018)
Volkswagen,ID.7,2025,Sodium-Ion,51.0,291,Battery Swapping,1.5,77869.15,Black,Uk,0,0.0,4.0,18224,3,0,Mid ($50K–$80K),5.706,267.59,High,1419087389.6,Recent (2022-2025)
Lotus,Emeya,2015,Aluminum-Ion,111.3,341,Level 1 Charging,8.5,123533.34,Sky Blue,Thailand,0,0.0,4.0,15313,5,0,Luxury (>$110K),3.064,362.27,Medium,1891666035.4199998,Early (2015-2018)
Kia,Soul EV,2022,Calcium-Ion,57.1,245,Ultra-Fast Charging (350 Kw+),3.1,147005.03,Matte Blue,Argentina,4,0.0,5.0,9623,4,0,Luxury (>$110K),4.291,600.02,High,1414629403.69,Recent (2022-2025)
Hyundai,Kona Electric,2020,Solid-State,31.9,574,Level 1 Charging,1.1,86277.82,Platinum,France,5,0.0,3.0,12197,3,1,Premium ($80K–$110K),17.994,150.31,Top,1052330570.5400001,Mid (2019-2021)
Ford,E-Transit,2025,Lithium-Sulfur,93.5,183,Ultra-Fast Charging (350 Kw+),8.6,104132.83,Silver,Uk,3,0.0,4.0,11943,5,0,Premium ($80K–$110K),1.957,569.03,Low,1243658388.69,Recent (2022-2025)
Vinfast,VFe34 (discontinued),2022,Lithium-Sulfur,104.3,445,Mobile Charging,7.9,134178.73,Brown,Hungary,5,0.0,4.0,5472,4,1,Luxury (>$110K),4.267,301.53,High,734226010.5600001,Recent (2022-2025)
Ford,Explorer EV (Europe),2025,Flow Batteries,108.5,490,Battery Swapping,8.2,49891.62,Copper,Uk,0,0.0,4.0,9559,3,1,Budget (<$50K),4.516,101.82,High,476913995.58000004,Recent (2022-2025)
Vinfast,VF 8,2016,Aluminum-Ion,136.7,196,Ultra-Fast Charging (350 Kw+),5.8,123717.2,Sapphire Blue,Austria,3,0.0,5.0,19920,4,0,Luxury (>$110K),1.434,631.21,Low,2464446624.0,Early (2015-2018)
Nio,ET7,2025,Aluminum-Ion,69.0,569,Level 1 Charging,10.1,68427.68,Champagne,Uk,3,0.0,4.0,17070,4,1,Mid ($50K–$80K),8.246,120.26,Top,1168060497.6,Recent (2022-2025)
Gmc,Hummer EV SUV,2023,Lead-Acid,30.2,239,Level 2 Charging,6.4,55372.67,Platinum,Mexico,1,0.0,4.0,11648,4,0,Mid ($50K–$80K),7.914,231.68,Top,644980860.16,Recent (2022-2025)
Honda,Honda Prologue,2020,Lithium-Ion,93.4,395,Vehicle-To-Grid (V2G),2.9,61012.45,Stealth Gray,Belgium,3,0.0,3.0,2966,5,0,Mid ($50K–$80K),4.229,154.46,High,180962926.7,Mid (2019-2021)
Bmw,iX3,2023,Sodium-Ion,124.1,541,Dc Fast Charging (Dcfc),11.6,60034.24,Sky Blue,Vietnam,4,0.0,4.0,19544,3,1,Mid ($50K–$80K),4.359,110.97,High,1173309186.56,Recent (2022-2025)
Canoo,Lifestyle Vehicle,2016,Lithium-Iron Phosphate,66.4,395,Vehicle-To-Grid (V2G),1.9,109921.01,Blue,Australia,1,0.0,5.0,272,3,0,Premium ($80K–$110K),5.949,278.28,High,29898514.72,Early (2015-2018)
Ford,F-150 Lightning,2025,Calcium-Ion,74.4,179,Overhead Pantograph Charging,7.6,143792.52,Lime Green,Italy,3,0.0,3.0,18823,5,0,Luxury (>$110K),2.406,803.31,Low,2706606603.96,Recent (2022-2025)
Great Wall Motors,ORA Ballet Cat,2016,Lithium-Titanate,99.3,595,Dc Fast Charging (Dcfc),10.3,126523.85,Aurora Blue,Spain,4,0.0,3.0,9656,3,1,Luxury (>$110K),5.992,212.65,High,1221714295.6000001,Early (2015-2018)
Jeep,Grand Cherokee 4xe (PHEV),2022,Solid-State,82.6,380,Battery Swapping,8.3,148400.0,Midnight Black,Uk,0,0.0,5.0,1553,4,0,Luxury (>$110K),4.6,390.53,High,230465200.0,Recent (2022-2025)
Fisker,Ocean,2024,Calcium-Ion,136.6,316,Vehicle-To-Home (V2H),10.4,130671.1,Sapphire Blue,Turkey,4,0.0,5.0,15106,4,0,Luxury (>$110K),2.313,413.52,Low,1973917636.6000001,Recent (2022-2025)
Pininfarina,Battista,2019,Sodium-Ion,86.7,552,Vehicle-To-Home (V2H),9.2,145977.14,Forest Green,Portugal,3,0.0,3.0,19046,5,1,Luxury (>$110K),6.367,264.45,High,2780280608.44,Mid (2019-2021)
Rivian,R1S,2015,Lithium-Titanate,62.7,408,Vehicle-To-Grid (V2G),2.6,84441.41,Lime Green,China,4,0.0,3.0,16906,5,1,Premium ($80K–$110K),6.507,206.96,High,1427566477.46,Early (2015-2018)
Nissan,Leaf,2017,Calcium-Ion,56.2,600,Solar Charging,9.6,87422.04,Forest Green,Vietnam,5,0.0,3.0,11801,4,1,Premium ($80K–$110K),10.676,145.7,Top,1031667494.04,Early (2015-2018)
Lamborghini,Lanzador (upcoming EV),2017,Lithium-Titanate,37.2,571,Ultra-Fast Charging (350 Kw+),10.5,37452.3,Cobalt Blue,Australia,3,0.0,5.0,991,4,1,Budget (<$50K),15.349,65.59,Top,37115229.300000004,Early (2015-2018)
Volvo,XC40 Recharge,2021,Lithium-Ion,37.1,166,Vehicle-To-Home (V2H),7.8,65941.09,Forest Green,South Korea,3,0.0,5.0,16123,3,0,Mid ($50K–$80K),4.474,397.24,High,1063168194.0699999,Mid (2019-2021)
Maserati,GranTurismo Folgore,2025,Flow Batteries,41.1,252,Vehicle-To-Home (V2H),10.5,72257.27,Metallic Silver,China,0,0.0,4.0,17812,5,0,Mid ($50K–$80K),6.131,286.74,High,1287046493.24,Recent (2022-2025)
Tesla,Model Y,2023,Calcium-Ion,44.2,562,Vehicle-To-Load (V2L),6.7,125753.56,Cream,Indonesia,3,0.0,5.0,16733,4,1,Luxury (>$110K),12.715,223.76,Top,2104234319.48,Recent (2022-2025)
Mg,MG ES5,2021,Lithium-Iron Phosphate,66.0,266,Solar Charging,1.4,141611.08,Pearl White,United Arab Emirates,1,0.0,4.0,5614,5,0,Luxury (>$110K),4.03,532.37,Medium,795004603.1199999,Mid (2019-2021)
Lotus,Evija,2023,Nickel-Cobalt-Aluminum,76.3,121,Mobile Charging,10.1,103614.33,Beige,Israel,4,0.0,5.0,16433,3,0,Premium ($80K–$110K),1.586,856.32,Low,1702694284.89,Recent (2022-2025)
Seat,Avenger,2022,Aluminum-Ion,24.7,178,Level 2 Charging,3.3,110381.86,Titanium,Netherlands,4,0.0,3.0,5491,3,0,Luxury (>$110K),7.206,620.12,Top,606106793.26,Recent (2022-2025)
Peugeot,e-2008,2015,Lithium-Iron Phosphate,132.8,583,Plug-In Hydrogen Refueling,6.5,147619.53,Gray,Malaysia,5,0.0,4.0,17746,5,1,Luxury (>$110K),4.39,253.21,High,2619656179.38,Early (2015-2018)
Mini,Mini Cooper SE,2017,Nickel-Manganese-Cobalt,38.7,336,Plug-In Hydrogen Refueling,11.8,116685.03,Charcoal,Usa,3,0.0,4.0,14340,3,0,Luxury (>$110K),8.682,347.28,Top,1673263330.2,Early (2015-2018)
Peugeot,e-208,2021,Nickel-Metal Hydride,106.6,216,Ultra-Fast Charging (350 Kw+),3.6,105995.44,Platinum,Argentina,2,0.0,5.0,4229,4,0,Premium ($80K–$110K),2.026,490.72,Low,448254715.76,Mid (2019-2021)
Mahindra,XUV400,2015,Lithium-Sulfur,63.0,273,Overhead Pantograph Charging,8.6,86377.95,Blue,Italy,1,0.0,3.0,5577,5,0,Premium ($80K–$110K),4.333,316.4,High,481729827.15,Early (2015-2018)
Fisker,Pear (upcoming),2015,Lithium-Sulfur,112.2,503,Battery Swapping,1.0,117218.51,Charcoal,Mexico,2,0.0,5.0,7305,5,1,Luxury (>$110K),4.483,233.04,High,856281215.55,Early (2015-2018)
Vinfast,VF 9,2022,Flow Batteries,25.0,153,Ccs,5.3,146527.92,Matte White,China,4,0.0,4.0,13098,5,0,Luxury (>$110K),6.12,957.7,High,1919222696.16,Recent (2022-2025)
Changan,SL03,2023,Nickel-Cobalt-Aluminum,129.4,547,Mobile Charging,4.9,31219.1,Bronze,Turkey,2,0.0,5.0,7479,3,1,Budget (<$50K),4.227,57.07,High,233487648.89999998,Recent (2022-2025)
Porsche,Macan EV,2024,Calcium-Ion,29.2,453,Nacs,3.8,102274.52,Teal,Saudi Arabia,5,0.0,4.0,13868,3,1,Premium ($80K–$110K),15.514,225.77,Top,1418343043.3600001,Recent (2022-2025)
Polestar,Polestar 4,2020,Zinc-Air,129.2,446,Battery Swapping,11.5,80609.5,Silver,Russia,5,0.0,3.0,2789,3,1,Premium ($80K–$110K),3.452,180.74,Medium,224819895.5,Mid (2019-2021)
Dacia,Jogger Hybrid,2018,Calcium-Ion,144.2,394,Level 1 Charging,8.5,58958.87,Graphite Gray,Russia,3,0.0,3.0,8118,4,0,Mid ($50K–$80K),2.732,149.64,Medium,478628106.66,Early (2015-2018)
Zeekr,Zeekr 001,2020,Aluminum-Ion,135.4,496,Dc Fast Charging (Dcfc),0.9,110839.03,Orange,Argentina,1,0.0,3.0,10684,4,1,Luxury (>$110K),3.663,223.47,Medium,1184204196.52,Mid (2019-2021)
Changan,SL03,2017,Flow Batteries,105.3,351,Nacs,6.4,85296.88,Purple,India,3,0.0,5.0,19050,5,0,Premium ($80K–$110K),3.333,243.01,Medium,1624905564.0,Early (2015-2018)
Mazda,Mazda EV (upcoming models),2022,Sodium-Ion,93.9,413,Overhead Pantograph Charging,11.7,33050.17,Pink,Hungary,1,0.0,5.0,2719,4,1,Budget (<$50K),4.398,80.02,High,89863412.22999999,Recent (2022-2025)
Jaguar,I-PACE,2023,Sodium-Ion,133.8,590,Solar Charging,10.8,97098.09,Sapphire Blue,Brazil,5,0.0,5.0,12024,3,1,Premium ($80K–$110K),4.41,164.57,High,1167507434.1599998,Recent (2022-2025)
Faraday Future,FF 91,2022,Aluminum-Ion,106.9,371,Nacs,9.4,38916.71,Ruby Red,Hungary,3,0.0,3.0,3032,4,0,Budget (<$50K),3.471,104.9,Medium,117995464.72,Recent (2022-2025)
Byd,Dolphin,2019,Lithium-Titanate,58.5,176,Level 2 Charging,9.7,34843.22,Cobalt Blue,Italy,3,0.0,4.0,6634,3,0,Budget (<$50K),3.009,197.97,Medium,231149921.48000002,Mid (2019-2021)
Mg,MG4 Electric,2019,Lithium-Ion,44.5,473,Overhead Pantograph Charging,8.4,59036.69,Volcanic Yellow,Uk,5,0.0,4.0,314,5,1,Mid ($50K–$80K),10.629,124.81,Top,18537520.66,Mid (2019-2021)
Seat,Avenger,2024,Lithium-Iron Phosphate,149.8,323,Ultra-Fast Charging (350 Kw+),3.8,130259.58,Burgundy,Germany,0,0.0,5.0,1270,4,0,Luxury (>$110K),2.156,403.28,Low,165429666.6,Recent (2022-2025)
Dacia,Jogger Hybrid,2020,Nickel-Manganese-Cobalt,94.3,398,Level 2 Charging,8.6,63877.57,Platinum,New Zealand,2,0.0,5.0,7755,3,0,Mid ($50K–$80K),4.221,160.5,High,495370555.35,Mid (2019-2021)
Rimac,Nevera,2021,Lithium-Ion,31.2,560,Dc Fast Charging (Dcfc),11.5,123807.42,Electric Blue,Poland,5,0.0,5.0,12022,4,1,Luxury (>$110K),17.949,221.08,Top,1488412803.24,Mid (2019-2021)
Audi,e-tron GT,2018,Zinc-Air,119.7,419,Vehicle-To-Grid (V2G),8.5,137099.25,Brown,Saudi Arabia,1,0.0,3.0,3800,3,1,Luxury (>$110K),3.5,327.21,Medium,520977150.0,Early (2015-2018)
Ford,Mustang Mach-E,2017,Zinc-Air,31.2,456,Inductive (Wireless) Charging,6.3,149271.84,Silver,Uk,2,0.0,5.0,19737,3,1,Luxury (>$110K),14.615,327.35,Top,2946178306.08,Early (2015-2018)
Lamborghini,Revuelto (PHEV),2024,Nickel-Cobalt-Aluminum,108.1,254,Overhead Pantograph Charging,2.3,44042.07,Matte Green,France,4,0.0,5.0,7109,3,0,Budget (<$50K),2.35,173.39,Low,313095075.63,Recent (2022-2025)
Rimac,Nevera,2023,Lithium-Titanate,126.2,205,Ccs,5.6,48192.54,Stealth Gray,Vietnam,5,0.0,4.0,9843,5,0,Budget (<$50K),1.624,235.09,Low,474359171.22,Recent (2022-2025)
Seat,Avenger,2022,Solid-State,21.5,435,Inductive (Wireless) Charging,8.4,138229.57,Green,Finland,3,0.0,4.0,1171,4,1,Luxury (>$110K),20.233,317.77,Top,161866826.47,Recent (2022-2025)
Canoo,Lifestyle Vehicle,2016,Lithium-Iron Phosphate,113.9,500,Nacs,0.8,136482.5,Forest Green,Portugal,2,0.0,4.0,2510,4,1,Luxury (>$110K),4.39,272.96,High,342571075.0,Early (2015-2018)
Lotus,Emeya,2021,Sodium-Ion,27.5,466,Vehicle-To-Load (V2L),5.7,120135.5,Charcoal,Brazil,5,0.0,4.0,6847,3,1,Luxury (>$110K),16.945,257.8,Top,822567768.5,Mid (2019-2021)
Xpeng,P7,2018,Flow Batteries,84.7,428,Dc Fast Charging (Dcfc),1.6,146690.38,Lime Green,South Korea,5,0.0,3.0,6159,5,1,Luxury (>$110K),5.053,342.73,High,903466050.4200001,Early (2015-2018)
Gmc,Hummer EV SUV,2018,Lithium-Ion,75.2,545,Vehicle-To-Home (V2H),0.8,71444.4,Gun Metal,Portugal,4,0.0,4.0,19811,3,1,Mid ($50K–$80K),7.247,131.09,Top,1415385008.3999999,Early (2015-2018)
Dacia,Jogger Hybrid,2018,Lithium-Iron Phosphate,109.7,130,Level 1 Charging,6.2,119062.74,Purple,South Africa,0,0.0,3.0,8989,5,0,Luxury (>$110K),1.185,915.87,Low,1070254969.86,Early (2015-2018)
Bmw,iX1,2021,Lithium-Iron Phosphate,52.5,210,Solar Charging,3.0,33674.5,Stealth Gray,Thailand,4,0.0,5.0,17750,5,0,Budget (<$50K),4.0,160.35,Medium,597722375.0,Mid (2019-2021)
Lotus,Evija,2018,Zinc-Air,133.8,187,Ultra-Fast Charging (350 Kw+),5.9,101973.44,White,Singapore,1,0.0,5.0,4632,5,0,Premium ($80K–$110K),1.398,545.31,Low,472340974.08,Early (2015-2018)
Byd,Atto 3,2020,Lithium-Titanate,55.7,261,Ccs,2.9,122315.52,Matte Green,Indonesia,1,0.0,3.0,7707,4,0,Luxury (>$110K),4.686,468.64,High,942685712.64,Mid (2019-2021)
Mahindra,XUV400,2023,Lithium-Titanate,83.6,302,Inductive (Wireless) Charging,2.2,58862.47,Black,Japan,1,0.0,5.0,10197,4,0,Mid ($50K–$80K),3.612,194.91,Medium,600220606.59,Recent (2022-2025)
Li Auto,L9,2023,Nickel-Cobalt-Aluminum,115.9,583,Battery Swapping,1.6,57706.59,Navy Blue,Uk,3,0.0,4.0,11311,3,1,Mid ($50K–$80K),5.03,98.98,High,652719239.49,Recent (2022-2025)
Ferrari,Roma PHEV,2022,Nickel-Cobalt-Aluminum,24.9,233,Overhead Pantograph Charging,6.4,30584.51,Yellow,Canada,2,0.0,4.0,14398,3,0,Budget (<$50K),9.357,131.26,Top,440355774.97999996,Recent (2022-2025)
Maserati,Grecale Folgore,2019,Lithium-Titanate,47.8,294,Dc Fast Charging (Dcfc),1.3,94681.79,Orange,France,0,0.0,3.0,2927,5,0,Premium ($80K–$110K),6.151,322.05,High,277133599.33,Mid (2019-2021)
Cadillac,Lyriq,2021,Lithium-Titanate,117.3,500,Mobile Charging,4.4,115113.27,Bronze,India,2,0.0,3.0,12444,5,1,Luxury (>$110K),4.263,230.23,High,1432469531.88,Mid (2019-2021)
Citroen,ë-Spacetourer,2018,Nickel-Manganese-Cobalt,78.8,236,Level 1 Charging,2.8,135274.2,Sky Blue,Portugal,2,0.0,5.0,11605,5,0,Luxury (>$110K),2.995,573.2,Medium,1569857091.0000002,Early (2015-2018)
Li Auto,MEGA,2015,Lithium-Ion,50.0,103,Dc Fast Charging (Dcfc),1.6,144633.73,Ruby Red,Italy,1,0.0,4.0,19236,4,0,Luxury (>$110K),2.06,1404.21,Low,2782174430.28,Early (2015-2018)
Toyota,Lexus UX 300e,2017,Lithium-Titanate,32.9,538,Vehicle-To-Home (V2H),9.1,126350.58,Beige,South Africa,2,0.0,5.0,10644,5,1,Luxury (>$110K),16.353,234.85,Top,1344875573.52,Early (2015-2018)
Acura,ZDX (with GM Ultium),2015,Magnesium-Ion,96.1,232,Level 1 Charging,9.5,102547.12,Green,Indonesia,2,0.0,3.0,13495,5,0,Premium ($80K–$110K),2.414,442.01,Low,1383873384.3999999,Early (2015-2018)
Vinfast,VF 8,2015,Lithium-Iron Phosphate,55.8,370,Battery Swapping,7.0,52658.33,Racing Red,New Zealand,0,0.0,4.0,18691,4,0,Mid ($50K–$80K),6.631,142.32,High,984236846.0300001,Early (2015-2018)
Dacia,Bigster EV (upcoming),2016,Lithium-Sulfur,125.5,404,Overhead Pantograph Charging,3.4,103566.8,Beige,Vietnam,2,0.0,4.0,15596,5,1,Premium ($80K–$110K),3.219,256.35,Medium,1615227812.8,Early (2015-2018)
Seat,Avenger,2021,Nickel-Metal Hydride,81.7,186,Level 1 Charging,11.6,43469.52,Racing Red,China,3,0.0,5.0,9324,5,0,Budget (<$50K),2.277,233.71,Low,405309804.47999996,Mid (2019-2021)
Citroen,ë-Spacetourer,2024,Nickel-Metal Hydride,50.5,445,Ccs,9.9,115391.86,Matte Gray,Austria,3,0.0,5.0,15938,5,1,Luxury (>$110K),8.812,259.31,Top,1839115464.68,Recent (2022-2025)
Hyundai,Kona Electric,2015,Solid-State,77.8,338,Ccs,1.9,115452.34,Copper,Mexico,0,0.0,4.0,18555,4,0,Luxury (>$110K),4.344,341.57,High,2142218168.7,Early (2015-2018)
Lamborghini,Lanzador (upcoming EV),2016,Lithium-Titanate,139.7,247,Nacs,7.7,136923.23,Rose Gold,Belgium,2,0.0,5.0,6618,5,0,Luxury (>$110K),1.768,554.35,Low,906157936.1400001,Early (2015-2018)
Rivian,R1S,2017,Flow Batteries,89.5,341,Overhead Pantograph Charging,10.4,109012.19,Matte Green,United Arab Emirates,3,0.0,4.0,10672,4,0,Premium ($80K–$110K),3.81,319.68,Medium,1163378091.68,Early (2015-2018)
Toyota,Lexus UX 300e,2022,Lithium-Titanate,81.4,523,Dc Fast Charging (Dcfc),4.4,97244.12,Volcanic Yellow,China,3,0.0,5.0,19481,4,1,Premium ($80K–$110K),6.425,185.94,High,1894412701.7199998,Recent (2022-2025)
Audi,e-tron,2022,Lithium-Titanate,95.0,159,Vehicle-To-Grid (V2G),1.9,66083.61,Cream,Spain,5,0.0,5.0,16542,3,0,Mid ($50K–$80K),1.674,415.62,Low,1093155076.6200001,Recent (2022-2025)
Bmw,iX1,2022,Sodium-Ion,124.0,188,Solar Charging,10.5,88736.73,Volcanic Yellow,South Africa,5,0.0,3.0,7902,4,0,Premium ($80K–$110K),1.516,472.0,Low,701197640.4599999,Recent (2022-2025)
Renault,Kangoo E-Tech,2019,Lead-Acid,107.7,597,Vehicle-To-Load (V2L),5.8,36780.73,Matte Gray,United Arab Emirates,5,0.0,4.0,3106,3,1,Budget (<$50K),5.543,61.61,High,114240947.38000001,Mid (2019-2021)
Hyundai,Kona Electric,2023,Nickel-Metal Hydride,118.1,307,Vehicle-To-Load (V2L),7.1,100266.71,Sapphire Blue,Indonesia,3,0.0,4.0,11815,5,0,Premium ($80K–$110K),2.599,326.6,Medium,1184651178.65,Recent (2022-2025)
Rivian,EDV (Electric Delivery Van),2018,Calcium-Ion,94.2,284,Vehicle-To-Home (V2H),1.2,66892.66,Stealth Gray,South Africa,3,0.0,3.0,6190,5,0,Mid ($50K–$80K),3.015,235.54,Medium,414065565.40000004,Early (2015-2018)
Peugeot,e-5008,2015,Calcium-Ion,118.4,403,Level 1 Charging,5.6,127289.11,Champagne,South Africa,4,0.0,4.0,14242,5,1,Luxury (>$110K),3.404,315.85,Medium,1812851504.6200001,Early (2015-2018)
Volvo,C40 Recharge,2015,Nickel-Manganese-Cobalt,124.1,506,Level 2 Charging,7.1,136716.24,Graphite Gray,Belgium,2,0.0,5.0,14260,4,1,Luxury (>$110K),4.077,270.19,High,1949573582.3999999,Early (2015-2018)
Renault,Scenic E-Tech,2023,Nickel-Manganese-Cobalt,132.5,578,Nacs,7.6,71713.58,Rose Gold,New Zealand,5,0.0,4.0,10376,4,1,Mid ($50K–$80K),4.362,124.07,High,744100106.08,Recent (2022-2025)
Volkswagen,ID.6,2022,Nickel-Cobalt-Aluminum,66.9,241,Dc Fast Charging (Dcfc),9.4,91179.74,Graphite Gray,France,4,0.0,4.0,114,3,0,Premium ($80K–$110K),3.602,378.34,Medium,10394490.360000001,Recent (2022-2025)
Lucid Motors,Lucid Gravity,2020,Magnesium-Ion,37.2,176,Level 2 Charging,2.6,146996.23,Cream,Finland,1,0.0,5.0,12744,5,0,Luxury (>$110K),4.731,835.21,High,1873319955.1200001,Mid (2019-2021)
Honda,Honda Prologue,2017,Aluminum-Ion,68.3,326,Ultra-Fast Charging (350 Kw+),3.3,103414.52,Cosmic Purple,Japan,3,0.0,3.0,12487,3,0,Premium ($80K–$110K),4.773,317.22,High,1291337111.24,Early (2015-2018)
Pininfarina,Battista,2021,Lead-Acid,64.6,431,Chademo,3.6,77965.45,Aurora Blue,Argentina,3,0.0,4.0,18833,5,1,Mid ($50K–$80K),6.672,180.89,High,1468323319.85,Mid (2019-2021)
Nissan,Leaf,2020,Calcium-Ion,129.0,207,Plug-In Hydrogen Refueling,8.8,122048.3,Gun Metal,Switzerland,3,0.0,4.0,4244,3,0,Luxury (>$110K),1.605,589.61,Low,517972985.2,Mid (2019-2021)
Maserati,GranTurismo Folgore,2021,Nickel-Metal Hydride,120.5,494,Ultra-Fast Charging (350 Kw+),5.9,137425.14,Titanium,Austria,1,0.0,3.0,3342,3,1,Luxury (>$110K),4.1,278.19,High,459274817.88000005,Mid (2019-2021)
Volvo,C40 Recharge,2022,Calcium-Ion,119.7,457,Level 2 Charging,0.6,113151.16,Magenta,Sweden,2,0.0,4.0,14607,3,1,Luxury (>$110K),3.818,247.6,Medium,1652798994.1200001,Recent (2022-2025)
Toyota,bZ4X,2018,Lithium-Iron Phosphate,135.3,200,Ccs,7.8,94488.74,Cobalt Blue,Turkey,2,0.0,3.0,4190,4,0,Premium ($80K–$110K),1.478,472.44,Low,395907820.6,Early (2015-2018)
Genesis,G80 Electric,2023,Flow Batteries,139.8,237,Vehicle-To-Home (V2H),3.0,42123.32,Matte Black,Argentina,5,0.0,4.0,18722,5,0,Budget (<$50K),1.695,177.74,Low,788632797.04,Recent (2022-2025)
Nio,ET5,2025,Flow Batteries,70.2,289,Overhead Pantograph Charging,4.0,117348.77,Ice Silver,Sweden,3,0.0,3.0,15190,5,0,Luxury (>$110K),4.117,406.05,High,1782527816.3,Recent (2022-2025)
Mini,Mini Electric,2021,Lithium-Sulfur,23.9,205,Chademo,7.7,84036.26,Ruby Red,Ireland,4,0.0,5.0,4351,5,0,Premium ($80K–$110K),8.577,409.93,Top,365641767.26,Mid (2019-2021)
Lamborghini,Revuelto (PHEV),2025,Magnesium-Ion,94.4,213,Vehicle-To-Home (V2H),7.6,102862.66,Sky Blue,South Africa,5,0.0,3.0,7799,3,0,Premium ($80K–$110K),2.256,482.92,Low,802225885.34,Recent (2022-2025)
Kia,EV6,2024,Calcium-Ion,107.6,593,Overhead Pantograph Charging,9.7,123525.29,Sky Blue,Germany,3,0.0,5.0,17170,4,1,Luxury (>$110K),5.511,208.31,High,2120929229.3,Recent (2022-2025)
Acura,ZDX (with GM Ultium),2021,Flow Batteries,79.5,252,Vehicle-To-Load (V2L),5.3,41234.44,Magenta,Singapore,4,0.0,5.0,11743,5,0,Budget (<$50K),3.17,163.63,Medium,484216028.92,Mid (2019-2021)
Gmc,Hummer EV Pickup,2015,Lithium-Iron Phosphate,88.6,194,Solar Charging,2.2,86364.33,Pearl White,Sweden,3,0.0,3.0,14475,4,0,Premium ($80K–$110K),2.19,445.18,Low,1250123676.75,Early (2015-2018)
Rivian,EDV (Electric Delivery Van),2025,Nickel-Cobalt-Aluminum,49.6,409,Battery Swapping,7.6,140034.46,Copper,Usa,4,0.0,4.0,13590,4,1,Luxury (>$110K),8.246,342.38,Top,1903068311.3999999,Recent (2022-2025)
Zeekr,Zeekr 009,2018,Solid-State,81.1,362,Vehicle-To-Load (V2L),3.0,36429.04,Racing Red,Uk,3,0.0,4.0,6685,4,0,Budget (<$50K),4.464,100.63,High,243528132.4,Early (2015-2018)
Mini,Mini Cooper SE,2018,Flow Batteries,116.6,185,Overhead Pantograph Charging,9.0,108817.41,Sunset Orange,Switzerland,1,0.0,4.0,16547,4,0,Premium ($80K–$110K),1.587,588.2,Low,1800601683.27,Early (2015-2018)
Toyota,Lexus UX 300e,2018,Zinc-Air,147.4,318,Plug-In Hydrogen Refueling,0.6,41524.59,Orange,Japan,2,0.0,5.0,750,5,0,Budget (<$50K),2.157,130.58,Low,31143442.499999996,Early (2015-2018)
Geely,Geometry A,2017,Nickel-Cobalt-Aluminum,60.2,573,Vehicle-To-Home (V2H),9.4,96914.46,Matte Green,Denmark,4,0.0,4.0,2993,4,1,Premium ($80K–$110K),9.518,169.14,Top,290064978.78000003,Early (2015-2018)
Zeekr,Zeekr 001,2024,Flow Batteries,23.0,201,Vehicle-To-Load (V2L),1.6,79780.04,Navy Blue,Argentina,4,0.0,4.0,8091,5,0,Mid ($50K–$80K),8.739,396.92,Top,645500303.64,Recent (2022-2025)
Toyota,Lexus RZ,2021,Zinc-Air,128.6,230,Vehicle-To-Load (V2L),9.6,112639.94,Crimson Red,Saudi Arabia,4,0.0,5.0,10668,3,0,Luxury (>$110K),1.788,489.74,Low,1201642879.92,Mid (2019-2021)
Mg,MG ZS EV,2025,Sodium-Ion,70.6,276,Dc Fast Charging (Dcfc),6.9,83100.25,Cobalt Blue,Poland,3,0.0,5.0,16464,3,0,Premium ($80K–$110K),3.909,301.09,Medium,1368162516.0,Recent (2022-2025)
Geely,Geometry C,2018,Calcium-Ion,54.3,122,Plug-In Hydrogen Refueling,6.3,104276.36,Graphite Gray,Japan,5,0.0,3.0,16760,5,0,Premium ($80K–$110K),2.247,854.72,Low,1747671793.6,Early (2015-2018)
Genesis,G80 Electric,2019,Nickel-Cobalt-Aluminum,124.3,587,Nacs,3.6,56674.96,Navy Blue,Austria,4,0.0,3.0,6116,3,1,Mid ($50K–$80K),4.722,96.55,High,346624055.36,Mid (2019-2021)
Skoda,Enyaq Coupe,2021,Lithium-Ion,126.9,358,Vehicle-To-Home (V2H),1.2,92533.56,Silver,Switzerland,2,0.0,4.0,22,4,0,Premium ($80K–$110K),2.821,258.47,Medium,2035738.3199999998,Mid (2019-2021)
Jeep,Wrangler 4xe (PHEV),2018,Nickel-Manganese-Cobalt,72.3,325,Battery Swapping,5.8,118158.64,Matte Blue,Canada,0,0.0,3.0,11076,3,0,Luxury (>$110K),4.495,363.57,High,1308725096.64,Early (2015-2018)
Citroen,ë-C4,2024,Calcium-Ion,108.5,457,Mobile Charging,11.8,96149.9,Tan,Turkey,5,0.0,5.0,1455,3,1,Premium ($80K–$110K),4.212,210.39,High,139898104.5,Recent (2022-2025)
Vinfast,VF 8,2016,Sodium-Ion,87.7,213,Inductive (Wireless) Charging,3.0,45722.66,Matte White,Indonesia,5,0.0,3.0,16895,4,0,Budget (<$50K),2.429,214.66,Low,772484340.7,Early (2015-2018)
Rimac,Nevera,2015,Nickel-Metal Hydride,96.2,502,Vehicle-To-Load (V2L),2.7,92238.99,Yellow,Germany,3,0.0,4.0,3102,5,1,Premium ($80K–$110K),5.218,183.74,High,286125346.98,Early (2015-2018)
Hyundai,Ioniq 6,2023,Lithium-Ion,70.0,568,Dc Fast Charging (Dcfc),7.4,102910.26,Navy Blue,Israel,3,0.0,5.0,12244,3,1,Premium ($80K–$110K),8.114,181.18,Top,1260033223.4399998,Recent (2022-2025)
Fisker,Pear (upcoming),2016,Zinc-Air,32.3,516,Ultra-Fast Charging (350 Kw+),10.1,99166.6,Matte White,Malaysia,3,0.0,3.0,15827,3,1,Premium ($80K–$110K),15.975,192.18,Top,1569509778.2,Early (2015-2018)
Maserati,Grecale Folgore,2025,Lithium-Sulfur,99.3,175,Inductive (Wireless) Charging,8.6,120145.63,Rose Gold,United Arab Emirates,2,0.0,5.0,3323,5,0,Luxury (>$110K),1.762,686.55,Low,399243928.49,Recent (2022-2025)
Zeekr,Zeekr 001,2017,Zinc-Air,48.6,516,Chademo,1.4,53365.59,Matte Green,Brazil,1,0.0,4.0,1354,5,1,Mid ($50K–$80K),10.617,103.42,Top,72257008.86,Early (2015-2018)
Bmw,iX,2022,Calcium-Ion,107.9,579,Vehicle-To-Load (V2L),6.2,92658.04,Teal,India,3,0.0,4.0,13088,3,1,Premium ($80K–$110K),5.366,160.03,High,1212708427.52,Recent (2022-2025)
Audi,e-tron GT,2021,Magnesium-Ion,146.9,167,Level 2 Charging,8.0,140022.0,Beige,Israel,2,0.0,4.0,3057,3,0,Luxury (>$110K),1.137,838.46,Low,428047254.0,Mid (2019-2021)
Jaguar,I-PACE,2023,Nickel-Cobalt-Aluminum,26.2,429,Dc Fast Charging (Dcfc),6.7,137906.09,Lime Green,Italy,5,0.0,5.0,19945,3,1,Luxury (>$110K),16.374,321.46,Top,2750536965.0499997,Recent (2022-2025)
Lucid Motors,Lucid Air,2017,Sodium-Ion,66.4,547,Vehicle-To-Load (V2L),7.2,139833.04,Blue,Vietnam,1,0.0,5.0,11168,5,1,Luxury (>$110K),8.238,255.64,Top,1561655390.72,Early (2015-2018)
Zeekr,Zeekr 001,2015,Aluminum-Ion,95.7,298,Ccs,7.1,78547.36,Matte Gray,South Korea,2,0.0,3.0,4619,3,0,Mid ($50K–$80K),3.114,263.58,Medium,362810255.84,Early (2015-2018)
Rivian,R1S,2015,Lead-Acid,35.9,502,Battery Swapping,9.4,142970.97,Matte Gray,Usa,5,0.0,3.0,17731,5,1,Luxury (>$110K),13.983,284.8,Top,2535018269.07,Early (2015-2018)
Audi,A6 e-tron (upcoming),2022,Aluminum-Ion,33.3,119,Ultra-Fast Charging (350 Kw+),3.6,97670.76,Gold,Portugal,2,0.0,5.0,10892,5,0,Premium ($80K–$110K),3.574,820.76,Medium,1063829917.92,Recent (2022-2025)
Chevrolet,Silverado EV,2017,Lithium-Titanate,142.8,234,Mobile Charging,5.1,101294.52,Crimson Red,Finland,2,0.0,4.0,8450,3,0,Premium ($80K–$110K),1.639,432.88,Low,855938694.0,Early (2015-2018)
Cadillac,Celestiq,2016,Lithium-Sulfur,38.6,416,Level 1 Charging,3.8,73090.41,Ruby Red,Malaysia,1,0.0,5.0,17486,4,1,Mid ($50K–$80K),10.777,175.7,Top,1278058909.26,Early (2015-2018)
Changan,Deepal S07,2021,Zinc-Air,31.1,407,Overhead Pantograph Charging,2.7,41487.15,Rose Gold,Czech Republic,4,0.0,4.0,9617,5,1,Budget (<$50K),13.087,101.93,Top,398981921.55,Mid (2019-2021)
Dacia,Bigster EV (upcoming),2023,Sodium-Ion,95.7,107,Chademo,11.6,145431.6,Beige,Italy,3,0.0,4.0,12787,4,0,Luxury (>$110K),1.118,1359.17,Low,1859633869.2,Recent (2022-2025)
Volkswagen,ID.2all,2023,Nickel-Cobalt-Aluminum,76.6,493,Inductive (Wireless) Charging,4.0,92651.21,Bronze,Thailand,4,0.0,5.0,13535,4,1,Premium ($80K–$110K),6.436,187.93,High,1254034127.3500001,Recent (2022-2025)
Genesis,GV60,2016,Nickel-Cobalt-Aluminum,68.0,180,Vehicle-To-Load (V2L),9.1,128582.41,Copper,Japan,2,0.0,3.0,6759,3,0,Luxury (>$110K),2.647,714.35,Medium,869088509.19,Early (2015-2018)
Dacia,Jogger Hybrid,2020,Nickel-Metal Hydride,55.6,592,Inductive (Wireless) Charging,4.4,70988.53,Racing Red,India,0,0.0,5.0,10122,5,1,Mid ($50K–$80K),10.647,119.91,Top,718545900.66,Mid (2019-2021)
Nio,ET7,2022,Nickel-Metal Hydride,34.0,589,Level 2 Charging,4.4,48023.85,Emerald Green,Argentina,1,0.0,3.0,3900,5,1,Budget (<$50K),17.324,81.53,Top,187293015.0,Recent (2022-2025)
Toyota,Lexus RZ,2021,Lithium-Ion,62.8,591,Ultra-Fast Charging (350 Kw+),3.8,47929.64,Charcoal,Italy,5,0.0,3.0,18961,4,1,Budget (<$50K),9.411,81.1,Top,908793904.04,Mid (2019-2021)
Honda,Honda e (discontinued),2018,Lithium-Titanate,34.2,516,Battery Swapping,11.0,106881.03,Red,Portugal,4,0.0,3.0,8691,5,1,Premium ($80K–$110K),15.088,207.13,Top,928903031.73,Early (2015-2018)
Faraday Future,FF 91,2025,Calcium-Ion,102.6,548,Vehicle-To-Load (V2L),7.3,95278.98,Ice Silver,Poland,3,0.0,4.0,17396,3,1,Premium ($80K–$110K),5.341,173.87,High,1657473136.08,Recent (2022-2025)
Volvo,XC40 Recharge,2018,Nickel-Manganese-Cobalt,101.0,389,Dc Fast Charging (Dcfc),6.3,108377.23,Silver,Singapore,2,0.0,4.0,17017,5,0,Premium ($80K–$110K),3.851,278.6,Medium,1844255322.9099998,Early (2015-2018)
Citroen,ë-Spacetourer,2018,Flow Batteries,63.2,358,Vehicle-To-Load (V2L),5.7,63868.89,Teal,Italy,5,0.0,5.0,4708,3,0,Mid ($50K–$80K),5.665,178.4,High,300694734.12,Early (2015-2018)
Peugeot,e-5008,2025,Nickel-Metal Hydride,60.9,251,Nacs,2.0,68631.57,Purple,Canada,3,0.0,5.0,6113,5,0,Mid ($50K–$80K),4.122,273.43,High,419544787.41,Recent (2022-2025)
Nissan,Ariya,2015,Lithium-Iron Phosphate,52.7,287,Ultra-Fast Charging (350 Kw+),6.9,93272.08,Graphite Gray,New Zealand,2,0.0,4.0,12414,5,0,Premium ($80K–$110K),5.446,324.99,High,1157879601.1200001,Early (2015-2018)
Chevrolet,Equinox EV,2017,Lead-Acid,91.0,353,Solar Charging,4.2,113555.61,Graphite Gray,Malaysia,3,0.0,4.0,15487,4,0,Luxury (>$110K),3.879,321.69,Medium,1758635732.07,Early (2015-2018)
Rivian,R1T,2025,Calcium-Ion,126.8,466,Plug-In Hydrogen Refueling,6.9,102501.27,Yellow,Argentina,5,0.0,5.0,1129,4,1,Premium ($80K–$110K),3.675,219.96,Medium,115723933.83,Recent (2022-2025)
Mazda,MX-30,2019,Magnesium-Ion,144.1,212,Level 1 Charging,7.8,44613.74,Cobalt Blue,India,3,0.0,5.0,19578,4,0,Budget (<$50K),1.471,210.44,Low,873447801.7199999,Mid (2019-2021)
Subaru,Solterra,2022,Lithium-Sulfur,55.3,204,Inductive (Wireless) Charging,1.3,125483.6,Rose Gold,New Zealand,3,0.0,3.0,7441,3,0,Luxury (>$110K),3.689,615.12,Medium,933723467.6,Recent (2022-2025)
Toyota,Lexus UX 300e,2022,Nickel-Metal Hydride,100.9,531,Vehicle-To-Home (V2H),0.8,33018.07,Silver,Switzerland,2,0.0,5.0,16263,4,1,Budget (<$50K),5.263,62.18,High,536972872.41,Recent (2022-2025)
Peugeot,e-3008,2023,Lithium-Titanate,73.7,135,Dc Fast Charging (Dcfc),10.1,87139.51,Cream,South Korea,1,0.0,3.0,16355,5,0,Premium ($80K–$110K),1.832,645.48,Low,1425166686.05,Recent (2022-2025)
Honda,e:Ny1,2022,Nickel-Cobalt-Aluminum,147.1,212,Chademo,6.1,64615.92,Silver,Switzerland,1,0.0,5.0,10534,4,0,Mid ($50K–$80K),1.441,304.79,Low,680664101.28,Recent (2022-2025)
Lamborghini,Revuelto (PHEV),2022,Lithium-Ion,57.7,205,Ccs,11.8,117820.3,Racing Red,South Africa,3,0.0,4.0,16265,4,0,Luxury (>$110K),3.553,574.73,Medium,1916347179.5,Recent (2022-2025)
Tesla,Model Y,2015,Lithium-Iron Phosphate,72.3,310,Overhead Pantograph Charging,5.1,30447.82,Candy Apple Red,India,1,0.0,3.0,3936,3,0,Budget (<$50K),4.288,98.22,High,119842619.52,Early (2015-2018)
Vinfast,VFe34 (discontinued),2017,Solid-State,95.5,575,Inductive (Wireless) Charging,10.4,90413.44,Matte White,Netherlands,2,0.0,4.0,7061,5,1,Premium ($80K–$110K),6.021,157.24,High,638409299.84,Early (2015-2018)
Rivian,R1T,2015,Aluminum-Ion,58.9,498,Overhead Pantograph Charging,7.9,149796.0,Brown,Singapore,0,0.0,4.0,1063,4,1,Luxury (>$110K),8.455,300.8,Top,159233148.0,Early (2015-2018)
Maserati,GranTurismo Folgore,2018,Solid-State,43.6,229,Battery Swapping,2.9,70806.21,Cobalt Blue,Portugal,4,0.0,5.0,10134,4,0,Mid ($50K–$80K),5.252,309.2,High,717550132.1400001,Early (2015-2018)
Fisker,Ocean,2017,Lithium-Sulfur,43.6,114,Plug-In Hydrogen Refueling,9.1,86121.91,Sky Blue,Uk,5,0.0,5.0,7389,4,0,Premium ($80K–$110K),2.615,755.46,Medium,636354792.99,Early (2015-2018)
Honda,Honda e (discontinued),2023,Solid-State,30.8,310,Mobile Charging,7.2,141085.96,Racing Red,United Arab Emirates,5,0.0,3.0,2400,5,0,Luxury (>$110K),10.065,455.12,Top,338606304.0,Recent (2022-2025)
Polestar,Polestar 5 (upcoming),2024,Magnesium-Ion,45.7,153,Inductive (Wireless) Charging,9.3,79213.58,Ice Silver,Thailand,3,0.0,4.0,17028,4,0,Mid ($50K–$80K),3.348,517.74,Medium,1348848840.24,Recent (2022-2025)
Great Wall Motors,ORA Lightning Cat,2020,Zinc-Air,47.2,503,Vehicle-To-Grid (V2G),1.3,130013.9,Magenta,Uk,4,0.0,5.0,769,5,1,Luxury (>$110K),10.657,258.48,Top,99980689.1,Mid (2019-2021)
Genesis,GV80 Electric,2017,Nickel-Cobalt-Aluminum,122.3,537,Chademo,2.7,102936.67,White,Russia,0,0.0,4.0,3079,3,1,Premium ($80K–$110K),4.391,191.69,High,316942006.93,Early (2015-2018)
Hyundai,Ioniq 5,2024,Solid-State,63.5,369,Level 1 Charging,4.0,52011.44,Metallic Silver,Indonesia,3,0.0,4.0,19170,5,0,Mid ($50K–$80K),5.811,140.95,High,997059304.8000001,Recent (2022-2025)
Tesla,Model S,2015,Calcium-Ion,114.4,586,Plug-In Hydrogen Refueling,1.6,142052.3,Navy Blue,Spain,5,0.0,5.0,19752,5,1,Luxury (>$110K),5.122,242.41,High,2805817029.6,Early (2015-2018)
Hyundai,Ioniq 6,2022,Lithium-Iron Phosphate,88.9,572,Level 1 Charging,4.9,103571.63,Matte Green,India,1,0.0,3.0,19137,5,1,Premium ($80K–$110K),6.434,181.07,High,1982050283.3100002,Recent (2022-2025)
Xpeng,P7,2015,Magnesium-Ion,43.6,199,Vehicle-To-Home (V2H),2.6,66666.32,Sky Blue,Norway,3,0.0,5.0,14379,3,0,Mid ($50K–$80K),4.564,335.01,High,958595015.2800001,Early (2015-2018)
Toyota,Lexus RZ,2024,Nickel-Manganese-Cobalt,33.5,532,Overhead Pantograph Charging,4.7,111842.89,Sapphire Blue,Denmark,3,0.0,5.0,10998,4,1,Luxury (>$110K),15.881,210.23,Top,1230048104.22,Recent (2022-2025)
Skoda,Elroq (upcoming),2016,Calcium-Ion,145.5,446,Vehicle-To-Load (V2L),2.9,127004.94,Volcanic Yellow,Indonesia,3,0.0,4.0,13313,5,1,Luxury (>$110K),3.065,284.76,Medium,1690816766.22,Early (2015-2018)
Lamborghini,Lanzador (upcoming EV),2016,Lithium-Ion,140.6,368,Mobile Charging,8.2,86913.93,Teal,Turkey,3,0.0,5.0,9612,3,0,Premium ($80K–$110K),2.617,236.18,Medium,835416695.16,Early (2015-2018)
Seat,Avenger,2021,Lithium-Sulfur,55.3,354,Level 2 Charging,2.4,54091.75,Champagne,Thailand,5,0.0,4.0,19481,4,0,Mid ($50K–$80K),6.401,152.8,High,1053761381.75,Mid (2019-2021)
Faraday Future,FF 91,2020,Lead-Acid,77.8,479,Plug-In Hydrogen Refueling,4.9,61113.95,Matte Blue,Spain,5,0.0,5.0,7818,4,1,Mid ($50K–$80K),6.157,127.59,High,477788861.09999996,Mid (2019-2021)
Geely,Geometry C,2020,Flow Batteries,24.7,426,Chademo,3.4,122958.34,Forest Green,Malaysia,4,0.0,4.0,17177,5,1,Luxury (>$110K),17.247,288.63,Top,2112055406.1799998,Mid (2019-2021)
Xpeng,G9,2018,Flow Batteries,101.1,270,Level 1 Charging,3.2,126567.54,Teal,Portugal,0,0.0,3.0,12274,3,0,Luxury (>$110K),2.671,468.77,Medium,1553489985.96,Early (2015-2018)
Maserati,Grecale Folgore,2018,Lithium-Titanate,89.4,573,Plug-In Hydrogen Refueling,7.2,52383.56,Gun Metal,Canada,4,0.0,5.0,1405,5,1,Mid ($50K–$80K),6.409,91.42,High,73598901.8,Early (2015-2018)
Toyota,bZ4X,2022,Lithium-Iron Phosphate,79.6,128,Battery Swapping,1.5,30156.95,Beige,Switzerland,5,0.0,4.0,3386,3,0,Budget (<$50K),1.608,235.6,Low,102111432.7,Recent (2022-2025)
Faraday Future,FF 91,2021,Sodium-Ion,87.1,545,Vehicle-To-Home (V2H),7.8,81825.75,Metallic Silver,Czech Republic,3,0.0,5.0,12913,4,1,Premium ($80K–$110K),6.257,150.14,High,1056615909.75,Mid (2019-2021)
Peugeot,e-208,2018,Lithium-Iron Phosphate,130.6,587,Chademo,10.9,53587.92,Burgundy,Singapore,2,0.0,3.0,18860,4,1,Mid ($50K–$80K),4.495,91.29,High,1010668171.1999999,Early (2015-2018)
Canoo,Lifestyle Vehicle,2015,Aluminum-Ion,31.5,191,Vehicle-To-Load (V2L),5.5,87952.65,Matte White,Canada,4,0.0,5.0,8597,5,0,Premium ($80K–$110K),6.063,460.49,High,756128932.05,Early (2015-2018)
Changan,Deepal S07,2024,Flow Batteries,81.0,365,Inductive (Wireless) Charging,12.0,133565.05,Black,Vietnam,3,0.0,4.0,12163,4,0,Luxury (>$110K),4.506,365.93,High,1624551703.1499999,Recent (2022-2025)
Dacia,Bigster EV (upcoming),2023,Zinc-Air,47.3,274,Level 1 Charging,11.4,139354.17,Lime Green,Norway,1,0.0,4.0,13221,5,0,Luxury (>$110K),5.793,508.59,High,1842401481.5700002,Recent (2022-2025)
Great Wall Motors,ORA Lightning Cat,2021,Magnesium-Ion,81.2,346,Dc Fast Charging (Dcfc),7.8,139716.3,Matte White,Canada,4,0.0,4.0,3108,3,0,Luxury (>$110K),4.261,403.8,High,434238260.4,Mid (2019-2021)
Ferrari,SF90 Stradale (PHEV),2017,Lithium-Iron Phosphate,84.0,229,Overhead Pantograph Charging,7.4,100589.96,Magenta,France,1,0.0,4.0,16401,4,0,Premium ($80K–$110K),2.726,439.26,Medium,1649775933.96,Early (2015-2018)
Tesla,Model X,2023,Magnesium-Ion,147.3,350,Dc Fast Charging (Dcfc),9.2,105356.22,Stealth Gray,Thailand,2,0.0,4.0,14002,4,0,Premium ($80K–$110K),2.376,301.02,Low,1475197792.44,Recent (2022-2025)
Chevrolet,Silverado EV,2015,Nickel-Manganese-Cobalt,88.6,489,Solar Charging,5.6,117690.13,Graphite Gray,Denmark,1,0.0,4.0,15153,3,1,Luxury (>$110K),5.519,240.68,High,1783358539.89,Early (2015-2018)
Zeekr,Zeekr 009,2025,Lithium-Sulfur,109.7,103,Solar Charging,10.6,104422.93,Aurora Blue,Norway,4,0.0,4.0,18156,5,0,Premium ($80K–$110K),0.939,1013.81,Low,1895902717.08,Recent (2022-2025)
Polestar,Polestar 5 (upcoming),2019,Lithium-Iron Phosphate,116.1,142,Vehicle-To-Grid (V2G),6.2,92310.89,Racing Red,Finland,2,0.0,3.0,18049,5,0,Premium ($80K–$110K),1.223,650.08,Low,1666119253.61,Mid (2019-2021)
Mini,Mini Aceman,2020,Lithium-Titanate,96.4,112,Inductive (Wireless) Charging,12.0,146606.13,Silver,Australia,2,0.0,4.0,5063,4,0,Luxury (>$110K),1.162,1308.98,Low,742266836.19,Mid (2019-2021)
Gmc,Hummer EV Pickup,2016,Lithium-Titanate,67.0,205,Level 2 Charging,10.8,102846.2,Gun Metal,Finland,1,0.0,3.0,8057,4,0,Premium ($80K–$110K),3.06,501.69,Medium,828631833.4,Early (2015-2018)
Xpeng,G9,2019,Lithium-Ion,147.2,115,Vehicle-To-Home (V2H),7.4,101180.23,Cobalt Blue,Brazil,0,0.0,3.0,5352,3,0,Premium ($80K–$110K),0.781,879.83,Low,541516590.9599999,Mid (2019-2021)
Jaguar,I-PACE,2025,Zinc-Air,66.4,147,Mobile Charging,0.6,65064.75,Metallic Silver,Uk,4,0.0,4.0,12599,5,0,Mid ($50K–$80K),2.214,442.62,Low,819750785.25,Recent (2022-2025)
Volkswagen,ID.2all,2015,Lithium-Sulfur,88.7,163,Level 2 Charging,7.0,139205.71,Blue,Brazil,2,0.0,5.0,11760,4,0,Luxury (>$110K),1.838,854.02,Low,1637059149.6,Early (2015-2018)
Citroen,ë-Spacetourer,2024,Nickel-Manganese-Cobalt,135.0,400,Chademo,3.6,116002.81,Emerald Green,Hungary,0,0.0,4.0,5138,4,1,Luxury (>$110K),2.963,290.01,Medium,596022437.78,Recent (2022-2025)
Ford,F-150 Lightning,2023,Calcium-Ion,38.0,577,Battery Swapping,10.3,100425.79,Yellow,Turkey,2,0.0,4.0,17297,5,1,Premium ($80K–$110K),15.184,174.05,Top,1737064889.6299999,Recent (2022-2025)
Mini,Mini Aceman,2016,Sodium-Ion,137.7,402,Level 2 Charging,3.3,142423.23,Orange,Singapore,5,0.0,4.0,8578,5,1,Luxury (>$110K),2.919,354.29,Medium,1221706466.94,Early (2015-2018)
Mg,MG ES5,2021,Solid-State,107.8,273,Level 1 Charging,10.0,121464.84,Graphite Gray,United Arab Emirates,5,0.0,4.0,997,5,0,Luxury (>$110K),2.532,444.93,Low,121100445.47999999,Mid (2019-2021)
Ferrari,SF90 Stradale (PHEV),2025,Lithium-Sulfur,57.5,464,Solar Charging,1.0,140094.0,Black,Malaysia,3,0.0,4.0,19704,5,1,Luxury (>$110K),8.07,301.93,Top,2760412176.0,Recent (2022-2025)
Faraday Future,FF 91,2020,Calcium-Ion,63.2,361,Dc Fast Charging (Dcfc),10.4,90934.75,Cosmic Purple,Italy,3,0.0,4.0,14811,5,0,Premium ($80K–$110K),5.712,251.9,High,1346834582.25,Mid (2019-2021)
Mahindra,Born Electric (upcoming range),2019,Sodium-Ion,94.7,192,Overhead Pantograph Charging,3.8,114964.73,Gray,Switzerland,1,0.0,3.0,15811,5,0,Luxury (>$110K),2.027,598.77,Low,1817707346.03,Mid (2019-2021)
Great Wall Motors,ORA Ballet Cat,2015,Lithium-Ion,84.1,463,Solar Charging,10.6,137124.88,Gun Metal,Czech Republic,2,0.0,4.0,8688,5,1,Luxury (>$110K),5.505,296.17,High,1191340957.44,Early (2015-2018)
Kia,EV9,2021,Nickel-Metal Hydride,45.7,388,Mobile Charging,9.6,109078.92,Champagne,Canada,2,0.0,3.0,5529,4,0,Premium ($80K–$110K),8.49,281.13,Top,603097348.68,Mid (2019-2021)
Zeekr,Zeekr 007,2019,Zinc-Air,115.5,110,Plug-In Hydrogen Refueling,4.0,123868.61,Navy Blue,Sweden,5,0.0,3.0,9274,4,0,Luxury (>$110K),0.952,1126.08,Low,1148757489.14,Mid (2019-2021)
Jaguar,I-PACE,2019,Solid-State,84.5,575,Level 2 Charging,1.1,63950.12,Turquoise,Mexico,2,0.0,4.0,11912,4,1,Mid ($50K–$80K),6.805,111.22,Top,761773829.44,Mid (2019-2021)
Faraday Future,FF 91,2016,Nickel-Cobalt-Aluminum,149.0,589,Inductive (Wireless) Charging,2.8,125319.84,Lime Green,New Zealand,3,0.0,4.0,11669,3,1,Luxury (>$110K),3.953,212.77,Medium,1462357212.96,Early (2015-2018)
Subaru,Solterra,2015,Lead-Acid,74.3,467,Level 2 Charging,3.9,39534.92,Green,Argentina,5,0.0,3.0,3063,5,1,Budget (<$50K),6.285,84.66,High,121095459.96,Early (2015-2018)
Dacia,Bigster EV (upcoming),2024,Lithium-Iron Phosphate,49.0,384,Plug-In Hydrogen Refueling,10.7,123412.37,Sapphire Blue,Belgium,5,0.0,4.0,18866,5,0,Luxury (>$110K),7.837,321.39,Top,2328297772.42,Recent (2022-2025)
Mg,MG5 EV,2025,Flow Batteries,23.2,145,Level 2 Charging,4.7,124806.63,Matte Gray,Denmark,0,0.0,3.0,1432,3,0,Luxury (>$110K),6.25,860.74,High,178723094.16,Recent (2022-2025)
Xpeng,G9,2015,Lithium-Ion,99.4,197,Ultra-Fast Charging (350 Kw+),8.6,142851.72,Brown,Belgium,0,0.0,4.0,7739,5,0,Luxury (>$110K),1.982,725.14,Low,1105529461.08,Early (2015-2018)
Lamborghini,Lanzador (upcoming EV),2023,Nickel-Metal Hydride,142.7,587,Dc Fast Charging (Dcfc),6.9,103792.59,Matte Black,Poland,3,0.0,4.0,14837,4,1,Premium ($80K–$110K),4.114,176.82,High,1539970657.83,Recent (2022-2025)
Xpeng,G6,2019,Aluminum-Ion,129.6,169,Level 1 Charging,6.8,65877.32,Ice Silver,Uk,1,0.0,4.0,15752,4,0,Mid ($50K–$80K),1.304,389.81,Low,1037699544.6400001,Mid (2019-2021)
Ford,Explorer EV (Europe),2019,Lithium-Sulfur,130.3,231,Vehicle-To-Home (V2H),8.0,53294.93,Sky Blue,Netherlands,4,0.0,4.0,19460,5,0,Mid ($50K–$80K),1.773,230.71,Low,1037119337.8,Mid (2019-2021)
Rimac,Nevera,2025,Lithium-Titanate,91.5,327,Solar Charging,3.6,97977.4,Magenta,India,5,0.0,4.0,12583,5,0,Premium ($80K–$110K),3.574,299.63,Medium,1232849624.1999998,Recent (2022-2025)
Rivian,EDV (Electric Delivery Van),2024,Lithium-Titanate,63.5,147,Mobile Charging,4.3,82459.49,Magenta,Sweden,2,0.0,4.0,19114,3,0,Premium ($80K–$110K),2.315,560.95,Low,1576130691.8600001,Recent (2022-2025)
Lamborghini,Lanzador (upcoming EV),2019,Magnesium-Ion,144.2,298,Plug-In Hydrogen Refueling,5.3,149519.96,Matte Black,China,0,0.0,3.0,18892,3,0,Luxury (>$110K),2.067,501.74,Low,2824731084.3199997,Mid (2019-2021)
Polestar,Polestar 3,2019,Nickel-Cobalt-Aluminum,92.8,170,Nacs,10.9,57186.77,Electric Blue,Austria,4,0.0,4.0,12674,5,0,Mid ($50K–$80K),1.832,336.39,Low,724785122.9799999,Mid (2019-2021)
Dacia,Jogger Hybrid,2018,Lead-Acid,73.8,570,Solar Charging,8.6,148723.04,Purple,Russia,0,0.0,4.0,19140,4,1,Luxury (>$110K),7.724,260.92,Top,2846558985.6000004,Early (2015-2018)
Skoda,Enyaq Coupe,2025,Magnesium-Ion,78.4,304,Overhead Pantograph Charging,10.0,85244.97,Beige,United Arab Emirates,0,0.0,5.0,4317,4,0,Premium ($80K–$110K),3.878,280.41,Medium,368002535.49,Recent (2022-2025)
Acura,ZDX (with GM Ultium),2025,Nickel-Cobalt-Aluminum,53.9,230,Battery Swapping,3.0,79707.73,Crimson Red,Netherlands,2,0.0,4.0,11636,3,0,Mid ($50K–$80K),4.267,346.56,High,927479146.28,Recent (2022-2025)
Honda,Honda Prologue,2017,Lithium-Ion,28.0,177,Dc Fast Charging (Dcfc),11.8,91212.19,Candy Apple Red,Spain,0,0.0,3.0,10675,3,0,Premium ($80K–$110K),6.321,515.32,High,973690128.25,Early (2015-2018)
Acura,ZDX (with GM Ultium),2024,Lead-Acid,65.2,583,Level 1 Charging,9.8,79061.75,Emerald Green,France,2,0.0,3.0,17806,3,1,Mid ($50K–$80K),8.942,135.61,Top,1407773520.5,Recent (2022-2025)
Acura,ZDX (with GM Ultium),2018,Aluminum-Ion,44.1,195,Vehicle-To-Load (V2L),10.8,79290.79,Electric Blue,Norway,5,0.0,4.0,4222,3,0,Mid ($50K–$80K),4.422,406.62,High,334765715.38,Early (2015-2018)
Rivian,EDV (Electric Delivery Van),2016,Lithium-Ion,72.3,571,Dc Fast Charging (Dcfc),9.0,88927.87,Silver,Argentina,4,0.0,4.0,9682,5,1,Premium ($80K–$110K),7.898,155.74,Top,860999637.3399999,Early (2015-2018)
Opel,Mokka-e,2020,Zinc-Air,97.8,270,Chademo,5.9,114394.86,Teal,Finland,0,0.0,3.0,10372,5,0,Luxury (>$110K),2.761,423.68,Medium,1186503487.92,Mid (2019-2021)
Canoo,Lifestyle Vehicle,2015,Lithium-Sulfur,142.5,103,Vehicle-To-Load (V2L),6.0,137621.99,Volcanic Yellow,Argentina,3,0.0,4.0,19508,3,0,Luxury (>$110K),0.723,1336.14,Low,2684729780.9199996,Early (2015-2018)
Volkswagen,ID.3,2021,Lead-Acid,96.4,247,Mobile Charging,9.7,54139.95,Sunset Orange,Canada,3,0.0,3.0,9287,3,0,Mid ($50K–$80K),2.562,219.19,Low,502797715.65,Mid (2019-2021)
Hyundai,Ioniq 5,2022,Lithium-Sulfur,52.4,144,Nacs,5.3,79348.02,Cream,Japan,1,0.0,4.0,11133,5,0,Mid ($50K–$80K),2.748,551.03,Medium,883381506.6600001,Recent (2022-2025)
Nissan,Ariya,2017,Lithium-Sulfur,79.0,269,Mobile Charging,2.2,84828.34,Gray,South Korea,3,0.0,3.0,4717,4,0,Premium ($80K–$110K),3.405,315.35,Medium,400135279.78,Early (2015-2018)
Renault,Scenic E-Tech,2016,Lithium-Ion,21.0,591,Overhead Pantograph Charging,10.9,131455.05,Sky Blue,Vietnam,0,0.0,4.0,15150,3,1,Luxury (>$110K),28.143,222.43,Top,1991544007.4999998,Early (2015-2018)
Opel,Corsa-e,2017,Solid-State,110.7,146,Plug-In Hydrogen Refueling,5.7,112578.73,Metallic Silver,Norway,2,0.0,3.0,7580,3,0,Luxury (>$110K),1.319,771.09,Low,853346773.4,Early (2015-2018)
Acura,ZDX (with GM Ultium),2019,Lead-Acid,56.6,398,Mobile Charging,11.6,134504.74,Tan,Mexico,0,0.0,3.0,4760,3,0,Luxury (>$110K),7.032,337.95,Top,640242562.4,Mid (2019-2021)
Dacia,Jogger Hybrid,2015,Nickel-Metal Hydride,55.3,302,Battery Swapping,5.2,93398.47,Pink,Mexico,4,0.0,4.0,2255,5,0,Premium ($80K–$110K),5.461,309.27,High,210613549.85,Early (2015-2018)
Audi,Q4 e-tron,2019,Lead-Acid,85.6,498,Mobile Charging,1.6,102815.01,Metallic Silver,Czech Republic,2,0.0,4.0,6654,3,1,Premium ($80K–$110K),5.818,206.46,High,684131076.54,Mid (2019-2021)
Tesla,Model X,2022,Lithium-Titanate,120.4,458,Solar Charging,2.7,114066.87,Blue,Usa,4,0.0,4.0,7644,4,1,Luxury (>$110K),3.804,249.05,Medium,871927154.28,Recent (2022-2025)
Geely,Geometry A,2025,Flow Batteries,39.1,502,Vehicle-To-Home (V2H),0.6,145998.83,Bronze,Malaysia,3,0.0,5.0,5558,5,1,Luxury (>$110K),12.839,290.83,Top,811461497.14,Recent (2022-2025)
Skoda,Enyaq,2018,Aluminum-Ion,138.5,519,Vehicle-To-Load (V2L),1.6,107033.26,Rose Gold,Saudi Arabia,4,0.0,4.0,12287,3,1,Premium ($80K–$110K),3.747,206.23,Medium,1315117665.62,Early (2015-2018)
Fisker,Ocean,2022,Lithium-Titanate,50.8,452,Ultra-Fast Charging (350 Kw+),0.9,114173.39,Blue,Brazil,4,0.0,5.0,6199,3,1,Luxury (>$110K),8.898,252.6,Top,707760844.61,Recent (2022-2025)
Dacia,Jogger Hybrid,2022,Zinc-Air,47.5,555,Plug-In Hydrogen Refueling,3.8,89948.12,Matte Black,Ireland,2,0.0,4.0,11481,5,1,Premium ($80K–$110K),11.684,162.07,Top,1032694365.7199999,Recent (2022-2025)
Dacia,Bigster EV (upcoming),2020,Calcium-Ion,39.4,478,Mobile Charging,7.1,141767.49,Turquoise,Australia,3,0.0,4.0,12080,3,1,Luxury (>$110K),12.132,296.58,Top,1712551279.1999998,Mid (2019-2021)
Ferrari,Roma PHEV,2021,Nickel-Metal Hydride,133.0,340,Mobile Charging,5.4,108306.36,Volcanic Yellow,Norway,4,0.0,3.0,4216,5,0,Premium ($80K–$110K),2.556,318.55,Low,456619613.76,Mid (2019-2021)
Mini,Mini Cooper SE,2016,Solid-State,92.9,362,Level 1 Charging,9.0,33166.75,Gun Metal,Austria,0,0.0,4.0,9120,5,0,Budget (<$50K),3.897,91.62,Medium,302480760.0,Early (2015-2018)
Tesla,Cybertruck,2016,Flow Batteries,80.8,125,Inductive (Wireless) Charging,11.9,89951.3,Cream,Netherlands,2,0.0,5.0,17166,4,0,Premium ($80K–$110K),1.547,719.61,Low,1544104015.8,Early (2015-2018)
Changan,Deepal S07,2022,Magnesium-Ion,26.5,242,Vehicle-To-Home (V2H),2.0,76283.66,Gray,France,3,0.0,5.0,19657,4,0,Mid ($50K–$80K),9.132,315.22,Top,1499507904.6200001,Recent (2022-2025)
Subaru,Solterra,2015,Nickel-Manganese-Cobalt,78.4,425,Mobile Charging,11.6,73442.04,Ice Silver,Singapore,4,0.0,4.0,3936,3,1,Mid ($50K–$80K),5.421,172.8,High,289067869.44,Early (2015-2018)
Byd,Dolphin,2018,Calcium-Ion,140.6,526,Vehicle-To-Home (V2H),9.7,117672.84,Burgundy,Finland,0,0.0,4.0,15301,5,1,Luxury (>$110K),3.741,223.71,Medium,1800512124.84,Early (2015-2018)
Toyota,Lexus UX 300e,2023,Nickel-Cobalt-Aluminum,103.1,196,Overhead Pantograph Charging,6.7,96119.61,Volcanic Yellow,Canada,3,0.0,4.0,16355,4,0,Premium ($80K–$110K),1.901,490.41,Low,1572036221.55,Recent (2022-2025)
Cadillac,Lyriq,2020,Calcium-Ion,148.0,575,Mobile Charging,8.0,66827.39,Matte White,Belgium,4,0.0,3.0,5814,4,1,Mid ($50K–$80K),3.885,116.22,Medium,388534445.46,Mid (2019-2021)
Ford,Mustang Mach-E,2016,Zinc-Air,46.0,456,Plug-In Hydrogen Refueling,10.8,81094.29,Matte Green,Canada,3,0.0,3.0,18631,4,1,Premium ($80K–$110K),9.913,177.84,Top,1510867716.9899998,Early (2015-2018)
Jeep,Grand Cherokee 4xe (PHEV),2018,Sodium-Ion,51.1,119,Inductive (Wireless) Charging,7.7,59437.88,Matte Gray,New Zealand,0,0.0,3.0,16895,5,0,Mid ($50K–$80K),2.329,499.48,Low,1004202982.5999999,Early (2015-2018)
Renault,Kangoo E-Tech,2020,Lithium-Iron Phosphate,50.6,531,Mobile Charging,2.5,112745.51,Blue,Italy,2,0.0,4.0,15730,5,1,Luxury (>$110K),10.494,212.33,Top,1773486872.3,Mid (2019-2021)
Jaguar,I-PACE,2017,Lead-Acid,40.5,402,Inductive (Wireless) Charging,3.8,74206.78,Candy Apple Red,Austria,1,0.0,3.0,2710,4,1,Mid ($50K–$80K),9.926,184.59,Top,201100373.79999998,Early (2015-2018)
Genesis,G80 Electric,2023,Nickel-Cobalt-Aluminum,63.6,577,Level 1 Charging,9.6,98118.96,Bronze,Malaysia,5,0.0,4.0,16218,5,1,Premium ($80K–$110K),9.072,170.05,Top,1591293293.2800002,Recent (2022-2025)
Great Wall Motors,ORA Ballet Cat,2016,Nickel-Manganese-Cobalt,59.1,137,Chademo,8.2,55401.95,Ruby Red,Hungary,1,0.0,3.0,10827,4,0,Mid ($50K–$80K),2.318,404.39,Low,599836912.65,Early (2015-2018)
Fisker,Ocean,2024,Nickel-Metal Hydride,137.0,335,Nacs,1.1,62600.87,Silver,Denmark,5,0.0,4.0,13687,3,0,Mid ($50K–$80K),2.445,186.87,Low,856818107.69,Recent (2022-2025)
Gmc,Hummer EV SUV,2018,Lithium-Iron Phosphate,95.0,308,Plug-In Hydrogen Refueling,10.7,124918.98,White,South Africa,2,0.0,4.0,7465,5,0,Luxury (>$110K),3.242,405.58,Medium,932520185.6999999,Early (2015-2018)
Genesis,GV80 Electric,2019,Magnesium-Ion,33.8,502,Dc Fast Charging (Dcfc),0.7,47508.83,Champagne,Israel,4,0.0,5.0,4923,3,1,Budget (<$50K),14.852,94.64,Top,233885970.09,Mid (2019-2021)
Tesla,Model S,2023,Magnesium-Ion,29.2,379,Vehicle-To-Grid (V2G),7.5,142567.83,Ruby Red,Canada,1,0.0,5.0,8041,4,0,Luxury (>$110K),12.979,376.17,Top,1146387921.03,Recent (2022-2025)
Geely,Geometry C,2018,Lead-Acid,59.9,357,Dc Fast Charging (Dcfc),1.7,68994.09,Champagne,Japan,2,0.0,5.0,3031,4,0,Mid ($50K–$80K),5.96,193.26,High,209121086.79,Early (2015-2018)
Mazda,MX-30,2021,Nickel-Metal Hydride,59.2,581,Mobile Charging,10.9,64059.88,Pearl White,Usa,0,0.0,4.0,12759,5,1,Mid ($50K–$80K),9.814,110.26,Top,817340008.92,Mid (2019-2021)
Dacia,Jogger Hybrid,2017,Flow Batteries,52.5,245,Level 1 Charging,6.1,133211.58,Stealth Gray,Malaysia,2,0.0,3.0,11158,4,0,Luxury (>$110K),4.667,543.72,High,1486374809.6399999,Early (2015-2018)
Great Wall Motors,ORA Ballet Cat,2015,Lithium-Titanate,106.1,313,Level 2 Charging,9.7,59980.24,Matte Green,South Africa,0,0.0,4.0,3550,4,0,Mid ($50K–$80K),2.95,191.63,Medium,212929852.0,Early (2015-2018)
Lucid Motors,Lucid Gravity,2017,Solid-State,53.8,490,Dc Fast Charging (Dcfc),9.0,30054.61,Pearl White,Netherlands,0,0.0,4.0,16862,3,1,Budget (<$50K),9.108,61.34,Top,506780833.82,Early (2015-2018)
Cadillac,Celestiq,2021,Lithium-Sulfur,106.4,143,Mobile Charging,3.6,53009.4,Sky Blue,Denmark,2,0.0,4.0,16970,4,0,Mid ($50K–$80K),1.344,370.7,Low,899569518.0,Mid (2019-2021)
Cadillac,Lyriq,2020,Aluminum-Ion,76.0,488,Mobile Charging,6.8,82709.38,Sapphire Blue,France,5,0.0,3.0,10787,3,1,Premium ($80K–$110K),6.421,169.49,High,892186082.0600001,Mid (2019-2021)
Peugeot,e-3008,2024,Nickel-Metal Hydride,42.1,516,Ccs,7.9,42317.28,Copper,Netherlands,4,0.0,3.0,9314,3,1,Budget (<$50K),12.257,82.01,Top,394143145.92,Recent (2022-2025)
Citroen,ë-C4,2018,Calcium-Ion,86.7,285,Plug-In Hydrogen Refueling,10.9,99729.71,Matte Blue,Canada,1,0.0,3.0,5317,5,0,Premium ($80K–$110K),3.287,349.93,Medium,530262868.07000005,Early (2015-2018)
Nissan,Leaf,2022,Lithium-Sulfur,135.7,177,Level 2 Charging,7.6,90730.65,Magenta,Poland,4,0.0,4.0,11927,5,0,Premium ($80K–$110K),1.304,512.6,Low,1082144462.55,Recent (2022-2025)
Subaru,Solterra,2023,Nickel-Metal Hydride,80.2,581,Ccs,3.3,76270.21,Lime Green,Hungary,0,0.0,4.0,18897,3,1,Mid ($50K–$80K),7.244,131.27,Top,1441278158.3700001,Recent (2022-2025)
Rimac,Nevera,2017,Lithium-Titanate,34.8,435,Level 1 Charging,10.8,41804.87,Blue,South Africa,1,0.0,5.0,5597,3,1,Budget (<$50K),12.5,96.1,Top,233981857.39000002,Early (2015-2018)
Mazda,MX-30,2023,Lithium-Sulfur,141.4,598,Level 1 Charging,8.9,47706.18,Volcanic Yellow,Spain,3,0.0,4.0,7952,3,1,Budget (<$50K),4.229,79.78,High,379359543.36,Recent (2022-2025)
Tesla,Model 3,2020,Lithium-Iron Phosphate,141.8,595,Battery Swapping,2.3,94427.56,Candy Apple Red,Japan,3,0.0,3.0,6484,5,1,Premium ($80K–$110K),4.196,158.7,High,612268299.04,Mid (2019-2021)
Acura,ZDX (with GM Ultium),2025,Lithium-Titanate,138.3,318,Plug-In Hydrogen Refueling,11.0,66286.07,Matte White,Russia,1,0.0,4.0,5848,4,0,Mid ($50K–$80K),2.299,208.45,Low,387640937.36,Recent (2022-2025)
Seat,Avenger,2015,Lithium-Iron Phosphate,128.2,457,Level 2 Charging,10.6,74444.51,Red,Germany,4,0.0,3.0,9294,4,1,Mid ($50K–$80K),3.565,162.9,Medium,691887275.9399999,Early (2015-2018)
Faraday Future,FF 91,2020,Lithium-Sulfur,43.8,277,Solar Charging,10.7,82424.16,Cobalt Blue,Saudi Arabia,1,0.0,4.0,7665,5,0,Premium ($80K–$110K),6.324,297.56,High,631781186.4,Mid (2019-2021)
Lamborghini,Lanzador (upcoming EV),2017,Lithium-Iron Phosphate,92.2,152,Nacs,9.6,91354.71,Metallic Silver,India,5,0.0,4.0,17998,5,0,Premium ($80K–$110K),1.649,601.02,Low,1644202070.5800002,Early (2015-2018)
Zeekr,Zeekr 001,2022,Aluminum-Ion,147.9,570,Level 2 Charging,3.7,108085.62,Crimson Red,Brazil,3,0.0,5.0,19729,4,1,Premium ($80K–$110K),3.854,189.62,Medium,2132421196.98,Recent (2022-2025)
Jeep,Grand Cherokee 4xe (PHEV),2016,Calcium-Ion,30.5,318,Nacs,8.3,108096.08,Purple,Belgium,3,0.0,4.0,108,4,0,Premium ($80K–$110K),10.426,339.92,Top,11674376.64,Early (2015-2018)
Great Wall Motors,ORA Lightning Cat,2015,Lithium-Titanate,92.6,570,Solar Charging,7.0,109034.7,Sapphire Blue,Finland,3,0.0,4.0,16533,4,1,Premium ($80K–$110K),6.156,191.29,High,1802670695.1,Early (2015-2018)
Dacia,Bigster EV (upcoming),2017,Magnesium-Ion,29.2,379,Level 1 Charging,9.8,139434.33,Teal,China,2,0.0,4.0,5613,3,0,Luxury (>$110K),12.979,367.9,Top,782644894.29,Early (2015-2018)
Byd,Atto 3,2020,Sodium-Ion,33.1,518,Inductive (Wireless) Charging,8.6,119099.52,Sapphire Blue,China,0,0.0,5.0,11612,3,1,Luxury (>$110K),15.65,229.92,Top,1382983626.24,Mid (2019-2021)
Peugeot,e-208,2015,Zinc-Air,73.4,258,Mobile Charging,1.7,57647.1,Cobalt Blue,Vietnam,2,0.0,4.0,10983,5,0,Mid ($50K–$80K),3.515,223.44,Medium,633138099.3,Early (2015-2018)
Nissan,Ariya,2016,Nickel-Manganese-Cobalt,50.9,552,Chademo,2.1,61297.78,Tan,Russia,3,0.0,5.0,6511,5,1,Mid ($50K–$80K),10.845,111.05,Top,399109845.58,Early (2015-2018)
Porsche,Macan EV,2025,Calcium-Ion,90.8,171,Dc Fast Charging (Dcfc),5.6,136421.16,Matte Black,Finland,4,0.0,4.0,14520,5,0,Luxury (>$110K),1.883,797.78,Low,1980835243.2,Recent (2022-2025)
Skoda,Elroq (upcoming),2020,Aluminum-Ion,38.1,520,Ccs,1.3,49347.77,Racing Red,Hungary,3,0.0,3.0,2304,3,1,Budget (<$50K),13.648,94.9,Top,113697262.08,Mid (2019-2021)
Subaru,Solterra,2018,Solid-State,136.7,373,Plug-In Hydrogen Refueling,2.4,58888.54,Platinum,Vietnam,2,0.0,4.0,863,3,0,Mid ($50K–$80K),2.729,157.88,Medium,50820810.02,Early (2015-2018)
Polestar,Polestar 2,2023,Magnesium-Ion,22.4,460,Vehicle-To-Grid (V2G),3.9,144220.2,Cosmic Purple,Uk,0,0.0,4.0,2483,5,1,Luxury (>$110K),20.536,313.52,Top,358098756.6,Recent (2022-2025)
Honda,e:Ny1,2023,Solid-State,78.2,168,Battery Swapping,11.7,37521.74,Emerald Green,United Arab Emirates,3,0.0,3.0,2104,4,0,Budget (<$50K),2.148,223.34,Low,78945740.96,Recent (2022-2025)
Ferrari,Ferrari EV (2025+),2024,Nickel-Manganese-Cobalt,132.0,537,Level 1 Charging,2.9,45403.1,Black,Portugal,2,0.0,5.0,6715,4,1,Budget (<$50K),4.068,84.55,Medium,304881816.5,Recent (2022-2025)
Subaru,Solterra,2016,Lithium-Ion,73.5,133,Level 2 Charging,9.8,65307.45,Cream,Usa,3,0.0,3.0,7681,4,0,Mid ($50K–$80K),1.81,491.03,Low,501626523.45,Early (2015-2018)
Byd,Seal,2022,Zinc-Air,59.4,124,Vehicle-To-Load (V2L),9.2,149820.78,Sky Blue,Italy,4,0.0,5.0,15212,3,0,Luxury (>$110K),2.088,1208.23,Low,2279073705.36,Recent (2022-2025)
Mini,Mini Electric,2022,Nickel-Cobalt-Aluminum,123.3,139,Vehicle-To-Load (V2L),8.7,138746.77,Platinum,Australia,3,0.0,3.0,7134,5,0,Luxury (>$110K),1.127,998.18,Low,989819457.18,Recent (2022-2025)
Great Wall Motors,ORA Lightning Cat,2025,Solid-State,36.7,209,Dc Fast Charging (Dcfc),6.6,98851.29,Sapphire Blue,Australia,1,0.0,3.0,1272,4,0,Premium ($80K–$110K),5.695,472.97,High,125738840.88,Recent (2022-2025)
Byd,Han EV,2024,Lithium-Sulfur,61.5,478,Vehicle-To-Grid (V2G),11.2,127018.54,Green,Australia,1,0.0,5.0,1003,4,1,Luxury (>$110K),7.772,265.73,Top,127399595.61999999,Recent (2022-2025)
Jeep,Recon (upcoming),2019,Lithium-Titanate,108.1,226,Ccs,4.5,88135.2,Purple,Turkey,1,0.0,5.0,10659,3,0,Premium ($80K–$110K),2.091,389.98,Low,939433096.8,Mid (2019-2021)
Mini,Mini Cooper SE,2017,Lithium-Ion,67.0,242,Solar Charging,7.4,122064.88,Matte Blue,Norway,5,0.0,4.0,7467,5,0,Luxury (>$110K),3.612,504.4,Medium,911458458.96,Early (2015-2018)
Rimac,Nevera,2022,Lithium-Ion,38.2,127,Vehicle-To-Home (V2H),11.6,38964.41,Teal,Denmark,5,0.0,4.0,11349,4,0,Budget (<$50K),3.325,306.81,Medium,442207089.09000003,Recent (2022-2025)
Skoda,Elroq (upcoming),2020,Lithium-Titanate,63.8,212,Mobile Charging,3.6,142436.39,Rose Gold,Japan,4,0.0,4.0,15334,5,0,Luxury (>$110K),3.323,671.87,Medium,2184119604.26,Mid (2019-2021)
Mg,MG4 Electric,2025,Lithium-Titanate,136.7,169,Ccs,9.3,33754.03,Silver,Australia,5,0.0,3.0,10169,4,0,Budget (<$50K),1.236,199.73,Low,343244731.07,Recent (2022-2025)
Citroen,ë-C4,2016,Magnesium-Ion,42.6,306,Ccs,8.4,74047.32,Champagne,Saudi Arabia,2,0.0,5.0,10178,5,0,Mid ($50K–$80K),7.183,241.98,Top,753653622.96,Early (2015-2018)
Zeekr,Zeekr 007,2022,Solid-State,87.8,231,Battery Swapping,2.2,82008.44,Navy Blue,Czech Republic,3,0.0,5.0,13579,4,0,Premium ($80K–$110K),2.631,355.01,Medium,1113592606.76,Recent (2022-2025)
Hyundai,Kona Electric,2015,Solid-State,85.3,338,Level 1 Charging,3.2,48843.62,Sunset Orange,South Korea,5,0.0,3.0,15190,3,0,Budget (<$50K),3.962,144.51,Medium,741934587.8000001,Early (2015-2018)
Volkswagen,ID.5,2021,Flow Batteries,75.0,371,Vehicle-To-Load (V2L),8.1,60764.04,Cobalt Blue,South Korea,5,0.0,3.0,16823,3,0,Mid ($50K–$80K),4.947,163.78,High,1022233444.92,Mid (2019-2021)
Faraday Future,FF 91,2022,Zinc-Air,97.3,479,Chademo,3.5,130977.7,Pearl White,Czech Republic,2,0.0,5.0,6279,3,1,Luxury (>$110K),4.923,273.44,High,822408978.3,Recent (2022-2025)
Hyundai,Ioniq 7 (upcoming),2019,Lithium-Iron Phosphate,37.7,142,Battery Swapping,11.1,112720.77,Platinum,Argentina,3,0.0,4.0,19486,3,0,Luxury (>$110K),3.767,793.81,Medium,2196476924.2200003,Mid (2019-2021)
Canoo,Pickup,2015,Lithium-Ion,51.9,223,Vehicle-To-Home (V2H),3.6,117460.47,Charcoal,Brazil,5,0.0,4.0,10833,3,0,Luxury (>$110K),4.297,526.73,High,1272449271.51,Early (2015-2018)
Nio,ET9,2020,Solid-State,133.8,443,Chademo,2.9,38764.74,Pink,Spain,3,0.0,3.0,4505,3,1,Budget (<$50K),3.311,87.51,Medium,174635153.7,Mid (2019-2021)
Nio,ET5,2022,Solid-State,52.2,305,Inductive (Wireless) Charging,1.1,33965.83,Gray,Norway,3,0.0,5.0,13888,4,0,Budget (<$50K),5.843,111.36,High,471717447.04,Recent (2022-2025)
Genesis,GV70 Electric,2020,Calcium-Ion,46.0,235,Chademo,4.1,80930.41,Orange,Indonesia,3,0.0,5.0,18706,5,0,Premium ($80K–$110K),5.109,344.38,High,1513884249.46,Mid (2019-2021)
Gmc,Hummer EV SUV,2019,Lithium-Titanate,38.4,505,Dc Fast Charging (Dcfc),6.6,132122.22,Pink,Hungary,2,0.0,5.0,4169,5,1,Luxury (>$110K),13.151,261.63,Top,550817535.18,Mid (2019-2021)
Genesis,GV80 Electric,2015,Lead-Acid,33.8,535,Solar Charging,11.6,51956.69,Metallic Silver,Italy,4,0.0,4.0,16750,3,1,Mid ($50K–$80K),15.828,97.12,Top,870274557.5,Early (2015-2018)
Seat,Avenger,2025,Lithium-Titanate,141.3,270,Nacs,6.3,33631.18,Black,Russia,3,0.0,5.0,14780,3,0,Budget (<$50K),1.911,124.56,Low,497068840.4,Recent (2022-2025)
Byd,Seal,2019,Aluminum-Ion,37.1,192,Battery Swapping,8.6,86803.32,Champagne,New Zealand,2,0.0,5.0,8037,3,0,Premium ($80K–$110K),5.175,452.1,High,697638282.84,Mid (2019-2021)
Subaru,Solterra,2019,Magnesium-Ion,26.9,322,Level 1 Charging,4.9,93848.73,Graphite Gray,Italy,4,0.0,5.0,14990,4,0,Premium ($80K–$110K),11.97,291.46,Top,1406792462.7,Mid (2019-2021)
Faraday Future,FF 91,2018,Nickel-Manganese-Cobalt,80.1,216,Overhead Pantograph Charging,10.9,133841.24,Ruby Red,India,3,0.0,4.0,798,4,0,Luxury (>$110K),2.697,619.64,Medium,106805309.52,Early (2015-2018)
Mercedes-Benz,EQE SUV,2019,Magnesium-Ion,147.1,474,Inductive (Wireless) Charging,7.4,35222.81,Stealth Gray,Vietnam,3,0.0,3.0,4631,5,1,Budget (<$50K),3.222,74.31,Medium,163116833.10999998,Mid (2019-2021)
Peugeot,e-3008,2022,Lithium-Ion,77.2,173,Plug-In Hydrogen Refueling,11.5,73268.27,Burgundy,France,2,0.0,3.0,7130,3,0,Mid ($50K–$80K),2.241,423.52,Low,522402765.1,Recent (2022-2025)
Byd,Han EV,2025,Calcium-Ion,50.0,448,Solar Charging,3.3,106154.57,Graphite Gray,South Africa,2,0.0,5.0,11714,3,1,Premium ($80K–$110K),8.96,236.95,Top,1243494632.98,Recent (2022-2025)
Skoda,Enyaq,2021,Solid-State,122.2,355,Battery Swapping,7.1,117109.05,Pink,Poland,5,0.0,4.0,14955,5,0,Luxury (>$110K),2.905,329.88,Medium,1751365842.75,Mid (2019-2021)
Mg,MG ZS EV,2017,Nickel-Manganese-Cobalt,114.3,471,Ccs,6.2,134889.82,Sky Blue,Sweden,0,0.0,3.0,9170,3,1,Luxury (>$110K),4.121,286.39,High,1236939649.4,Early (2015-2018)
Mercedes-Benz,EQB,2024,Lithium-Iron Phosphate,71.2,440,Chademo,6.0,42283.44,Tan,Portugal,5,0.0,4.0,12761,4,1,Budget (<$50K),6.18,96.1,High,539578977.84,Recent (2022-2025)
Mini,Mini Cooper SE,2016,Solid-State,41.2,293,Ultra-Fast Charging (350 Kw+),6.3,144840.21,Black,Brazil,3,0.0,3.0,17429,5,0,Luxury (>$110K),7.112,494.34,Top,2524420020.0899997,Early (2015-2018)
Cadillac,Lyriq,2015,Nickel-Manganese-Cobalt,120.7,249,Mobile Charging,7.3,50364.98,Matte Black,Italy,3,0.0,3.0,6759,5,0,Mid ($50K–$80K),2.063,202.27,Low,340416899.82,Early (2015-2018)
Rivian,R1S,2019,Lithium-Iron Phosphate,138.4,217,Vehicle-To-Home (V2H),2.7,124504.43,Cosmic Purple,Malaysia,1,0.0,5.0,6131,3,0,Luxury (>$110K),1.568,573.75,Low,763336660.3299999,Mid (2019-2021)
Canoo,Pickup,2016,Lithium-Ion,21.5,294,Level 1 Charging,6.1,120790.84,Red,Spain,5,0.0,5.0,17102,4,0,Luxury (>$110K),13.674,410.85,Top,2065764945.6799998,Early (2015-2018)
Ferrari,Ferrari EV (2025+),2021,Magnesium-Ion,140.4,275,Inductive (Wireless) Charging,10.6,38193.98,Teal,New Zealand,0,0.0,4.0,18605,5,0,Budget (<$50K),1.959,138.89,Low,710598997.9000001,Mid (2019-2021)
Lucid Motors,Lucid Air,2023,Nickel-Manganese-Cobalt,48.9,440,Overhead Pantograph Charging,1.1,104723.61,Titanium,Austria,1,0.0,4.0,6316,4,1,Premium ($80K–$110K),8.998,238.01,Top,661434320.76,Recent (2022-2025)
Hyundai,Ioniq 6,2023,Sodium-Ion,26.7,492,Nacs,8.4,84464.22,Turquoise,Ireland,5,0.0,5.0,607,3,1,Premium ($80K–$110K),18.427,171.68,Top,51269781.54,Recent (2022-2025)
Cadillac,Lyriq,2022,Nickel-Metal Hydride,42.5,387,Vehicle-To-Load (V2L),1.5,48794.65,Stealth Gray,Canada,2,0.0,5.0,10595,5,0,Budget (<$50K),9.106,126.08,Top,516979316.75,Recent (2022-2025)
Li Auto,L7,2017,Lithium-Iron Phosphate,47.3,516,Mobile Charging,9.8,138831.96,Sapphire Blue,South Africa,2,0.0,5.0,968,3,1,Luxury (>$110K),10.909,269.05,Top,134389337.28,Early (2015-2018)
Mercedes-Benz,EQB,2015,Calcium-Ion,141.7,369,Level 2 Charging,9.6,133646.9,Gun Metal,Czech Republic,3,0.0,5.0,9164,3,0,Luxury (>$110K),2.604,362.19,Medium,1224740191.6,Early (2015-2018)
Volvo,XC40 Recharge,2015,Nickel-Manganese-Cobalt,86.7,379,Vehicle-To-Grid (V2G),6.2,71945.83,Ice Silver,Russia,5,0.0,3.0,19257,4,0,Mid ($50K–$80K),4.371,189.83,High,1385460848.31,Early (2015-2018)
Ferrari,SF90 Stradale (PHEV),2019,Sodium-Ion,25.6,416,Vehicle-To-Home (V2H),2.5,59772.92,Tan,Finland,3,0.0,4.0,11112,3,1,Mid ($50K–$80K),16.25,143.68,Top,664196687.04,Mid (2019-2021)
Maserati,Grecale Folgore,2019,Magnesium-Ion,109.7,120,Solar Charging,9.6,140262.98,Ruby Red,United Arab Emirates,5,0.0,4.0,8495,4,0,Luxury (>$110K),1.094,1168.86,Low,1191534015.1000001,Mid (2019-2021)
Ford,Mustang Mach-E,2022,Aluminum-Ion,70.2,439,Inductive (Wireless) Charging,11.2,102572.9,Metallic Silver,Singapore,0,0.0,5.0,12375,4,1,Premium ($80K–$110K),6.254,233.65,High,1269339637.5,Recent (2022-2025)
Honda,e:Ny1,2022,Lead-Acid,136.3,386,Vehicle-To-Grid (V2G),7.0,118293.1,Ice Silver,Argentina,3,0.0,4.0,2819,3,0,Luxury (>$110K),2.832,306.46,Medium,333468248.90000004,Recent (2022-2025)
Xpeng,P5,2022,Flow Batteries,39.7,319,Solar Charging,11.4,90480.45,Sapphire Blue,Belgium,3,0.0,3.0,14893,4,0,Premium ($80K–$110K),8.035,283.64,Top,1347525341.85,Recent (2022-2025)
Bmw,i3,2017,Lithium-Sulfur,94.7,549,Ccs,5.5,61916.38,Sky Blue,Ireland,1,0.0,3.0,14370,5,1,Mid ($50K–$80K),5.797,112.78,High,889738380.5999999,Early (2015-2018)
Tesla,Model X,2022,Lithium-Ion,58.1,347,Inductive (Wireless) Charging,5.0,38192.66,Graphite Gray,Malaysia,4,0.0,5.0,19316,3,0,Budget (<$50K),5.972,110.07,High,737729420.5600001,Recent (2022-2025)
Citroen,ë-C4,2018,Flow Batteries,146.0,471,Nacs,5.9,55001.14,Pink,Russia,3,0.0,3.0,2371,3,1,Mid ($50K–$80K),3.226,116.78,Medium,130407702.94,Early (2015-2018)
Polestar,Polestar 2,2015,Lead-Acid,121.5,334,Overhead Pantograph Charging,9.6,43816.67,Crimson Red,Sweden,1,0.0,3.0,226,5,0,Budget (<$50K),2.749,131.19,Medium,9902567.42,Early (2015-2018)
Maserati,Grecale Folgore,2020,Aluminum-Ion,83.8,375,Inductive (Wireless) Charging,5.2,102689.87,Ice Silver,Switzerland,3,0.0,3.0,13292,4,0,Premium ($80K–$110K),4.475,273.84,High,1364953752.04,Mid (2019-2021)
Genesis,GV70 Electric,2017,Zinc-Air,87.0,322,Battery Swapping,7.6,111558.43,Rose Gold,Malaysia,3,0.0,4.0,16329,3,0,Luxury (>$110K),3.701,346.45,Medium,1821637603.4699998,Early (2015-2018)
Zeekr,Zeekr 001,2015,Nickel-Manganese-Cobalt,55.4,293,Ccs,10.1,124461.54,Forest Green,Malaysia,3,0.0,5.0,2599,5,0,Luxury (>$110K),5.289,424.78,High,323475542.46,Early (2015-2018)
Mini,Mini Cooper SE,2019,Aluminum-Ion,143.5,200,Plug-In Hydrogen Refueling,6.9,39893.78,Volcanic Yellow,India,5,0.0,3.0,11723,4,0,Budget (<$50K),1.394,199.47,Low,467674782.94,Mid (2019-2021)
Dacia,Bigster EV (upcoming),2019,Calcium-Ion,20.8,266,Battery Swapping,11.7,130000.81,Brown,Vietnam,3,0.0,5.0,16366,4,0,Luxury (>$110K),12.788,488.72,Top,2127593256.46,Mid (2019-2021)
Audi,Q4 e-tron,2017,Nickel-Manganese-Cobalt,85.8,551,Ultra-Fast Charging (350 Kw+),7.7,60083.11,Volcanic Yellow,Ireland,3,0.0,4.0,18741,3,1,Mid ($50K–$80K),6.422,109.04,High,1126017564.51,Early (2015-2018)
Hyundai,Ioniq 5,2017,Lithium-Iron Phosphate,112.8,395,Nacs,1.9,97582.43,Black,Usa,0,0.0,5.0,220,4,0,Premium ($80K–$110K),3.502,247.04,Medium,21468134.599999998,Early (2015-2018)
Dacia,Bigster EV (upcoming),2023,Lithium-Sulfur,140.0,279,Vehicle-To-Grid (V2G),5.7,125408.24,Red,Argentina,5,0.0,4.0,12447,4,0,Luxury (>$110K),1.993,449.49,Low,1560956363.28,Recent (2022-2025)
Tesla,Model X,2020,Nickel-Cobalt-Aluminum,91.2,528,Ultra-Fast Charging (350 Kw+),7.1,137033.17,Cream,Poland,5,0.0,5.0,14749,4,1,Luxury (>$110K),5.789,259.53,High,2021102224.3300002,Mid (2019-2021)
Byd,Dolphin,2021,Nickel-Cobalt-Aluminum,72.1,228,Vehicle-To-Load (V2L),11.7,35624.27,Teal,Italy,3,0.0,5.0,4576,5,0,Budget (<$50K),3.162,156.25,Medium,163016659.51999998,Mid (2019-2021)
Zeekr,Zeekr 009,2020,Aluminum-Ion,61.7,194,Dc Fast Charging (Dcfc),6.1,37442.77,Matte Green,Finland,3,0.0,5.0,15979,3,0,Budget (<$50K),3.144,193.0,Medium,598298021.8299999,Mid (2019-2021)
Changan,Deepal S07,2019,Lithium-Titanate,55.9,185,Level 1 Charging,5.5,112432.69,Matte Gray,Argentina,3,0.0,5.0,15316,5,0,Luxury (>$110K),3.309,607.74,Medium,1722019080.04,Mid (2019-2021)
Volvo,EX90,2025,Lithium-Sulfur,24.5,294,Vehicle-To-Load (V2L),2.1,79786.27,Brown,Denmark,1,0.0,4.0,8099,3,0,Mid ($50K–$80K),12.0,271.38,Top,646189000.73,Recent (2022-2025)
Lucid Motors,Lucid Air,2023,Lithium-Titanate,44.7,390,Ultra-Fast Charging (350 Kw+),3.3,32378.18,Green,France,4,0.0,4.0,11588,4,0,Budget (<$50K),8.725,83.02,Top,375198349.84,Recent (2022-2025)
Mg,MG5 EV,2020,Lead-Acid,84.8,290,Chademo,8.5,72657.5,Matte Green,Thailand,3,0.0,5.0,14990,4,0,Mid ($50K–$80K),3.42,250.54,Medium,1089135925.0,Mid (2019-2021)
Fisker,Pear (upcoming),2023,Lithium-Iron Phosphate,61.3,579,Vehicle-To-Home (V2H),11.5,135563.39,Metallic Silver,Turkey,0,0.0,4.0,13900,5,1,Luxury (>$110K),9.445,234.13,Top,1884331121.0000002,Recent (2022-2025)
Zeekr,Zeekr X,2025,Lithium-Iron Phosphate,125.0,377,Overhead Pantograph Charging,8.7,119345.97,Brown,Spain,3,0.0,4.0,12683,3,0,Luxury (>$110K),3.016,316.57,Medium,1513664937.51,Recent (2022-2025)
Seat,Avenger,2024,Zinc-Air,117.5,156,Vehicle-To-Grid (V2G),2.0,133285.39,Gun Metal,Poland,3,0.0,3.0,12888,5,0,Luxury (>$110K),1.328,854.39,Low,1717782106.3200002,Recent (2022-2025)
Maserati,GranTurismo Folgore,2017,Nickel-Cobalt-Aluminum,88.3,285,Ccs,6.1,100782.57,Metallic Silver,Vietnam,5,0.0,3.0,2964,3,0,Premium ($80K–$110K),3.228,353.62,Medium,298719537.48,Early (2015-2018)
Volkswagen,ID.Buzz,2022,Calcium-Ion,30.0,488,Level 2 Charging,8.3,149616.97,Purple,Italy,1,0.0,3.0,3304,3,1,Luxury (>$110K),16.267,306.59,Top,494334468.88,Recent (2022-2025)
Jaguar,I-PACE,2025,Solid-State,94.4,424,Battery Swapping,10.8,117721.16,Beige,Netherlands,5,0.0,3.0,1168,3,1,Luxury (>$110K),4.492,277.64,High,137498314.88,Recent (2022-2025)
Xpeng,G9,2021,Nickel-Cobalt-Aluminum,48.2,505,Ultra-Fast Charging (350 Kw+),7.4,148249.33,Teal,Japan,2,0.0,3.0,10585,3,1,Luxury (>$110K),10.477,293.56,Top,1569219158.05,Mid (2019-2021)
Skoda,Elroq (upcoming),2016,Lithium-Sulfur,21.9,127,Vehicle-To-Load (V2L),4.1,143327.97,Gun Metal,South Africa,0,0.0,3.0,4624,4,0,Luxury (>$110K),5.799,1128.57,High,662748533.28,Early (2015-2018)
Lotus,Emeya,2018,Magnesium-Ion,143.2,125,Vehicle-To-Load (V2L),3.7,31737.92,Racing Red,Ireland,1,0.0,5.0,18514,5,0,Budget (<$50K),0.873,253.9,Low,587595850.88,Early (2015-2018)
Vinfast,VF 9,2015,Nickel-Metal Hydride,54.4,102,Solar Charging,11.2,54265.4,Black,Finland,3,0.0,3.0,7720,5,0,Mid ($50K–$80K),1.875,532.01,Low,418928888.0,Early (2015-2018)
Pininfarina,Battista,2017,Magnesium-Ion,133.1,343,Ultra-Fast Charging (350 Kw+),6.1,72551.88,Gold,Malaysia,3,0.0,3.0,11060,4,0,Mid ($50K–$80K),2.577,211.52,Low,802423792.8000001,Early (2015-2018)
Subaru,Solterra,2019,Nickel-Manganese-Cobalt,141.9,192,Plug-In Hydrogen Refueling,5.2,42690.33,Sky Blue,Belgium,4,0.0,4.0,5873,4,0,Budget (<$50K),1.353,222.35,Low,250720308.09,Mid (2019-2021)
Dacia,Jogger Hybrid,2017,Solid-State,64.9,578,Ccs,2.9,60562.0,Rose Gold,Austria,4,0.0,5.0,17681,5,1,Mid ($50K–$80K),8.906,104.78,Top,1070796722.0,Early (2015-2018)
Genesis,GV80 Electric,2023,Nickel-Metal Hydride,135.9,515,Vehicle-To-Home (V2H),5.9,55826.21,Titanium,Singapore,3,0.0,3.0,7243,4,1,Mid ($50K–$80K),3.79,108.4,Medium,404349239.03,Recent (2022-2025)
Jaguar,I-PACE,2017,Nickel-Manganese-Cobalt,65.1,224,Overhead Pantograph Charging,4.1,110154.9,Green,Czech Republic,0,0.0,4.0,6126,3,0,Luxury (>$110K),3.441,491.76,Medium,674808917.4,Early (2015-2018)
Chevrolet,Silverado EV,2025,Lithium-Titanate,107.5,406,Dc Fast Charging (Dcfc),1.0,116056.97,Titanium,Spain,2,0.0,4.0,8224,3,1,Luxury (>$110K),3.777,285.85,Medium,954452521.28,Recent (2022-2025)
Canoo,Lifestyle Vehicle,2024,Magnesium-Ion,123.3,401,Dc Fast Charging (Dcfc),3.4,48757.21,Stealth Gray,Usa,3,0.0,4.0,13040,5,1,Budget (<$50K),3.252,121.59,Medium,635794018.4,Recent (2022-2025)
Mg,MG4 Electric,2020,Nickel-Metal Hydride,80.0,124,Vehicle-To-Home (V2H),11.1,68352.92,Aurora Blue,France,3,0.0,4.0,7144,3,0,Mid ($50K–$80K),1.55,551.23,Low,488313260.47999996,Mid (2019-2021)
Tesla,Model S,2024,Lithium-Ion,136.9,440,Vehicle-To-Grid (V2G),2.9,147056.35,Pink,Turkey,3,0.0,4.0,10836,4,1,Luxury (>$110K),3.214,334.22,Medium,1593502608.6000001,Recent (2022-2025)
Xpeng,G9,2023,Nickel-Cobalt-Aluminum,35.7,184,Solar Charging,11.6,108506.7,Forest Green,Czech Republic,3,0.0,5.0,9405,4,0,Premium ($80K–$110K),5.154,589.71,High,1020505513.5,Recent (2022-2025)
Fisker,Pear (upcoming),2023,Lithium-Sulfur,142.0,494,Dc Fast Charging (Dcfc),4.3,119827.74,Racing Red,Denmark,3,0.0,3.0,16864,4,1,Luxury (>$110K),3.479,242.57,Medium,2020775007.3600001,Recent (2022-2025)
Kia,EV9,2021,Zinc-Air,107.7,283,Overhead Pantograph Charging,11.0,79006.57,Burgundy,Indonesia,3,0.0,3.0,7173,4,0,Mid ($50K–$80K),2.628,279.18,Medium,566714126.61,Mid (2019-2021)
Peugeot,e-3008,2017,Nickel-Metal Hydride,94.0,302,Battery Swapping,6.4,106491.31,Green,Usa,1,0.0,3.0,8702,4,0,Premium ($80K–$110K),3.213,352.62,Medium,926687379.62,Early (2015-2018)
Fisker,Pear (upcoming),2024,Flow Batteries,67.9,468,Inductive (Wireless) Charging,5.7,45655.41,Champagne,Thailand,2,0.0,4.0,10056,3,1,Budget (<$50K),6.892,97.55,Top,459110802.96000004,Recent (2022-2025)
Bmw,iX,2024,Calcium-Ion,81.3,379,Dc Fast Charging (Dcfc),3.0,88402.77,Midnight Black,Israel,0,0.0,4.0,4869,4,0,Premium ($80K–$110K),4.662,233.25,High,430433087.13,Recent (2022-2025)
Mini,Mini Electric,2024,Nickel-Metal Hydride,41.6,426,Overhead Pantograph Charging,0.9,115955.9,Sky Blue,Poland,1,0.0,4.0,14172,5,1,Luxury (>$110K),10.24,272.2,Top,1643327014.8,Recent (2022-2025)
Genesis,GV80 Electric,2018,Zinc-Air,27.1,379,Vehicle-To-Home (V2H),6.7,55490.12,Lime Green,Czech Republic,3,0.0,3.0,14362,5,0,Mid ($50K–$80K),13.985,146.41,Top,796949103.44,Early (2015-2018)
Ford,E-Transit,2019,Nickel-Cobalt-Aluminum,76.0,300,Plug-In Hydrogen Refueling,7.5,112539.96,Crimson Red,Vietnam,0,0.0,4.0,6893,5,0,Luxury (>$110K),3.947,375.13,Medium,775737944.2800001,Mid (2019-2021)
Li Auto,L8,2025,Lithium-Titanate,66.3,473,Level 1 Charging,6.6,70246.83,Midnight Black,Mexico,3,0.0,3.0,12353,4,1,Mid ($50K–$80K),7.134,148.51,Top,867759090.99,Recent (2022-2025)
Ferrari,SF90 Stradale (PHEV),2018,Magnesium-Ion,138.7,173,Mobile Charging,5.7,127754.12,Champagne,Belgium,2,0.0,5.0,19848,5,0,Luxury (>$110K),1.247,738.46,Low,2535663773.7599998,Early (2015-2018)
Mercedes-Benz,G-Class Electric (upcoming),2015,Lithium-Titanate,108.7,339,Nacs,2.7,110636.88,Forest Green,Spain,3,0.0,4.0,3281,4,0,Luxury (>$110K),3.119,326.36,Medium,362999603.28000003,Early (2015-2018)
Cadillac,Optiq (upcoming),2021,Solid-State,91.1,293,Plug-In Hydrogen Refueling,2.4,127650.66,Beige,South Africa,3,0.0,3.0,8907,4,0,Luxury (>$110K),3.216,435.67,Medium,1136984428.6200001,Mid (2019-2021)
Cadillac,Celestiq,2015,Magnesium-Ion,52.0,578,Overhead Pantograph Charging,1.5,144849.17,Sapphire Blue,Hungary,0,0.0,3.0,18397,5,1,Luxury (>$110K),11.115,250.6,Top,2664790180.4900002,Early (2015-2018)
Volvo,C40 Recharge,2016,Lead-Acid,52.2,114,Ccs,5.0,118944.19,Bronze,New Zealand,0,0.0,3.0,16186,4,0,Luxury (>$110K),2.184,1043.37,Low,1925230659.3400002,Early (2015-2018)
Cadillac,Lyriq,2025,Zinc-Air,91.6,101,Dc Fast Charging (Dcfc),9.4,135198.93,Pearl White,Germany,3,0.0,4.0,5910,3,0,Luxury (>$110K),1.103,1338.6,Low,799025676.3,Recent (2022-2025)
Tesla,Roadster (upcoming),2017,Lithium-Iron Phosphate,95.4,286,Chademo,3.0,141381.68,Forest Green,Thailand,5,0.0,4.0,159,5,0,Luxury (>$110K),2.998,494.34,Medium,22479687.119999997,Early (2015-2018)
Lamborghini,Revuelto (PHEV),2016,Nickel-Metal Hydride,83.1,193,Ultra-Fast Charging (350 Kw+),1.9,101376.52,Brown,New Zealand,0,0.0,3.0,8024,3,0,Premium ($80K–$110K),2.323,525.27,Low,813445196.48,Early (2015-2018)
Mini,Mini Cooper SE,2022,Flow Batteries,61.6,562,Level 1 Charging,0.6,30684.38,Yellow,Israel,5,0.0,4.0,6965,3,1,Budget (<$50K),9.123,54.6,Top,213716706.70000002,Recent (2022-2025)
Mazda,Mazda EV (upcoming models),2023,Lithium-Iron Phosphate,53.4,211,Vehicle-To-Load (V2L),1.8,139577.44,Purple,Czech Republic,2,0.0,4.0,1919,5,0,Luxury (>$110K),3.951,661.5,Medium,267849107.36,Recent (2022-2025)
Seat,Avenger,2015,Nickel-Metal Hydride,82.7,372,Nacs,10.9,131251.93,Blue,Japan,5,0.0,3.0,17868,5,0,Luxury (>$110K),4.498,352.83,High,2345209485.24,Early (2015-2018)
Lucid Motors,Lucid Gravity,2025,Lithium-Titanate,93.8,158,Nacs,10.1,50127.75,Beige,Usa,3,0.0,3.0,5831,4,0,Mid ($50K–$80K),1.684,317.26,Low,292294910.25,Recent (2022-2025)
Seat,Avenger,2023,Lithium-Iron Phosphate,38.0,476,Overhead Pantograph Charging,2.6,84104.19,Pearl White,Argentina,3,0.0,3.0,7216,3,1,Premium ($80K–$110K),12.526,176.69,Top,606895835.04,Recent (2022-2025)
Kia,EV9,2022,Zinc-Air,65.0,248,Nacs,6.6,138642.8,Electric Blue,Netherlands,3,0.0,3.0,13136,4,0,Luxury (>$110K),3.815,559.04,Medium,1821211820.8,Recent (2022-2025)
Mg,MG ZS EV,2016,Magnesium-Ion,76.3,572,Vehicle-To-Home (V2H),9.6,119036.44,Tan,Italy,0,0.0,4.0,6186,5,1,Luxury (>$110K),7.497,208.11,Top,736359417.84,Early (2015-2018)
Xpeng,G9,2017,Nickel-Cobalt-Aluminum,77.5,499,Level 1 Charging,2.5,34895.5,Matte Green,Poland,3,0.0,4.0,6839,5,1,Budget (<$50K),6.439,69.93,High,238650324.5,Early (2015-2018)
Nissan,Ariya,2025,Lithium-Ion,66.9,201,Dc Fast Charging (Dcfc),7.5,63721.43,Red,South Korea,0,0.0,3.0,17288,4,0,Mid ($50K–$80K),3.004,317.02,Medium,1101616081.84,Recent (2022-2025)
Mg,MG5 EV,2017,Lead-Acid,57.9,575,Vehicle-To-Load (V2L),5.6,57922.19,Champagne,Turkey,3,0.0,4.0,227,5,1,Mid ($50K–$80K),9.931,100.73,Top,13148337.13,Early (2015-2018)
Genesis,GV70 Electric,2015,Flow Batteries,78.4,239,Solar Charging,10.1,70769.1,Graphite Gray,Austria,5,0.0,4.0,5354,4,0,Mid ($50K–$80K),3.048,296.11,Medium,378897761.40000004,Early (2015-2018)
Mercedes-Benz,G-Class Electric (upcoming),2025,Zinc-Air,147.6,224,Chademo,6.8,97764.94,Orange,United Arab Emirates,1,0.0,3.0,2071,3,0,Premium ($80K–$110K),1.518,436.45,Low,202471190.74,Recent (2022-2025)
Honda,e:Ny1,2021,Aluminum-Ion,45.4,296,Level 1 Charging,1.3,104154.12,Silver,Argentina,3,0.0,3.0,2167,5,0,Premium ($80K–$110K),6.52,351.87,High,225701978.04,Mid (2019-2021)
Great Wall Motors,ORA Ballet Cat,2019,Calcium-Ion,143.6,510,Dc Fast Charging (Dcfc),8.8,85306.59,Lime Green,Thailand,2,0.0,5.0,14274,5,1,Premium ($80K–$110K),3.552,167.27,Medium,1217666265.6599998,Mid (2019-2021)
Lamborghini,Lanzador (upcoming EV),2018,Flow Batteries,105.5,183,Battery Swapping,10.0,83739.72,Lime Green,Ireland,3,0.0,3.0,8075,5,0,Premium ($80K–$110K),1.735,457.59,Low,676198239.0,Early (2015-2018)
Mini,Mini Aceman,2016,Zinc-Air,28.1,163,Ccs,12.0,143859.7,Bronze,Mexico,3,0.0,4.0,13634,3,0,Luxury (>$110K),5.801,882.57,High,1961383149.8000002,Early (2015-2018)
Jeep,Wagoneer S,2017,Lithium-Sulfur,93.4,477,Level 1 Charging,1.6,34681.26,Charcoal,France,2,0.0,4.0,15292,3,1,Budget (<$50K),5.107,72.71,High,530345827.92,Early (2015-2018)
Volkswagen,ID.4,2025,Lithium-Iron Phosphate,92.2,228,Overhead Pantograph Charging,11.5,66640.04,Graphite Gray,Netherlands,5,0.0,5.0,4874,3,0,Mid ($50K–$80K),2.473,292.28,Low,324803554.96,Recent (2022-2025)
Gmc,Hummer EV SUV,2025,Zinc-Air,103.8,193,Battery Swapping,6.5,96675.45,Burgundy,Belgium,4,0.0,3.0,19912,3,0,Premium ($80K–$110K),1.859,500.91,Low,1925001560.3999999,Recent (2022-2025)
Rivian,EDV (Electric Delivery Van),2020,Lithium-Titanate,81.4,450,Level 1 Charging,2.4,138136.99,Black,Finland,4,0.0,5.0,19871,5,1,Luxury (>$110K),5.528,306.97,High,2744920128.29,Mid (2019-2021)
Subaru,Solterra,2019,Lead-Acid,57.2,169,Vehicle-To-Home (V2H),3.4,96868.41,Purple,Thailand,2,0.0,3.0,18123,5,0,Premium ($80K–$110K),2.955,573.19,Medium,1755546194.43,Mid (2019-2021)
Lamborghini,Lanzador (upcoming EV),2025,Nickel-Manganese-Cobalt,72.7,503,Chademo,5.9,70018.84,Crimson Red,Belgium,0,0.0,3.0,3419,4,1,Mid ($50K–$80K),6.919,139.2,Top,239394413.95999998,Recent (2022-2025)
Zeekr,Zeekr X,2018,Lithium-Sulfur,121.3,159,Battery Swapping,8.4,45983.11,Turquoise,Thailand,2,0.0,3.0,13618,3,0,Budget (<$50K),1.311,289.2,Low,626197991.98,Early (2015-2018)
Xpeng,G6,2023,Lead-Acid,74.5,554,Inductive (Wireless) Charging,2.7,85124.41,Copper,Portugal,2,0.0,5.0,10042,3,1,Premium ($80K–$110K),7.436,153.65,Top,854819325.22,Recent (2022-2025)
Toyota,Lexus RZ,2017,Solid-State,30.1,339,Mobile Charging,3.5,99103.63,Copper,Singapore,5,0.0,3.0,18160,5,0,Premium ($80K–$110K),11.262,292.34,Top,1799721920.8000002,Early (2015-2018)
Dacia,Bigster EV (upcoming),2017,Calcium-Ion,101.3,253,Plug-In Hydrogen Refueling,3.2,43159.28,Turquoise,China,0,0.0,4.0,16092,5,0,Budget (<$50K),2.498,170.59,Low,694519133.76,Early (2015-2018)
Gmc,Hummer EV Pickup,2019,Flow Batteries,70.4,191,Vehicle-To-Home (V2H),2.5,82911.25,Electric Blue,Hungary,4,0.0,4.0,18675,3,0,Premium ($80K–$110K),2.713,434.09,Medium,1548367593.75,Mid (2019-2021)
Byd,Tang EV,2015,Lithium-Ion,80.4,514,Ccs,3.5,147788.67,Ruby Red,China,1,0.0,5.0,5813,5,1,Luxury (>$110K),6.393,287.53,High,859095538.71,Early (2015-2018)
Polestar,Polestar 2,2020,Nickel-Manganese-Cobalt,125.7,385,Nacs,3.5,118818.03,Red,Germany,0,0.0,4.0,7818,5,0,Luxury (>$110K),3.063,308.62,Medium,928919358.54,Mid (2019-2021)
Great Wall Motors,ORA Ballet Cat,2025,Flow Batteries,127.4,296,Nacs,4.0,119373.26,Platinum,China,5,0.0,5.0,19344,4,0,Luxury (>$110K),2.323,403.29,Low,2309156341.44,Recent (2022-2025)
Jaguar,I-PACE,2021,Magnesium-Ion,132.4,420,Vehicle-To-Grid (V2G),3.3,83504.87,Magenta,Ireland,3,0.0,3.0,17002,4,1,Premium ($80K–$110K),3.172,198.82,Medium,1419749799.74,Mid (2019-2021)
Cadillac,Optiq (upcoming),2025,Lithium-Ion,70.1,104,Vehicle-To-Grid (V2G),1.4,122729.19,Candy Apple Red,Uk,0,0.0,4.0,72,3,0,Luxury (>$110K),1.484,1180.09,Low,8836501.68,Recent (2022-2025)
Renault,5 E-Tech,2016,Nickel-Cobalt-Aluminum,25.7,565,Battery Swapping,9.3,52469.57,Aurora Blue,Netherlands,4,0.0,5.0,7432,5,1,Mid ($50K–$80K),21.984,92.87,Top,389953844.24,Early (2015-2018)
Volkswagen,ID.3,2017,Lithium-Ion,92.0,554,Dc Fast Charging (Dcfc),3.5,114241.95,Matte Gray,Czech Republic,3,0.0,4.0,12475,5,1,Luxury (>$110K),6.022,206.21,High,1425168326.25,Early (2015-2018)
Cadillac,Optiq (upcoming),2022,Lead-Acid,133.8,183,Level 2 Charging,11.2,107679.76,Copper,Uk,2,0.0,5.0,15587,3,0,Premium ($80K–$110K),1.368,588.41,Low,1678404419.12,Recent (2022-2025)
Mahindra,XUV400,2018,Lithium-Titanate,129.7,569,Vehicle-To-Grid (V2G),1.3,147570.67,Matte Blue,Argentina,5,0.0,5.0,19648,4,1,Luxury (>$110K),4.387,259.35,High,2899468524.1600003,Early (2015-2018)
Changan,Deepal S07,2025,Nickel-Manganese-Cobalt,110.7,209,Vehicle-To-Load (V2L),8.6,103056.52,Pearl White,Israel,2,0.0,4.0,19687,5,0,Premium ($80K–$110K),1.888,493.09,Low,2028873709.24,Recent (2022-2025)
Maserati,Grecale Folgore,2021,Nickel-Manganese-Cobalt,76.5,340,Solar Charging,8.8,41964.6,Turquoise,Israel,2,0.0,4.0,145,4,0,Budget (<$50K),4.444,123.43,High,6084867.0,Mid (2019-2021)
Canoo,Lifestyle Vehicle,2024,Lithium-Ion,146.8,274,Vehicle-To-Grid (V2G),9.0,134948.72,Matte Black,Brazil,5,0.0,4.0,13943,5,0,Luxury (>$110K),1.866,492.51,Low,1881590002.96,Recent (2022-2025)
Tesla,Cybertruck,2021,Lithium-Iron Phosphate,66.4,446,Vehicle-To-Home (V2H),10.9,77135.5,Champagne,Hungary,1,0.0,4.0,9534,3,1,Mid ($50K–$80K),6.717,172.95,Top,735409857.0,Mid (2019-2021)
Nio,ET9,2025,Nickel-Metal Hydride,69.4,529,Solar Charging,11.0,93167.64,Burgundy,Italy,2,0.0,4.0,11437,5,1,Premium ($80K–$110K),7.622,176.12,Top,1065558298.68,Recent (2022-2025)
Acura,ZDX (with GM Ultium),2020,Nickel-Cobalt-Aluminum,68.6,272,Nacs,9.7,106909.17,Aurora Blue,Australia,4,0.0,5.0,13675,5,0,Premium ($80K–$110K),3.965,393.05,Medium,1461982899.75,Mid (2019-2021)
Byd,Seal,2022,Aluminum-Ion,49.1,548,Battery Swapping,6.9,119938.14,Volcanic Yellow,Brazil,5,0.0,4.0,5588,4,1,Luxury (>$110K),11.161,218.87,Top,670214326.32,Recent (2022-2025)
Canoo,MPDV,2023,Calcium-Ion,57.8,334,Level 2 Charging,1.4,89012.86,Purple,Netherlands,3,0.0,3.0,8970,5,0,Premium ($80K–$110K),5.779,266.51,High,798445354.2,Recent (2022-2025)
Skoda,Enyaq Coupe,2020,Aluminum-Ion,41.1,502,Plug-In Hydrogen Refueling,6.2,111437.23,Matte Blue,Singapore,1,0.0,5.0,11122,4,1,Luxury (>$110K),12.214,221.99,Top,1239404872.06,Mid (2019-2021)
Chevrolet,Silverado EV,2015,Lithium-Ion,92.8,488,Dc Fast Charging (Dcfc),4.4,115739.84,Gray,Czech Republic,3,0.0,4.0,7254,5,1,Luxury (>$110K),5.259,237.17,High,839576799.36,Early (2015-2018)
Maserati,GranTurismo Folgore,2016,Lithium-Titanate,149.1,445,Vehicle-To-Load (V2L),4.8,59718.93,Pearl White,Finland,0,0.0,5.0,5491,3,1,Mid ($50K–$80K),2.985,134.2,Medium,327916644.63,Early (2015-2018)
Toyota,bZ4X,2023,Sodium-Ion,38.3,303,Ultra-Fast Charging (350 Kw+),2.9,136217.28,Red,China,3,0.0,3.0,17081,3,0,Luxury (>$110K),7.911,449.56,Top,2326727359.68,Recent (2022-2025)
Genesis,G80 Electric,2020,Zinc-Air,136.1,196,Inductive (Wireless) Charging,8.5,34928.02,Yellow,Finland,3,0.0,4.0,1581,3,0,Budget (<$50K),1.44,178.2,Low,55221199.62,Mid (2019-2021)
Lucid Motors,Lucid DreamDrive,2025,Lithium-Iron Phosphate,28.0,517,Overhead Pantograph Charging,3.9,40420.46,Ruby Red,Poland,5,0.0,5.0,5922,5,1,Budget (<$50K),18.464,78.18,Top,239369964.12,Recent (2022-2025)
Nissan,Leaf,2016,Lithium-Iron Phosphate,81.3,383,Level 2 Charging,8.9,112098.42,Red,Japan,3,0.0,4.0,16340,4,0,Luxury (>$110K),4.711,292.69,High,1831688182.8,Early (2015-2018)
Vinfast,VF 9,2022,Lithium-Iron Phosphate,130.9,275,Vehicle-To-Home (V2H),4.8,72849.66,Magenta,Mexico,0,0.0,5.0,3631,5,0,Mid ($50K–$80K),2.101,264.91,Low,264517115.46,Recent (2022-2025)
Pininfarina,Battista,2018,Sodium-Ion,120.3,469,Ccs,1.7,36062.63,Beige,Finland,2,0.0,3.0,17608,5,1,Budget (<$50K),3.899,76.89,Medium,634990789.04,Early (2015-2018)
Renault,5 E-Tech,2018,Lithium-Titanate,52.4,434,Dc Fast Charging (Dcfc),2.9,111445.8,Red,Poland,4,0.0,3.0,15221,3,1,Luxury (>$110K),8.282,256.79,Top,1696316521.8,Early (2015-2018)
Ford,Explorer EV (Europe),2019,Lithium-Ion,76.2,509,Vehicle-To-Grid (V2G),0.7,82801.97,Cosmic Purple,France,0,0.0,5.0,15647,4,1,Premium ($80K–$110K),6.68,162.68,High,1295602424.59,Mid (2019-2021)
Mercedes-Benz,EQS,2021,Lithium-Sulfur,93.1,225,Battery Swapping,8.1,84379.91,Titanium,Israel,0,0.0,4.0,18572,4,0,Premium ($80K–$110K),2.417,375.02,Low,1567103688.52,Mid (2019-2021)
Canoo,Pickup,2017,Sodium-Ion,41.8,117,Nacs,3.1,125712.83,Turquoise,Turkey,3,0.0,4.0,17897,3,0,Luxury (>$110K),2.799,1074.47,Medium,2249882518.51,Early (2015-2018)
Maserati,GranTurismo Folgore,2023,Magnesium-Ion,92.7,557,Dc Fast Charging (Dcfc),7.3,136840.62,Cosmic Purple,Israel,2,0.0,3.0,12585,5,1,Luxury (>$110K),6.009,245.67,High,1722139202.7,Recent (2022-2025)
Renault,Scenic E-Tech,2024,Zinc-Air,28.7,461,Battery Swapping,4.1,127979.96,Lime Green,Czech Republic,3,0.0,3.0,19142,3,1,Luxury (>$110K),16.063,277.61,Top,2449792394.32,Recent (2022-2025)
Nissan,Ariya,2016,Sodium-Ion,42.1,546,Chademo,11.8,135462.86,Racing Red,South Africa,4,0.0,3.0,2265,5,1,Luxury (>$110K),12.969,248.1,Top,306823377.9,Early (2015-2018)
Jeep,Recon (upcoming),2022,Zinc-Air,109.4,491,Level 2 Charging,1.9,112182.68,Beige,Malaysia,5,0.0,3.0,13877,4,1,Luxury (>$110K),4.488,228.48,High,1556759050.36,Recent (2022-2025)
Ford,E-Transit,2015,Lithium-Titanate,36.7,357,Level 1 Charging,1.2,112943.08,Lime Green,China,5,0.0,3.0,8842,5,0,Luxury (>$110K),9.728,316.37,Top,998642713.36,Early (2015-2018)
Zeekr,Zeekr 001,2025,Lithium-Iron Phosphate,33.8,150,Ultra-Fast Charging (350 Kw+),8.1,31509.22,Champagne,Israel,5,0.0,4.0,11470,4,0,Budget (<$50K),4.438,210.06,High,361410753.40000004,Recent (2022-2025)
Rimac,Nevera,2022,Sodium-Ion,57.5,191,Inductive (Wireless) Charging,10.5,121233.69,Stealth Gray,Thailand,4,0.0,4.0,11634,5,0,Luxury (>$110K),3.322,634.73,Medium,1410432749.46,Recent (2022-2025)
Bmw,i7,2021,Lead-Acid,141.6,135,Overhead Pantograph Charging,4.6,86171.52,Ice Silver,Hungary,3,0.0,4.0,13807,4,0,Premium ($80K–$110K),0.953,638.31,Low,1189770176.64,Mid (2019-2021)
Lamborghini,Lanzador (upcoming EV),2015,Zinc-Air,51.1,578,Ultra-Fast Charging (350 Kw+),5.0,78879.86,White,Mexico,2,0.0,3.0,2351,3,1,Mid ($50K–$80K),11.311,136.47,Top,185446550.86,Early (2015-2018)
Rivian,EDV (Electric Delivery Van),2020,Nickel-Cobalt-Aluminum,147.9,195,Chademo,3.5,74574.02,Red,Turkey,3,0.0,5.0,4215,3,0,Mid ($50K–$80K),1.318,382.43,Low,314329494.3,Mid (2019-2021)
Ford,Explorer EV (Europe),2024,Nickel-Manganese-Cobalt,129.9,556,Solar Charging,6.9,121177.35,Beige,Israel,2,0.0,5.0,19874,4,1,Luxury (>$110K),4.28,217.94,High,2408278653.9,Recent (2022-2025)
Peugeot,e-2008,2016,Zinc-Air,75.2,214,Level 2 Charging,4.5,89359.27,Blue,Spain,3,0.0,3.0,5912,4,0,Premium ($80K–$110K),2.846,417.57,Medium,528292004.24,Early (2015-2018)
Canoo,MPDV,2016,Nickel-Cobalt-Aluminum,52.6,220,Level 1 Charging,11.3,46097.17,Copper,Thailand,5,0.0,4.0,6678,3,0,Budget (<$50K),4.183,209.53,High,307836901.26,Early (2015-2018)
Citroen,Ami,2016,Zinc-Air,127.3,541,Vehicle-To-Grid (V2G),3.3,149543.43,Ruby Red,Germany,2,0.0,4.0,145,4,1,Luxury (>$110K),4.25,276.42,High,21683797.349999998,Early (2015-2018)
Vinfast,VF 7,2017,Lithium-Iron Phosphate,21.6,196,Overhead Pantograph Charging,5.3,54730.21,Racing Red,Brazil,2,0.0,3.0,19922,5,0,Mid ($50K–$80K),9.074,279.24,Top,1090335243.62,Early (2015-2018)
Subaru,Solterra,2015,Magnesium-Ion,58.7,104,Level 2 Charging,3.0,119339.11,Aurora Blue,Switzerland,3,0.0,5.0,5705,5,0,Luxury (>$110K),1.772,1147.49,Low,680829622.55,Early (2015-2018)
Geely,Geometry C,2021,Lithium-Iron Phosphate,117.3,266,Chademo,8.4,57512.19,Pink,Indonesia,3,0.0,3.0,421,3,0,Mid ($50K–$80K),2.268,216.21,Low,24212631.990000002,Mid (2019-2021)
Maserati,Grecale Folgore,2025,Calcium-Ion,75.8,522,Mobile Charging,6.3,148196.18,Gray,China,1,0.0,3.0,3374,3,1,Luxury (>$110K),6.887,283.9,Top,500013911.32,Recent (2022-2025)
Genesis,GV70 Electric,2023,Magnesium-Ion,30.2,348,Level 1 Charging,9.8,55091.74,Cream,Vietnam,1,0.0,5.0,9952,4,0,Mid ($50K–$80K),11.523,158.31,Top,548272996.48,Recent (2022-2025)
Porsche,Taycan,2025,Lithium-Iron Phosphate,40.6,587,Mobile Charging,7.2,63585.73,White,Denmark,5,0.0,4.0,5669,5,1,Mid ($50K–$80K),14.458,108.32,Top,360467503.37,Recent (2022-2025)
Mini,Mini Aceman,2019,Lithium-Ion,128.2,351,Overhead Pantograph Charging,3.0,105953.02,Metallic Silver,France,1,0.0,3.0,14687,5,0,Premium ($80K–$110K),2.738,301.86,Medium,1556132004.74,Mid (2019-2021)
Pininfarina,Battista,2022,Calcium-Ion,32.8,423,Mobile Charging,1.0,126748.58,Burgundy,Belgium,3,0.0,3.0,14944,3,1,Luxury (>$110K),12.896,299.64,Top,1894130779.52,Recent (2022-2025)
Volkswagen,ID.Buzz,2021,Sodium-Ion,39.7,534,Solar Charging,9.6,102435.89,Graphite Gray,Brazil,5,0.0,5.0,16475,3,1,Premium ($80K–$110K),13.451,191.83,Top,1687631287.75,Mid (2019-2021)
Tesla,Roadster (upcoming),2016,Sodium-Ion,35.7,400,Vehicle-To-Home (V2H),5.6,79638.71,Matte Green,Uk,5,0.0,4.0,13563,4,1,Mid ($50K–$80K),11.204,199.1,Top,1080139823.73,Early (2015-2018)
Volkswagen,ID.7,2017,Nickel-Metal Hydride,111.4,512,Plug-In Hydrogen Refueling,1.7,98099.62,Purple,Portugal,4,0.0,4.0,4293,5,1,Premium ($80K–$110K),4.596,191.6,High,421141668.65999997,Early (2015-2018)
Subaru,Solterra,2024,Magnesium-Ion,58.5,443,Battery Swapping,9.0,68380.78,Aurora Blue,Indonesia,0,0.0,5.0,17565,4,1,Mid ($50K–$80K),7.573,154.36,Top,1201108400.7,Recent (2022-2025)
Pininfarina,Battista,2015,Magnesium-Ion,115.8,551,Level 2 Charging,8.6,99914.47,Green,Argentina,5,0.0,3.0,4641,3,1,Premium ($80K–$110K),4.758,181.33,High,463703055.27,Early (2015-2018)
Ferrari,Ferrari EV (2025+),2025,Lithium-Titanate,122.0,286,Inductive (Wireless) Charging,4.9,31831.8,Orange,Israel,0,0.0,4.0,12545,3,0,Budget (<$50K),2.344,111.3,Low,399329931.0,Recent (2022-2025)
Lamborghini,Lanzador (upcoming EV),2025,Lithium-Iron Phosphate,73.3,461,Vehicle-To-Load (V2L),6.7,149429.51,Candy Apple Red,Italy,3,0.0,3.0,7034,5,1,Luxury (>$110K),6.289,324.14,High,1051087173.34,Recent (2022-2025)
Lamborghini,Revuelto (PHEV),2016,Nickel-Metal Hydride,21.5,567,Vehicle-To-Grid (V2G),5.1,87208.29,Crimson Red,Malaysia,0,0.0,4.0,8199,5,1,Premium ($80K–$110K),26.372,153.81,Top,715020769.7099999,Early (2015-2018)
Volvo,EX90,2020,Nickel-Cobalt-Aluminum,82.8,335,Ccs,7.2,113582.33,Teal,Thailand,2,0.0,3.0,19298,4,0,Luxury (>$110K),4.046,339.05,Medium,2191911804.34,Mid (2019-2021)
Mahindra,Born Electric (upcoming range),2015,Sodium-Ion,53.9,519,Vehicle-To-Home (V2H),2.8,59278.65,Cream,Spain,0,0.0,4.0,8865,4,1,Mid ($50K–$80K),9.629,114.22,Top,525505232.25,Early (2015-2018)
Lamborghini,Lanzador (upcoming EV),2018,Lithium-Titanate,105.9,486,Overhead Pantograph Charging,6.5,90313.64,Matte White,Canada,3,0.0,3.0,4476,5,1,Premium ($80K–$110K),4.589,185.83,High,404243852.64,Early (2015-2018)
Faraday Future,FF 91,2021,Calcium-Ion,134.7,165,Mobile Charging,3.6,89440.54,Graphite Gray,South Korea,4,0.0,4.0,462,3,0,Premium ($80K–$110K),1.225,542.06,Low,41321529.48,Mid (2019-2021)
Opel,Mokka-e,2021,Solid-State,128.2,411,Vehicle-To-Home (V2H),9.3,31559.53,Black,China,5,0.0,3.0,14770,3,1,Budget (<$50K),3.206,76.79,Medium,466134258.09999996,Mid (2019-2021)
Lotus,Evija,2020,Lithium-Sulfur,71.0,569,Ultra-Fast Charging (350 Kw+),7.8,117415.69,Copper,Belgium,4,0.0,3.0,18168,5,1,Luxury (>$110K),8.014,206.35,Top,2133208255.92,Mid (2019-2021)
Toyota,bZ4X,2018,Solid-State,94.7,262,Plug-In Hydrogen Refueling,6.2,92841.1,Charcoal,France,0,0.0,5.0,17745,5,0,Premium ($80K–$110K),2.767,354.36,Medium,1647465319.5,Early (2015-2018)
Honda,Honda e (discontinued),2017,Sodium-Ion,101.9,153,Dc Fast Charging (Dcfc),11.6,99950.95,Silver,Denmark,4,0.0,5.0,9627,3,0,Premium ($80K–$110K),1.501,653.27,Low,962227795.65,Early (2015-2018)
Mini,Mini Aceman,2019,Solid-State,127.3,260,Vehicle-To-Home (V2H),7.6,118599.68,Matte Blue,Japan,1,0.0,5.0,17768,5,0,Luxury (>$110K),2.042,456.15,Low,2107279114.2399998,Mid (2019-2021)
Geely,Emgrand EV,2021,Nickel-Manganese-Cobalt,70.6,320,Level 2 Charging,11.9,76469.1,Pearl White,South Africa,2,0.0,3.0,10149,3,0,Mid ($50K–$80K),4.533,238.97,High,776084895.9000001,Mid (2019-2021)
Genesis,GV70 Electric,2024,Zinc-Air,126.4,340,Inductive (Wireless) Charging,6.6,64412.41,Lime Green,Denmark,3,0.0,3.0,5278,5,0,Mid ($50K–$80K),2.69,189.45,Medium,339968699.98,Recent (2022-2025)
Citroen,Ami,2025,Lithium-Iron Phosphate,102.4,546,Vehicle-To-Home (V2H),8.6,51643.26,Stealth Gray,India,1,0.0,4.0,10122,5,1,Mid ($50K–$80K),5.332,94.58,High,522733077.72,Recent (2022-2025)
Hyundai,Ioniq 6,2016,Lithium-Iron Phosphate,49.0,543,Ccs,1.4,86388.48,Tan,South Korea,3,0.0,3.0,19428,3,1,Premium ($80K–$110K),11.082,159.09,Top,1678355389.4399998,Early (2015-2018)
Dacia,Jogger Hybrid,2015,Calcium-Ion,49.6,571,Chademo,6.6,147907.91,Candy Apple Red,Hungary,2,0.0,3.0,7806,5,1,Luxury (>$110K),11.512,259.03,Top,1154569145.46,Early (2015-2018)
Tesla,Model 3,2021,Lithium-Ion,69.1,350,Vehicle-To-Load (V2L),1.8,134629.64,Pearl White,Portugal,3,0.0,4.0,11193,4,0,Luxury (>$110K),5.065,384.66,High,1506909560.5200002,Mid (2019-2021)
Audi,e-tron GT,2021,Lithium-Sulfur,94.9,312,Vehicle-To-Load (V2L),11.4,113761.62,Yellow,Poland,3,0.0,4.0,9845,4,0,Luxury (>$110K),3.288,364.62,Medium,1119983148.8999999,Mid (2019-2021)
Skoda,Elroq (upcoming),2023,Nickel-Metal Hydride,147.8,265,Chademo,8.8,108563.42,Gun Metal,Singapore,5,0.0,3.0,3375,3,0,Premium ($80K–$110K),1.793,409.67,Low,366401542.5,Recent (2022-2025)
Rimac,Nevera,2022,Aluminum-Ion,52.5,218,Overhead Pantograph Charging,1.4,85193.64,Copper,Indonesia,0,0.0,4.0,13556,5,0,Premium ($80K–$110K),4.152,390.8,High,1154884983.84,Recent (2022-2025)
Tesla,Cybertruck,2023,Lithium-Iron Phosphate,85.5,207,Dc Fast Charging (Dcfc),10.4,56800.73,Brown,Hungary,1,0.0,4.0,1691,3,0,Mid ($50K–$80K),2.421,274.4,Low,96050034.43,Recent (2022-2025)
Acura,ZDX (with GM Ultium),2020,Nickel-Cobalt-Aluminum,46.4,223,Inductive (Wireless) Charging,9.4,99370.06,Forest Green,Poland,2,0.0,4.0,1756,4,0,Premium ($80K–$110K),4.806,445.61,High,174493825.35999998,Mid (2019-2021)
Audi,Q4 e-tron,2020,Lithium-Titanate,81.2,371,Chademo,5.1,94249.74,White,Denmark,2,0.0,3.0,15203,3,0,Premium ($80K–$110K),4.569,254.04,High,1432878797.22,Mid (2019-2021)
Nio,ET7,2025,Lead-Acid,117.2,299,Nacs,8.7,112562.4,Emerald Green,India,3,0.0,4.0,5893,3,0,Luxury (>$110K),2.551,376.46,Low,663330223.1999999,Recent (2022-2025)
Acura,ZDX (with GM Ultium),2015,Lithium-Iron Phosphate,109.0,276,Battery Swapping,5.9,120890.93,Stealth Gray,Norway,0,0.0,3.0,5079,3,0,Luxury (>$110K),2.532,438.01,Low,614005033.4699999,Early (2015-2018)
Renault,Scenic E-Tech,2016,Magnesium-Ion,123.2,593,Nacs,11.2,114203.73,Gray,Turkey,0,0.0,4.0,6076,4,1,Luxury (>$110K),4.813,192.59,High,693901863.48,Early (2015-2018)
Polestar,Polestar 4,2016,Aluminum-Ion,85.2,240,Mobile Charging,4.7,37730.9,Matte White,Finland,4,0.0,3.0,2802,4,0,Budget (<$50K),2.817,157.21,Medium,105721981.8,Early (2015-2018)
Opel,Corsa-e,2015,Aluminum-Ion,50.2,305,Ultra-Fast Charging (350 Kw+),0.8,138549.47,Pearl White,Turkey,3,0.0,5.0,297,4,0,Luxury (>$110K),6.076,454.26,High,41149192.59,Early (2015-2018)
Geely,Emgrand EV,2023,Nickel-Cobalt-Aluminum,66.8,151,Vehicle-To-Grid (V2G),10.0,90449.46,Cosmic Purple,Vietnam,0,0.0,4.0,1955,5,0,Premium ($80K–$110K),2.26,599.0,Low,176828694.3,Recent (2022-2025)
Li Auto,L8,2023,Nickel-Cobalt-Aluminum,137.9,260,Plug-In Hydrogen Refueling,3.9,105012.82,Magenta,Malaysia,5,0.0,5.0,5729,3,0,Premium ($80K–$110K),1.885,403.9,Low,601618445.7800001,Recent (2022-2025)
Nissan,Leaf,2020,Lead-Acid,77.1,366,Solar Charging,5.0,141949.03,Lime Green,Switzerland,0,0.0,5.0,9617,4,0,Luxury (>$110K),4.747,387.84,High,1365123821.51,Mid (2019-2021)
Chevrolet,Bolt EV,2022,Nickel-Metal Hydride,116.7,595,Chademo,6.4,31713.78,Electric Blue,Thailand,0,0.0,5.0,16371,4,1,Budget (<$50K),5.099,53.3,High,519186292.38,Recent (2022-2025)
Ferrari,SF90 Stradale (PHEV),2025,Solid-State,76.3,222,Battery Swapping,10.3,114883.73,Rose Gold,Japan,0,0.0,3.0,12720,4,0,Luxury (>$110K),2.91,517.49,Medium,1461321045.6,Recent (2022-2025)
Polestar,Polestar 5 (upcoming),2021,Nickel-Metal Hydride,148.0,597,Chademo,6.5,73539.98,Purple,Poland,3,0.0,4.0,14867,5,1,Mid ($50K–$80K),4.034,123.18,Medium,1093318882.6599998,Mid (2019-2021)
Nio,ET9,2017,Aluminum-Ion,94.7,138,Ccs,7.8,91374.01,Matte Black,Vietnam,3,0.0,4.0,1433,5,0,Premium ($80K–$110K),1.457,662.13,Low,130938956.33,Early (2015-2018)
Mini,Mini Electric,2017,Calcium-Ion,70.6,103,Solar Charging,5.3,32110.5,Yellow,Malaysia,5,0.0,5.0,3471,5,0,Budget (<$50K),1.459,311.75,Low,111455545.5,Early (2015-2018)
Nio,ET9,2019,Lithium-Sulfur,29.4,112,Vehicle-To-Grid (V2G),5.0,88992.78,Matte White,Czech Republic,3,0.0,3.0,2495,4,0,Premium ($80K–$110K),3.81,794.58,Medium,222036986.1,Mid (2019-2021)
Fisker,Ocean,2017,Aluminum-Ion,108.8,178,Inductive (Wireless) Charging,9.4,98668.26,Teal,Portugal,0,0.0,5.0,501,5,0,Premium ($80K–$110K),1.636,554.32,Low,49432798.26,Early (2015-2018)
Changan,SL03,2024,Lead-Acid,68.7,186,Ultra-Fast Charging (350 Kw+),8.1,33064.13,Teal,Germany,3,0.0,4.0,7667,3,0,Budget (<$50K),2.707,177.76,Medium,253502684.70999998,Recent (2022-2025)
Mini,Mini Electric,2016,Nickel-Manganese-Cobalt,119.3,230,Vehicle-To-Home (V2H),7.1,68014.73,Gold,China,4,0.0,5.0,5825,3,0,Mid ($50K–$80K),1.928,295.72,Low,396185802.25,Early (2015-2018)
Tesla,Model 3,2023,Flow Batteries,137.1,136,Overhead Pantograph Charging,9.5,51719.71,Graphite Gray,Israel,5,0.0,4.0,12860,5,0,Mid ($50K–$80K),0.992,380.29,Low,665115470.6,Recent (2022-2025)
Tesla,Model S,2017,Nickel-Cobalt-Aluminum,98.9,185,Mobile Charging,11.6,132124.5,Stealth Gray,South Korea,1,0.0,5.0,19665,3,0,Luxury (>$110K),1.871,714.19,Low,2598228292.5,Early (2015-2018)
Volvo,EX30,2018,Lithium-Ion,52.1,593,Nacs,4.7,119024.29,Pearl White,Russia,3,0.0,3.0,18387,3,1,Luxury (>$110K),11.382,200.72,Top,2188499620.23,Early (2015-2018)
Mg,MG5 EV,2019,Lithium-Ion,118.6,576,Ultra-Fast Charging (350 Kw+),6.0,77158.15,Gold,Switzerland,4,0.0,5.0,11677,5,1,Mid ($50K–$80K),4.857,133.96,High,900975717.55,Mid (2019-2021)
Lotus,Eletre,2018,Lithium-Iron Phosphate,148.1,367,Vehicle-To-Grid (V2G),7.9,128535.73,Copper,United Arab Emirates,1,0.0,3.0,16886,4,0,Luxury (>$110K),2.478,350.23,Low,2170454336.7799997,Early (2015-2018)
Faraday Future,FF 91,2020,Lithium-Ion,118.0,239,Vehicle-To-Load (V2L),8.1,70149.59,Black,Hungary,3,0.0,4.0,5583,3,0,Mid ($50K–$80K),2.025,293.51,Low,391645160.96999997,Mid (2019-2021)
Bmw,iX1,2015,Nickel-Manganese-Cobalt,52.9,231,Vehicle-To-Load (V2L),7.1,57780.54,Yellow,China,3,0.0,3.0,968,3,0,Mid ($50K–$80K),4.367,250.13,High,55931562.72,Early (2015-2018)
Dacia,Bigster EV (upcoming),2020,Nickel-Cobalt-Aluminum,88.6,555,Battery Swapping,11.0,93594.87,Pink,Russia,3,0.0,4.0,13266,4,1,Premium ($80K–$110K),6.264,168.64,High,1241629545.4199998,Mid (2019-2021)
Tesla,Model Y,2017,Lithium-Iron Phosphate,71.2,473,Level 2 Charging,9.3,132144.16,Burgundy,New Zealand,1,0.0,3.0,6322,4,1,Luxury (>$110K),6.643,279.37,High,835415379.52,Early (2015-2018)
Lotus,Evija,2018,Lead-Acid,103.1,282,Chademo,9.6,111405.69,Matte Blue,Czech Republic,3,0.0,4.0,3832,4,0,Luxury (>$110K),2.735,395.06,Medium,426906604.08,Early (2015-2018)
Nissan,Leaf,2021,Zinc-Air,120.6,268,Vehicle-To-Load (V2L),11.7,74816.1,Ice Silver,Vietnam,2,0.0,3.0,3232,4,0,Mid ($50K–$80K),2.222,279.16,Low,241805635.20000002,Mid (2019-2021)
Lucid Motors,Lucid Gravity,2022,Lead-Acid,29.0,261,Chademo,3.5,107703.04,Red,Belgium,3,0.0,5.0,16880,3,0,Premium ($80K–$110K),9.0,412.66,Top,1818027315.1999998,Recent (2022-2025)
Citroen,Ami,2018,Lithium-Ion,47.2,419,Overhead Pantograph Charging,3.3,74003.39,Racing Red,Thailand,3,0.0,3.0,5925,5,1,Mid ($50K–$80K),8.877,176.62,Top,438470085.75,Early (2015-2018)
Faraday Future,FF 91,2018,Lithium-Sulfur,111.6,115,Dc Fast Charging (Dcfc),1.5,104328.15,Gun Metal,Russia,2,0.0,5.0,16038,3,0,Premium ($80K–$110K),1.03,907.2,Low,1673214869.6999998,Early (2015-2018)
Skoda,Elroq (upcoming),2022,Calcium-Ion,80.2,241,Level 2 Charging,7.1,80041.32,Matte White,China,2,0.0,4.0,18840,4,0,Premium ($80K–$110K),3.005,332.12,Medium,1507978468.8000002,Recent (2022-2025)
Geely,Geometry A,2024,Nickel-Cobalt-Aluminum,32.2,575,Level 2 Charging,8.1,122797.8,Gold,Germany,1,0.0,5.0,19023,3,1,Luxury (>$110K),17.857,213.56,Top,2335982549.4,Recent (2022-2025)
Bmw,iX1,2015,Lithium-Sulfur,125.3,461,Vehicle-To-Load (V2L),11.6,67652.57,Sapphire Blue,Portugal,0,0.0,3.0,3410,5,1,Mid ($50K–$80K),3.679,146.75,Medium,230695263.70000002,Early (2015-2018)
Mg,MG ES5,2025,Nickel-Manganese-Cobalt,124.2,446,Vehicle-To-Grid (V2G),11.5,99140.81,Yellow,India,3,0.0,4.0,2298,3,1,Premium ($80K–$110K),3.591,222.29,Medium,227825581.38,Recent (2022-2025)
Chevrolet,Volt (PHEV),2023,Calcium-Ion,63.1,384,Vehicle-To-Grid (V2G),5.7,139549.21,Charcoal,India,3,0.0,3.0,18128,3,0,Luxury (>$110K),6.086,363.41,High,2529748078.8799996,Recent (2022-2025)
Opel,Grandland Electric,2016,Nickel-Metal Hydride,130.4,488,Overhead Pantograph Charging,11.0,49752.59,Matte Green,Israel,3,0.0,4.0,17361,4,1,Budget (<$50K),3.742,101.95,Medium,863754714.9899999,Early (2015-2018)
Kia,EV6,2025,Lead-Acid,121.2,548,Overhead Pantograph Charging,2.7,115591.46,Blue,Portugal,3,0.0,4.0,18529,4,1,Luxury (>$110K),4.521,210.93,High,2141794162.3400002,Recent (2022-2025)
Mahindra,XUV400,2022,Calcium-Ion,36.0,484,Battery Swapping,3.4,115198.36,Rose Gold,France,2,0.0,4.0,8904,3,1,Luxury (>$110K),13.444,238.01,Top,1025726197.44,Recent (2022-2025)
Vinfast,VF 9,2020,Nickel-Cobalt-Aluminum,25.9,222,Ccs,1.1,80737.05,Navy Blue,Japan,4,0.0,5.0,5286,3,0,Premium ($80K–$110K),8.571,363.68,Top,426776046.3,Mid (2019-2021)
Renault,Scenic E-Tech,2019,Nickel-Metal Hydride,78.9,205,Battery Swapping,3.5,100642.84,Champagne,Singapore,4,0.0,3.0,19548,4,0,Premium ($80K–$110K),2.598,490.94,Medium,1967366236.32,Mid (2019-2021)
Seat,Avenger,2021,Nickel-Cobalt-Aluminum,102.0,549,Mobile Charging,11.9,83442.65,Turquoise,Turkey,3,0.0,5.0,7975,5,1,Premium ($80K–$110K),5.382,151.99,High,665455133.75,Mid (2019-2021)
Great Wall Motors,ORA Good Cat,2015,Calcium-Ion,111.1,196,Chademo,4.6,115673.64,Blue,Vietnam,3,0.0,3.0,13149,3,0,Luxury (>$110K),1.764,590.17,Low,1520992692.36,Early (2015-2018)
Opel,Grandland Electric,2016,Nickel-Manganese-Cobalt,57.6,214,Level 1 Charging,3.5,145561.53,Pearl White,Brazil,0,0.0,3.0,13402,5,0,Luxury (>$110K),3.715,680.19,Medium,1950815625.06,Early (2015-2018)
Xpeng,P5,2022,Sodium-Ion,39.2,497,Level 1 Charging,5.5,148873.52,Candy Apple Red,Singapore,5,0.0,4.0,6979,5,1,Luxury (>$110K),12.679,299.54,Top,1038988296.0799999,Recent (2022-2025)
Rimac,Nevera,2021,Calcium-Ion,123.6,251,Nacs,12.0,85022.3,Matte Green,Ireland,5,0.0,5.0,3299,4,0,Premium ($80K–$110K),2.031,338.73,Low,280488567.7,Mid (2019-2021)
Renault,Kangoo E-Tech,2022,Nickel-Cobalt-Aluminum,37.6,542,Nacs,10.3,82608.38,Charcoal,Brazil,0,0.0,3.0,18826,3,1,Premium ($80K–$110K),14.415,152.41,Top,1555185361.88,Recent (2022-2025)
Rimac,Nevera,2021,Lithium-Sulfur,135.2,164,Mobile Charging,5.3,129139.34,Beige,Australia,4,0.0,5.0,6690,4,0,Luxury (>$110K),1.213,787.44,Low,863942184.6,Mid (2019-2021)
Gmc,Hummer EV Pickup,2021,Lithium-Titanate,138.0,263,Overhead Pantograph Charging,0.9,127576.95,Cream,China,0,0.0,4.0,7419,3,0,Luxury (>$110K),1.906,485.08,Low,946493392.05,Mid (2019-2021)
Volkswagen,ID.4,2025,Lithium-Ion,126.0,464,Vehicle-To-Grid (V2G),4.9,82251.22,Purple,Czech Republic,2,0.0,4.0,5137,5,1,Premium ($80K–$110K),3.683,177.27,Medium,422524517.14,Recent (2022-2025)
Genesis,GV60,2021,Zinc-Air,56.1,271,Ultra-Fast Charging (350 Kw+),8.6,143405.71,Graphite Gray,Vietnam,3,0.0,4.0,18154,3,0,Luxury (>$110K),4.831,529.17,High,2603387259.3399997,Mid (2019-2021)
Polestar,Polestar 2,2020,Nickel-Manganese-Cobalt,49.2,159,Ultra-Fast Charging (350 Kw+),4.8,126774.65,Rose Gold,United Arab Emirates,5,0.0,4.0,12199,3,0,Luxury (>$110K),3.232,797.32,Medium,1546523955.35,Mid (2019-2021)
Li Auto,L7,2020,Solid-State,23.9,105,Overhead Pantograph Charging,8.2,147813.28,White,Argentina,1,0.0,5.0,13057,5,0,Luxury (>$110K),4.393,1407.75,High,1929997996.96,Mid (2019-2021)
Mahindra,Born Electric (upcoming range),2019,Solid-State,36.5,197,Mobile Charging,11.2,100401.48,Titanium,Saudi Arabia,5,0.0,5.0,13013,5,0,Premium ($80K–$110K),5.397,509.65,High,1306524459.24,Mid (2019-2021)
Ford,Explorer EV (Europe),2018,Sodium-Ion,76.0,117,Plug-In Hydrogen Refueling,8.0,70167.14,Teal,China,3,0.0,4.0,11902,3,0,Mid ($50K–$80K),1.539,599.72,Low,835129300.28,Early (2015-2018)
Jeep,Grand Cherokee 4xe (PHEV),2022,Aluminum-Ion,87.7,401,Mobile Charging,3.0,130213.31,Midnight Black,Australia,2,0.0,4.0,17365,5,1,Luxury (>$110K),4.572,324.72,High,2261154128.15,Recent (2022-2025)
Nissan,Leaf,2024,Nickel-Manganese-Cobalt,75.0,181,Ccs,2.8,62261.33,Stealth Gray,Uk,5,0.0,5.0,14140,4,0,Mid ($50K–$80K),2.413,343.99,Low,880375206.2,Recent (2022-2025)
Polestar,Polestar 3,2017,Nickel-Metal Hydride,130.1,504,Battery Swapping,10.9,122853.66,Silver,Turkey,3,0.0,5.0,3543,3,1,Luxury (>$110K),3.874,243.76,Medium,435270517.38,Early (2015-2018)
Jeep,Recon (upcoming),2016,Zinc-Air,92.6,239,Level 2 Charging,9.4,96666.78,Lime Green,Spain,2,0.0,5.0,3912,3,0,Premium ($80K–$110K),2.581,404.46,Low,378160443.36,Early (2015-2018)
Xpeng,X9,2016,Nickel-Manganese-Cobalt,118.0,407,Ultra-Fast Charging (350 Kw+),0.6,31704.6,Rose Gold,Germany,4,0.0,3.0,10803,5,1,Budget (<$50K),3.449,77.9,Medium,342504793.8,Early (2015-2018)
Mg,MG ZS EV,2023,Solid-State,54.8,198,Inductive (Wireless) Charging,3.8,130722.4,Pink,Japan,5,0.0,3.0,11111,4,0,Luxury (>$110K),3.613,660.21,Medium,1452456586.3999999,Recent (2022-2025)
Dacia,Jogger Hybrid,2020,Flow Batteries,87.4,521,Vehicle-To-Grid (V2G),9.8,100957.07,Silver,Norway,1,0.0,4.0,13593,5,1,Premium ($80K–$110K),5.961,193.78,High,1372309452.51,Mid (2019-2021)
Subaru,Solterra,2015,Aluminum-Ion,37.8,425,Dc Fast Charging (Dcfc),2.3,144721.18,Copper,Vietnam,3,0.0,3.0,4883,5,1,Luxury (>$110K),11.243,340.52,Top,706673521.9399999,Early (2015-2018)
Skoda,Elroq (upcoming),2020,Zinc-Air,88.1,197,Plug-In Hydrogen Refueling,9.4,36188.94,Platinum,Portugal,4,0.0,5.0,10519,5,0,Budget (<$50K),2.236,183.7,Low,380671459.86,Mid (2019-2021)
Audi,e-tron GT,2021,Lithium-Ion,132.1,176,Level 1 Charging,3.3,39484.19,Titanium,Spain,2,0.0,4.0,3931,4,0,Budget (<$50K),1.332,224.34,Low,155212350.89000002,Mid (2019-2021)
Xpeng,G9,2022,Calcium-Ion,131.9,362,Ccs,2.9,64249.14,Matte Green,Finland,0,0.0,5.0,12979,4,0,Mid ($50K–$80K),2.745,177.48,Medium,833889588.06,Recent (2022-2025)
Genesis,GV60,2021,Lithium-Sulfur,65.7,370,Plug-In Hydrogen Refueling,2.2,116893.2,Matte Green,Hungary,1,0.0,3.0,15458,3,0,Luxury (>$110K),5.632,315.93,High,1806935085.6,Mid (2019-2021)
Toyota,Lexus UX 300e,2023,Aluminum-Ion,83.6,230,Ccs,11.0,79586.51,Electric Blue,Singapore,2,0.0,4.0,3885,5,0,Mid ($50K–$80K),2.751,346.03,Medium,309193591.34999996,Recent (2022-2025)
Peugeot,e-208,2020,Calcium-Ion,85.5,395,Ultra-Fast Charging (350 Kw+),4.1,145723.63,Matte Black,Austria,5,0.0,3.0,15526,5,0,Luxury (>$110K),4.62,368.92,High,2262505079.38,Mid (2019-2021)
Lotus,Emeya,2024,Lead-Acid,140.6,163,Nacs,0.7,103429.51,Turquoise,India,1,0.0,4.0,4655,4,0,Premium ($80K–$110K),1.159,634.54,Low,481464369.04999995,Recent (2022-2025)
Zeekr,Zeekr X,2017,Lithium-Iron Phosphate,73.9,220,Dc Fast Charging (Dcfc),9.8,86401.31,Crimson Red,Spain,3,0.0,5.0,11284,4,0,Premium ($80K–$110K),2.977,392.73,Medium,974952382.04,Early (2015-2018)
Acura,ZDX (with GM Ultium),2023,Calcium-Ion,117.3,586,Level 2 Charging,2.4,145428.02,Platinum,Italy,0,0.0,3.0,876,4,1,Luxury (>$110K),4.996,248.17,High,127394945.52,Recent (2022-2025)
Volkswagen,ID.7,2019,Sodium-Ion,132.8,109,Chademo,9.1,109264.82,Matte Green,Czech Republic,1,0.0,4.0,3128,5,0,Premium ($80K–$110K),0.821,1002.43,Low,341780356.96000004,Mid (2019-2021)
Mazda,MX-30,2024,Solid-State,24.0,211,Nacs,11.4,118314.72,Orange,South Africa,5,0.0,5.0,1636,4,0,Luxury (>$110K),8.792,560.73,Top,193562881.92000002,Recent (2022-2025)
Zeekr,Zeekr 007,2019,Nickel-Manganese-Cobalt,82.7,424,Chademo,9.1,115491.65,Yellow,Uk,0,0.0,5.0,8202,3,1,Luxury (>$110K),5.127,272.39,High,947262513.3,Mid (2019-2021)
Peugeot,e-5008,2023,Nickel-Metal Hydride,71.3,505,Dc Fast Charging (Dcfc),7.9,83635.85,Cosmic Purple,New Zealand,2,0.0,5.0,9257,3,1,Premium ($80K–$110K),7.083,165.62,Top,774217063.45,Recent (2022-2025)
Volkswagen,ID.5,2018,Zinc-Air,49.4,415,Chademo,2.0,45377.85,Stealth Gray,Russia,1,0.0,4.0,11110,3,1,Budget (<$50K),8.401,109.34,Top,504147913.5,Early (2015-2018)
Mercedes-Benz,EQS,2025,Magnesium-Ion,87.8,549,Overhead Pantograph Charging,2.6,41976.9,Copper,South Africa,0,0.0,5.0,7546,5,1,Budget (<$50K),6.253,76.46,High,316757687.40000004,Recent (2022-2025)
Canoo,Pickup,2023,Nickel-Manganese-Cobalt,90.5,358,Solar Charging,2.5,124052.49,Stealth Gray,Czech Republic,5,0.0,5.0,8080,4,0,Luxury (>$110K),3.956,346.52,Medium,1002344119.2,Recent (2022-2025)
Mini,Mini Aceman,2024,Lithium-Sulfur,78.1,343,Level 2 Charging,10.6,99147.39,Volcanic Yellow,Belgium,1,0.0,5.0,1788,3,0,Premium ($80K–$110K),4.392,289.06,High,177275533.32,Recent (2022-2025)
Rimac,Nevera,2021,Solid-State,130.8,464,Vehicle-To-Load (V2L),7.3,64777.34,Racing Red,Malaysia,4,0.0,4.0,18661,5,1,Mid ($50K–$80K),3.547,139.61,Medium,1208809941.74,Mid (2019-2021)
Vinfast,VF 9,2018,Lithium-Titanate,73.9,570,Dc Fast Charging (Dcfc),10.5,134367.39,Purple,Finland,5,0.0,3.0,2118,3,1,Luxury (>$110K),7.713,235.73,Top,284590132.02000004,Early (2015-2018)
Dacia,Bigster EV (upcoming),2022,Nickel-Metal Hydride,49.9,423,Mobile Charging,11.6,36199.09,Sapphire Blue,Portugal,3,0.0,4.0,6445,5,1,Budget (<$50K),8.477,85.58,Top,233303135.04999998,Recent (2022-2025)
Vinfast,VFe34 (discontinued),2021,Aluminum-Ion,128.0,249,Vehicle-To-Load (V2L),8.3,98423.08,Cosmic Purple,New Zealand,5,0.0,3.0,666,3,0,Premium ($80K–$110K),1.945,395.27,Low,65549771.28,Mid (2019-2021)
Lamborghini,Revuelto (PHEV),2015,Magnesium-Ion,23.9,480,Battery Swapping,2.5,128039.67,Lime Green,Indonesia,3,0.0,4.0,16005,4,1,Luxury (>$110K),20.084,266.75,Top,2049274918.35,Early (2015-2018)
Jeep,Wagoneer S,2016,Lithium-Sulfur,132.7,492,Level 2 Charging,7.0,77704.62,Yellow,Usa,0,0.0,4.0,16870,5,1,Mid ($50K–$80K),3.708,157.94,Medium,1310876939.3999999,Early (2015-2018)
Great Wall Motors,ORA Good Cat,2019,Nickel-Metal Hydride,105.7,347,Solar Charging,10.6,116483.56,Matte Blue,Thailand,5,0.0,5.0,6500,3,0,Luxury (>$110K),3.283,335.69,Medium,757143140.0,Mid (2019-2021)
Fisker,Ocean,2022,Solid-State,96.2,179,Mobile Charging,1.2,108304.18,Gold,Switzerland,1,0.0,4.0,12227,5,0,Premium ($80K–$110K),1.861,605.05,Low,1324235208.86,Recent (2022-2025)
Geely,Emgrand EV,2022,Nickel-Manganese-Cobalt,77.8,228,Chademo,5.0,129957.22,Pink,Saudi Arabia,2,0.0,3.0,9815,5,0,Luxury (>$110K),2.931,569.99,Medium,1275530114.3,Recent (2022-2025)
Genesis,G80 Electric,2024,Solid-State,53.4,340,Vehicle-To-Load (V2L),1.4,137452.66,Emerald Green,Norway,0,0.0,5.0,18888,5,0,Luxury (>$110K),6.367,404.27,High,2596205842.08,Recent (2022-2025)
Chevrolet,Silverado EV,2019,Nickel-Cobalt-Aluminum,71.1,462,Vehicle-To-Grid (V2G),7.4,89704.33,Lime Green,Portugal,5,0.0,3.0,9497,3,1,Premium ($80K–$110K),6.498,194.17,High,851922022.01,Mid (2019-2021)
Byd,Dolphin,2021,Lead-Acid,105.3,225,Level 2 Charging,3.0,71791.78,Metallic Silver,India,4,0.0,4.0,10679,5,0,Mid ($50K–$80K),2.137,319.07,Low,766664418.62,Mid (2019-2021)
Geely,Emgrand EV,2021,Nickel-Manganese-Cobalt,46.9,473,Level 1 Charging,6.0,97228.32,Green,South Korea,1,0.0,5.0,9749,4,1,Premium ($80K–$110K),10.085,205.56,Top,947878891.6800001,Mid (2019-2021)
Nio,ES7,2021,Lithium-Titanate,108.2,581,Dc Fast Charging (Dcfc),2.6,75465.3,Gold,Finland,4,0.0,3.0,3516,5,1,Mid ($50K–$80K),5.37,129.89,High,265335994.8,Mid (2019-2021)
Xpeng,G6,2022,Sodium-Ion,71.3,252,Battery Swapping,3.1,134098.62,Silver,Israel,5,0.0,4.0,7133,3,0,Luxury (>$110K),3.534,532.14,Medium,956525456.4599999,Recent (2022-2025)
Bmw,iX3,2021,Lithium-Iron Phosphate,70.7,464,Ccs,9.6,36458.03,Sky Blue,China,0,0.0,5.0,1817,4,1,Budget (<$50K),6.563,78.57,High,66244240.51,Mid (2019-2021)
Mg,MG ZS EV,2016,Lithium-Iron Phosphate,116.3,286,Inductive (Wireless) Charging,10.5,112539.19,Aurora Blue,Belgium,2,0.0,5.0,5347,5,0,Luxury (>$110K),2.459,393.49,Low,601747048.9300001,Early (2015-2018)
Rimac,Nevera,2022,Nickel-Manganese-Cobalt,80.9,131,Mobile Charging,4.6,92019.48,Matte Blue,Japan,1,0.0,4.0,19955,5,0,Premium ($80K–$110K),1.619,702.44,Low,1836248723.3999999,Recent (2022-2025)
Kia,EV6,2019,Lithium-Titanate,91.4,598,Vehicle-To-Load (V2L),0.6,108822.94,Matte Green,Belgium,5,0.0,3.0,12815,5,1,Premium ($80K–$110K),6.543,181.98,High,1394565976.1000001,Mid (2019-2021)
Ferrari,SF90 Stradale (PHEV),2022,Calcium-Ion,54.0,110,Nacs,1.2,82147.06,Matte White,Saudi Arabia,2,0.0,4.0,4437,5,0,Premium ($80K–$110K),2.037,746.79,Low,364486505.21999997,Recent (2022-2025)
Cadillac,Lyriq,2023,Lithium-Sulfur,42.5,420,Overhead Pantograph Charging,1.2,100852.31,Burgundy,Indonesia,3,0.0,4.0,11009,5,1,Premium ($80K–$110K),9.882,240.12,Top,1110283080.79,Recent (2022-2025)
Cadillac,Lyriq,2017,Lithium-Iron Phosphate,110.1,285,Chademo,8.4,68779.62,Champagne,Germany,3,0.0,3.0,4844,5,0,Mid ($50K–$80K),2.589,241.33,Low,333168479.28,Early (2015-2018)
Opel,Grandland Electric,2017,Zinc-Air,140.7,508,Ultra-Fast Charging (350 Kw+),4.6,47246.35,Rose Gold,Malaysia,3,0.0,3.0,11493,5,1,Budget (<$50K),3.611,93.0,Medium,543002300.55,Early (2015-2018)
Genesis,G80 Electric,2019,Nickel-Manganese-Cobalt,142.6,310,Solar Charging,10.3,89860.42,Tan,Portugal,2,0.0,5.0,8040,3,0,Premium ($80K–$110K),2.174,289.87,Low,722477776.8,Mid (2019-2021)
Citroen,ë-C4,2016,Lead-Acid,143.4,471,Level 2 Charging,6.6,35894.12,Matte White,New Zealand,5,0.0,4.0,837,5,1,Budget (<$50K),3.285,76.21,Medium,30043378.44,Early (2015-2018)
Skoda,Enyaq Coupe,2023,Solid-State,104.6,263,Level 1 Charging,1.8,97441.44,Ruby Red,United Arab Emirates,3,0.0,4.0,8311,4,0,Premium ($80K–$110K),2.514,370.5,Low,809835807.84,Recent (2022-2025)
Zeekr,Zeekr 001,2024,Lithium-Iron Phosphate,78.0,515,Vehicle-To-Grid (V2G),4.8,129609.13,Burgundy,Czech Republic,2,0.0,4.0,14555,4,1,Luxury (>$110K),6.603,251.67,High,1886460887.15,Recent (2022-2025)
Toyota,Lexus UX 300e,2024,Nickel-Cobalt-Aluminum,146.6,201,Vehicle-To-Load (V2L),7.1,133274.31,Charcoal,Vietnam,1,0.0,3.0,11302,3,0,Luxury (>$110K),1.371,663.06,Low,1506266251.62,Recent (2022-2025)
Porsche,Macan EV,2022,Lithium-Sulfur,46.9,553,Vehicle-To-Load (V2L),3.3,148433.17,Blue,Hungary,0,0.0,4.0,127,4,1,Luxury (>$110K),11.791,268.41,Top,18851012.59,Recent (2022-2025)
Great Wall Motors,ORA Good Cat,2021,Lithium-Ion,101.2,542,Vehicle-To-Grid (V2G),2.4,39124.22,Teal,Israel,1,0.0,3.0,18747,5,1,Budget (<$50K),5.356,72.18,High,733461752.34,Mid (2019-2021)
Citroen,Ami,2020,Zinc-Air,34.9,385,Dc Fast Charging (Dcfc),5.5,65764.67,Volcanic Yellow,Austria,2,0.0,5.0,17273,4,0,Mid ($50K–$80K),11.032,170.82,Top,1135953144.91,Mid (2019-2021)
Lotus,Emeya,2019,Lead-Acid,117.2,449,Overhead Pantograph Charging,10.9,134651.02,Candy Apple Red,Canada,5,0.0,4.0,8648,5,1,Luxury (>$110K),3.831,299.89,Medium,1164462020.9599998,Mid (2019-2021)
Cadillac,Celestiq,2016,Aluminum-Ion,76.6,532,Mobile Charging,2.6,87467.04,Aurora Blue,New Zealand,1,0.0,3.0,7283,5,1,Premium ($80K–$110K),6.945,164.41,Top,637022452.3199999,Early (2015-2018)
Toyota,Lexus UX 300e,2022,Nickel-Manganese-Cobalt,68.0,562,Dc Fast Charging (Dcfc),9.5,140094.56,Green,United Arab Emirates,4,0.0,5.0,17624,3,1,Luxury (>$110K),8.265,249.28,Top,2469026525.44,Recent (2022-2025)
Volkswagen,ID.Buzz,2017,Calcium-Ion,97.3,427,Level 1 Charging,11.1,68842.48,White,Hungary,5,0.0,4.0,18039,4,1,Mid ($50K–$80K),4.388,161.22,High,1241849496.72,Early (2015-2018)
Mazda,MX-30,2020,Lithium-Titanate,93.7,392,Ultra-Fast Charging (350 Kw+),3.7,141067.0,Copper,Indonesia,3,0.0,3.0,4414,3,0,Luxury (>$110K),4.184,359.86,High,622669738.0,Mid (2019-2021)
Gmc,Hummer EV Pickup,2018,Aluminum-Ion,138.3,496,Vehicle-To-Grid (V2G),4.4,54261.4,Burgundy,Denmark,2,0.0,5.0,17750,3,1,Mid ($50K–$80K),3.586,109.4,Medium,963139850.0,Early (2015-2018)
Ferrari,Roma PHEV,2017,Lead-Acid,44.2,460,Ccs,7.3,139947.23,Matte Black,Russia,5,0.0,5.0,18088,3,1,Luxury (>$110K),10.407,304.23,Top,2531365496.2400002,Early (2015-2018)
Opel,Grandland Electric,2022,Lithium-Iron Phosphate,80.5,580,Vehicle-To-Grid (V2G),3.3,100558.76,Aurora Blue,Australia,5,0.0,4.0,12609,4,1,Premium ($80K–$110K),7.205,173.38,Top,1267945404.84,Recent (2022-2025)
Nissan,Ariya,2025,Zinc-Air,149.4,357,Mobile Charging,11.2,147129.86,Burgundy,South Korea,2,0.0,3.0,14538,5,0,Luxury (>$110K),2.39,412.13,Low,2138973904.6799998,Recent (2022-2025)
Volkswagen,ID.7,2021,Nickel-Metal Hydride,142.9,558,Level 1 Charging,8.4,32066.13,Candy Apple Red,Finland,1,0.0,4.0,4840,4,1,Budget (<$50K),3.905,57.47,Medium,155200069.20000002,Mid (2019-2021)
Lotus,Eletre,2020,Lithium-Sulfur,70.2,108,Mobile Charging,7.6,110485.34,Racing Red,Brazil,0,0.0,3.0,19138,5,0,Luxury (>$110K),1.538,1023.01,Low,2114468436.9199998,Mid (2019-2021)
Opel,Grandland Electric,2022,Nickel-Metal Hydride,56.1,426,Mobile Charging,6.9,116001.34,Matte Blue,United Arab Emirates,0,0.0,4.0,234,4,1,Luxury (>$110K),7.594,272.3,Top,27144313.56,Recent (2022-2025)
Pininfarina,Battista,2018,Lithium-Titanate,91.6,101,Overhead Pantograph Charging,2.8,77025.87,Sapphire Blue,New Zealand,3,0.0,4.0,1089,4,0,Mid ($50K–$80K),1.103,762.63,Low,83881172.42999999,Early (2015-2018)
Peugeot,e-208,2020,Solid-State,123.7,536,Level 2 Charging,5.2,79848.94,Midnight Black,China,4,0.0,3.0,18113,4,1,Mid ($50K–$80K),4.333,148.97,High,1446303850.22,Mid (2019-2021)
Vinfast,VF 6,2017,Nickel-Manganese-Cobalt,132.5,366,Mobile Charging,3.1,98299.48,Platinum,United Arab Emirates,0,0.0,5.0,5591,4,0,Premium ($80K–$110K),2.762,268.58,Medium,549592392.68,Early (2015-2018)
Hyundai,Ioniq 5,2022,Solid-State,82.3,101,Vehicle-To-Grid (V2G),8.4,97963.02,Titanium,South Africa,1,0.0,5.0,16444,3,0,Premium ($80K–$110K),1.227,969.93,Low,1610903900.88,Recent (2022-2025)
Zeekr,Zeekr 001,2021,Nickel-Manganese-Cobalt,41.0,374,Plug-In Hydrogen Refueling,5.4,110005.01,Silver,Thailand,2,0.0,4.0,14709,3,0,Luxury (>$110K),9.122,294.13,Top,1618063692.09,Mid (2019-2021)
Peugeot,e-3008,2019,Solid-State,125.4,263,Vehicle-To-Home (V2H),6.0,109072.77,Teal,Usa,1,0.0,5.0,17471,5,0,Premium ($80K–$110K),2.097,414.73,Low,1905610364.67,Mid (2019-2021)
Gmc,Hummer EV Pickup,2015,Flow Batteries,90.3,263,Mobile Charging,6.6,48149.84,Pink,Russia,2,0.0,3.0,17248,3,0,Budget (<$50K),2.913,183.08,Medium,830488440.3199999,Early (2015-2018)
Ford,E-Transit,2016,Lithium-Ion,123.1,143,Overhead Pantograph Charging,1.2,86029.81,Stealth Gray,Poland,0,0.0,4.0,3895,4,0,Premium ($80K–$110K),1.162,601.61,Low,335086109.95,Early (2015-2018)
Opel,Grandland Electric,2016,Solid-State,64.6,287,Plug-In Hydrogen Refueling,11.6,40719.9,Ruby Red,Czech Republic,3,0.0,4.0,1475,3,0,Budget (<$50K),4.443,141.88,High,60061852.5,Early (2015-2018)
Chevrolet,Volt (PHEV),2020,Lead-Acid,59.1,585,Chademo,2.0,87306.92,Cream,Singapore,0,0.0,5.0,10084,5,1,Premium ($80K–$110K),9.898,149.24,Top,880402981.28,Mid (2019-2021)
Polestar,Polestar 4,2021,Flow Batteries,65.3,456,Level 2 Charging,11.1,57031.71,Ruby Red,Thailand,1,0.0,3.0,9974,4,1,Mid ($50K–$80K),6.983,125.07,Top,568834275.54,Mid (2019-2021)
Rimac,Nevera,2022,Lithium-Ion,88.1,213,Ultra-Fast Charging (350 Kw+),4.5,123881.73,Navy Blue,Czech Republic,5,0.0,5.0,13335,4,0,Luxury (>$110K),2.418,581.6,Low,1651962869.55,Recent (2022-2025)
Seat,Avenger,2025,Zinc-Air,24.6,120,Level 2 Charging,3.5,55406.26,Cosmic Purple,United Arab Emirates,3,0.0,5.0,18026,5,0,Mid ($50K–$80K),4.878,461.72,High,998753242.76,Recent (2022-2025)
Faraday Future,FF 91,2022,Flow Batteries,41.5,261,Ccs,4.0,112490.97,Beige,Canada,0,0.0,4.0,6906,3,0,Luxury (>$110K),6.289,431.0,High,776862638.82,Recent (2022-2025)
Mahindra,XUV400,2024,Lead-Acid,145.9,554,Plug-In Hydrogen Refueling,11.7,145109.64,Matte Gray,France,0,0.0,4.0,12442,5,1,Luxury (>$110K),3.797,261.93,Medium,1805454140.88,Recent (2022-2025)
Kia,Niro EV,2023,Solid-State,67.4,151,Plug-In Hydrogen Refueling,3.4,61333.09,Tan,India,2,0.0,4.0,7177,4,0,Mid ($50K–$80K),2.24,406.18,Low,440187586.92999995,Recent (2022-2025)
Kia,Niro EV,2022,Nickel-Cobalt-Aluminum,97.2,331,Plug-In Hydrogen Refueling,2.5,134031.68,Burgundy,Israel,3,0.0,4.0,16000,4,0,Luxury (>$110K),3.405,404.93,Medium,2144506880.0,Recent (2022-2025)
Byd,Han EV,2023,Lithium-Ion,102.0,431,Vehicle-To-Home (V2H),1.9,138449.17,Ruby Red,Austria,3,0.0,4.0,1206,4,1,Luxury (>$110K),4.225,321.23,High,166969699.02,Recent (2022-2025)
Porsche,Cayenne Electric (upcoming),2016,Lithium-Sulfur,128.5,494,Battery Swapping,5.6,137598.53,Pink,Japan,2,0.0,4.0,8560,4,1,Luxury (>$110K),3.844,278.54,Medium,1177843416.8,Early (2015-2018)
Fisker,Ocean,2024,Aluminum-Ion,122.9,478,Solar Charging,8.9,74293.26,Green,Singapore,0,0.0,4.0,18274,3,1,Mid ($50K–$80K),3.889,155.43,Medium,1357635033.24,Recent (2022-2025)
Honda,Honda e (discontinued),2023,Nickel-Manganese-Cobalt,127.7,169,Level 1 Charging,7.4,127270.14,Cobalt Blue,Denmark,4,0.0,3.0,10238,3,0,Luxury (>$110K),1.323,753.08,Low,1302991693.32,Recent (2022-2025)
Canoo,Pickup,2025,Nickel-Cobalt-Aluminum,20.3,510,Vehicle-To-Load (V2L),3.7,111104.82,Magenta,Vietnam,2,0.0,5.0,4062,3,1,Luxury (>$110K),25.123,217.85,Top,451307778.84000003,Recent (2022-2025)
Fisker,Ocean,2019,Nickel-Metal Hydride,62.3,274,Plug-In Hydrogen Refueling,1.5,53694.85,Platinum,Vietnam,0,0.0,3.0,11799,4,0,Mid ($50K–$80K),4.398,195.97,High,633545535.15,Mid (2019-2021)
Audi,e-tron,2024,Flow Batteries,65.7,576,Chademo,10.5,105411.53,Navy Blue,Sweden,2,0.0,5.0,16492,5,1,Premium ($80K–$110K),8.767,183.01,Top,1738446952.76,Recent (2022-2025)
Bmw,iX1,2019,Flow Batteries,134.0,572,Nacs,8.5,82632.21,Aurora Blue,China,1,0.0,4.0,6040,5,1,Premium ($80K–$110K),4.269,144.46,High,499098548.40000004,Mid (2019-2021)
Gmc,Hummer EV Pickup,2022,Lead-Acid,141.7,475,Ultra-Fast Charging (350 Kw+),2.2,86383.47,Candy Apple Red,Belgium,3,0.0,5.0,14075,4,1,Premium ($80K–$110K),3.352,181.86,Medium,1215847340.25,Recent (2022-2025)
Mazda,Mazda EV (upcoming models),2024,Sodium-Ion,138.5,506,Ccs,7.2,131342.84,Stealth Gray,India,3,0.0,4.0,19122,5,1,Luxury (>$110K),3.653,259.57,Medium,2511537786.48,Recent (2022-2025)
Ford,E-Transit,2019,Zinc-Air,99.4,503,Dc Fast Charging (Dcfc),2.8,88678.05,Emerald Green,Russia,5,0.0,5.0,8540,5,1,Premium ($80K–$110K),5.06,176.3,High,757310547.0,Mid (2019-2021)
Canoo,MPDV,2015,Aluminum-Ion,109.3,217,Plug-In Hydrogen Refueling,8.0,137707.73,Ruby Red,Turkey,1,0.0,4.0,4044,5,0,Luxury (>$110K),1.985,634.6,Low,556890060.12,Early (2015-2018)
Dacia,Jogger Hybrid,2016,Nickel-Manganese-Cobalt,78.5,107,Mobile Charging,3.3,34947.7,Electric Blue,United Arab Emirates,1,0.0,4.0,3140,5,0,Budget (<$50K),1.363,326.61,Low,109735777.99999999,Early (2015-2018)
Nissan,Leaf,2021,Nickel-Cobalt-Aluminum,56.3,518,Level 1 Charging,2.3,80804.96,Matte White,South Korea,4,0.0,5.0,11972,3,1,Premium ($80K–$110K),9.201,155.99,Top,967396981.1200001,Mid (2019-2021)
Audi,e-tron,2020,Lithium-Sulfur,120.7,442,Ultra-Fast Charging (350 Kw+),7.0,95301.3,Yellow,Argentina,2,0.0,5.0,2767,3,1,Premium ($80K–$110K),3.662,215.61,Medium,263698697.1,Mid (2019-2021)
Skoda,Enyaq Coupe,2021,Lithium-Ion,85.0,533,Nacs,3.2,75606.71,Blue,Czech Republic,1,0.0,3.0,4703,4,1,Mid ($50K–$80K),6.271,141.85,High,355578357.13000005,Mid (2019-2021)
Mahindra,XUV400,2017,Aluminum-Ion,140.1,272,Ccs,7.8,96031.48,Ice Silver,Sweden,3,0.0,4.0,8018,4,0,Premium ($80K–$110K),1.941,353.06,Low,769980406.64,Early (2015-2018)
Chevrolet,Silverado EV,2017,Solid-State,27.8,248,Level 2 Charging,1.4,133973.75,Rose Gold,Finland,3,0.0,4.0,4454,5,0,Luxury (>$110K),8.921,540.22,Top,596719082.5,Early (2015-2018)
Gmc,Hummer EV Pickup,2015,Zinc-Air,149.8,344,Overhead Pantograph Charging,2.6,144721.89,Matte Black,Thailand,2,0.0,4.0,18099,3,0,Luxury (>$110K),2.296,420.7,Low,2619321487.11,Early (2015-2018)
Citroen,ë-Spacetourer,2023,Aluminum-Ion,125.2,577,Nacs,1.8,35036.66,Crimson Red,New Zealand,0,0.0,3.0,9193,3,1,Budget (<$50K),4.609,60.72,High,322092015.38000005,Recent (2022-2025)
Jeep,Wrangler 4xe (PHEV),2018,Zinc-Air,21.3,557,Chademo,0.8,36245.89,Rose Gold,Thailand,0,0.0,5.0,9323,4,1,Budget (<$50K),26.15,65.07,Top,337920432.46999997,Early (2015-2018)
Mazda,Mazda EV (upcoming models),2025,Nickel-Manganese-Cobalt,101.1,466,Nacs,1.2,50188.59,Crimson Red,Saudi Arabia,3,0.0,5.0,6789,3,1,Mid ($50K–$80K),4.609,107.7,High,340730337.51,Recent (2022-2025)
Volkswagen,ID.7,2022,Flow Batteries,108.3,593,Mobile Charging,3.4,43456.03,Matte Blue,Belgium,2,0.0,4.0,7691,5,1,Budget (<$50K),5.476,73.28,High,334220326.73,Recent (2022-2025)
Hyundai,Ioniq 7 (upcoming),2019,Sodium-Ion,98.0,332,Level 2 Charging,1.2,127678.89,Titanium,Singapore,2,0.0,4.0,19616,5,0,Luxury (>$110K),3.388,384.57,Medium,2504549106.24,Mid (2019-2021)
Polestar,Polestar 5 (upcoming),2020,Sodium-Ion,147.1,432,Overhead Pantograph Charging,8.0,63617.13,Pink,Saudi Arabia,3,0.0,4.0,16377,5,1,Mid ($50K–$80K),2.937,147.26,Medium,1041857738.01,Mid (2019-2021)
Changan,SL03,2024,Zinc-Air,27.0,196,Ccs,5.6,47377.26,Emerald Green,China,2,0.0,3.0,9265,3,0,Budget (<$50K),7.259,241.72,Top,438950313.90000004,Recent (2022-2025)
Rivian,R1T,2016,Magnesium-Ion,118.5,444,Vehicle-To-Grid (V2G),7.2,61757.05,Orange,South Korea,3,0.0,4.0,6550,3,1,Mid ($50K–$80K),3.747,139.09,Medium,404508677.5,Early (2015-2018)
Rimac,Nevera,2015,Calcium-Ion,141.7,185,Nacs,9.8,75986.03,Sky Blue,Singapore,3,0.0,4.0,13061,3,0,Mid ($50K–$80K),1.306,410.74,Low,992453537.83,Early (2015-2018)
Volvo,XC40 Recharge,2021,Solid-State,58.1,562,Chademo,2.7,30936.19,Aurora Blue,Uk,0,0.0,4.0,15240,5,1,Budget (<$50K),9.673,55.05,Top,471467535.59999996,Mid (2019-2021)
Honda,e:Ny1,2020,Magnesium-Ion,34.3,440,Overhead Pantograph Charging,0.8,38832.34,Cosmic Purple,Usa,3,0.0,4.0,14449,3,1,Budget (<$50K),12.828,88.26,Top,561088480.66,Mid (2019-2021)
Acura,ZDX (with GM Ultium),2017,Magnesium-Ion,74.2,215,Overhead Pantograph Charging,7.4,40443.39,Cobalt Blue,Vietnam,1,0.0,3.0,4917,5,0,Budget (<$50K),2.898,188.11,Medium,198860148.63,Early (2015-2018)
Porsche,Cayenne Electric (upcoming),2022,Solid-State,27.1,312,Mobile Charging,9.0,32604.25,Copper,Israel,1,0.0,4.0,9422,3,0,Budget (<$50K),11.513,104.5,Top,307197243.5,Recent (2022-2025)
Mini,Mini Cooper SE,2024,Lithium-Ion,67.7,143,Vehicle-To-Load (V2L),4.4,48139.06,Cosmic Purple,Russia,4,0.0,4.0,11399,3,0,Budget (<$50K),2.112,336.64,Low,548737144.9399999,Recent (2022-2025)
Xpeng,P7,2020,Lead-Acid,80.4,567,Ccs,5.1,117443.56,Forest Green,France,0,0.0,3.0,2185,4,1,Luxury (>$110K),7.052,207.13,Top,256614178.6,Mid (2019-2021)
Mercedes-Benz,EQA,2016,Nickel-Metal Hydride,58.1,512,Solar Charging,11.9,136420.35,Tan,Malaysia,5,0.0,5.0,15399,5,1,Luxury (>$110K),8.812,266.45,Top,2100736969.65,Early (2015-2018)
Honda,e:Ny1,2024,Aluminum-Ion,139.9,449,Vehicle-To-Grid (V2G),5.1,68541.17,Purple,South Korea,3,0.0,4.0,8328,3,1,Mid ($50K–$80K),3.209,152.65,Medium,570810863.76,Recent (2022-2025)
Jaguar,I-PACE,2022,Nickel-Cobalt-Aluminum,134.8,145,Vehicle-To-Home (V2H),0.8,42511.91,Ruby Red,Japan,3,0.0,5.0,7263,3,0,Budget (<$50K),1.076,293.19,Low,308764002.33000004,Recent (2022-2025)
Mini,Mini Aceman,2025,Calcium-Ion,104.5,332,Nacs,0.8,59326.88,Purple,New Zealand,2,0.0,3.0,1004,3,0,Mid ($50K–$80K),3.177,178.7,Medium,59564187.519999996,Recent (2022-2025)
Ferrari,SF90 Stradale (PHEV),2025,Magnesium-Ion,130.8,576,Mobile Charging,3.8,45585.63,Cream,South Korea,3,0.0,4.0,2461,3,1,Budget (<$50K),4.404,79.14,High,112186235.42999999,Recent (2022-2025)
Li Auto,L9,2018,Lithium-Sulfur,119.1,188,Solar Charging,11.5,114883.67,Titanium,China,2,0.0,4.0,12968,4,0,Luxury (>$110K),1.579,611.08,Low,1489811432.56,Early (2015-2018)
Ford,E-Transit,2023,Nickel-Metal Hydride,36.5,587,Level 2 Charging,7.9,137346.69,Copper,Italy,0,0.0,4.0,1796,3,1,Luxury (>$110K),16.082,233.98,Top,246674655.24,Recent (2022-2025)
Lotus,Evija,2020,Solid-State,101.6,273,Chademo,3.2,140321.99,Brown,Thailand,0,0.0,4.0,8425,4,0,Luxury (>$110K),2.687,514.0,Medium,1182212765.75,Mid (2019-2021)
Lucid Motors,Lucid Air,2016,Nickel-Cobalt-Aluminum,117.8,238,Mobile Charging,0.6,34047.93,Purple,Czech Republic,3,0.0,5.0,3415,3,0,Budget (<$50K),2.02,143.06,Low,116273680.95,Early (2015-2018)
Genesis,GV80 Electric,2025,Nickel-Cobalt-Aluminum,116.6,504,Ultra-Fast Charging (350 Kw+),7.8,120829.71,White,Russia,5,0.0,4.0,18894,5,1,Luxury (>$110K),4.322,239.74,High,2282956540.7400002,Recent (2022-2025)
Peugeot,e-3008,2022,Lithium-Titanate,68.8,157,Ultra-Fast Charging (350 Kw+),11.8,62914.74,Ice Silver,Hungary,2,0.0,4.0,7878,3,0,Mid ($50K–$80K),2.282,400.73,Low,495642321.71999997,Recent (2022-2025)
Toyota,Lexus UX 300e,2018,Sodium-Ion,148.1,524,Vehicle-To-Load (V2L),3.4,121086.77,Aurora Blue,Japan,3,0.0,3.0,11888,3,1,Luxury (>$110K),3.538,231.08,Medium,1439479521.76,Early (2015-2018)
Audi,Q8 e-tron,2020,Lithium-Ion,53.0,102,Inductive (Wireless) Charging,5.9,39912.77,Racing Red,Canada,4,0.0,4.0,8803,5,0,Budget (<$50K),1.925,391.3,Low,351352114.30999994,Mid (2019-2021)
Nissan,Ariya,2017,Zinc-Air,22.8,470,Overhead Pantograph Charging,0.9,72012.08,Matte Green,Sweden,4,0.0,4.0,13048,5,1,Mid ($50K–$80K),20.614,153.22,Top,939613619.84,Early (2015-2018)
Bmw,i7,2018,Lithium-Titanate,134.2,410,Nacs,3.8,81122.49,Emerald Green,France,3,0.0,5.0,12492,3,1,Premium ($80K–$110K),3.055,197.86,Medium,1013382145.08,Early (2015-2018)
Peugeot,e-5008,2023,Flow Batteries,136.0,413,Level 1 Charging,6.4,93928.91,Racing Red,South Korea,1,0.0,5.0,3858,4,1,Premium ($80K–$110K),3.037,227.43,Medium,362377734.78000003,Recent (2022-2025)
Jeep,Wagoneer S,2024,Nickel-Metal Hydride,134.2,176,Nacs,2.9,144668.51,Midnight Black,Mexico,3,0.0,4.0,7018,5,0,Luxury (>$110K),1.311,821.98,Low,1015283603.1800001,Recent (2022-2025)
Fisker,Pear (upcoming),2016,Nickel-Cobalt-Aluminum,42.7,335,Ccs,11.5,61344.68,Metallic Silver,Portugal,3,0.0,3.0,6604,4,0,Mid ($50K–$80K),7.845,183.12,Top,405120266.72,Early (2015-2018)
Genesis,G80 Electric,2018,Lithium-Titanate,83.7,230,Nacs,10.9,42147.78,Magenta,Sweden,3,0.0,4.0,19461,3,0,Budget (<$50K),2.748,183.25,Medium,820237946.5799999,Early (2015-2018)
Great Wall Motors,ORA Lightning Cat,2016,Sodium-Ion,104.4,333,Dc Fast Charging (Dcfc),7.6,103973.21,Charcoal,Mexico,3,0.0,5.0,4454,5,0,Premium ($80K–$110K),3.19,312.23,Medium,463096677.34000003,Early (2015-2018)
Vinfast,VF 8,2018,Calcium-Ion,137.5,513,Level 1 Charging,10.4,98961.34,Teal,United Arab Emirates,4,0.0,3.0,12955,4,1,Premium ($80K–$110K),3.731,192.91,Medium,1282044159.7,Early (2015-2018)
Mini,Mini Electric,2022,Lithium-Iron Phosphate,79.8,278,Vehicle-To-Home (V2H),2.2,92468.58,Emerald Green,France,5,0.0,4.0,19103,3,0,Premium ($80K–$110K),3.484,332.62,Medium,1766427283.74,Recent (2022-2025)
Hyundai,Ioniq 5,2020,Solid-State,33.3,554,Dc Fast Charging (Dcfc),3.3,54897.26,Yellow,Germany,1,0.0,3.0,5836,4,1,Mid ($50K–$80K),16.637,99.09,Top,320380409.36,Mid (2019-2021)
Xpeng,X9,2019,Lead-Acid,128.2,516,Solar Charging,8.7,135222.82,Pearl White,Switzerland,3,0.0,3.0,1093,5,1,Luxury (>$110K),4.025,262.06,Medium,147798542.26000002,Mid (2019-2021)
Great Wall Motors,ORA Good Cat,2023,Magnesium-Ion,61.8,460,Vehicle-To-Load (V2L),1.2,122176.3,Stealth Gray,Singapore,4,0.0,4.0,391,5,1,Luxury (>$110K),7.443,265.6,Top,47770933.300000004,Recent (2022-2025)
Fisker,Pear (upcoming),2023,Lithium-Iron Phosphate,82.4,186,Ccs,3.1,148492.54,Brown,United Arab Emirates,3,0.0,5.0,19531,3,0,Luxury (>$110K),2.257,798.35,Low,2900207798.7400002,Recent (2022-2025)
Geely,Geometry A,2020,Solid-State,101.2,138,Vehicle-To-Home (V2H),10.2,66191.53,Cosmic Purple,Ireland,1,0.0,5.0,9119,5,0,Mid ($50K–$80K),1.364,479.65,Low,603600562.0699999,Mid (2019-2021)
Geely,Emgrand EV,2018,Lead-Acid,36.0,214,Inductive (Wireless) Charging,5.6,110537.2,Matte Green,Portugal,2,0.0,3.0,14405,4,0,Luxury (>$110K),5.944,516.53,High,1592288366.0,Early (2015-2018)
Tesla,Model S,2020,Aluminum-Ion,50.2,282,Mobile Charging,8.0,90924.66,Gray,Switzerland,4,0.0,5.0,898,5,0,Premium ($80K–$110K),5.618,322.43,High,81650344.68,Mid (2019-2021)
Lamborghini,Revuelto (PHEV),2024,Flow Batteries,117.0,364,Mobile Charging,1.2,141657.62,Volcanic Yellow,Saudi Arabia,3,0.0,3.0,11161,5,0,Luxury (>$110K),3.111,389.17,Medium,1581040696.82,Recent (2022-2025)
Mahindra,Born Electric (upcoming range),2018,Nickel-Manganese-Cobalt,29.1,290,Vehicle-To-Grid (V2G),9.4,42037.78,Rose Gold,Belgium,0,0.0,4.0,13466,4,0,Budget (<$50K),9.966,144.96,Top,566080745.48,Early (2015-2018)
Skoda,Enyaq Coupe,2015,Flow Batteries,135.7,457,Plug-In Hydrogen Refueling,3.0,138650.57,Green,France,0,0.0,3.0,19342,4,1,Luxury (>$110K),3.368,303.39,Medium,2681779324.94,Early (2015-2018)
Pininfarina,Battista,2015,Zinc-Air,51.8,205,Ccs,10.2,60676.04,Blue,Austria,4,0.0,3.0,15913,5,0,Mid ($50K–$80K),3.958,295.98,Medium,965537824.52,Early (2015-2018)
Acura,ZDX (with GM Ultium),2015,Nickel-Cobalt-Aluminum,32.7,375,Chademo,10.6,137538.74,Copper,Argentina,0,0.0,4.0,5980,4,0,Luxury (>$110K),11.468,366.77,Top,822481665.1999999,Early (2015-2018)
Geely,Emgrand EV,2019,Nickel-Metal Hydride,58.8,386,Battery Swapping,11.2,59260.13,Turquoise,Hungary,3,0.0,3.0,18859,5,0,Mid ($50K–$80K),6.565,153.52,High,1117586791.6699998,Mid (2019-2021)
Cadillac,Lyriq,2020,Lithium-Titanate,135.8,296,Vehicle-To-Home (V2H),7.7,44357.65,Black,Malaysia,5,0.0,4.0,17980,5,0,Budget (<$50K),2.18,149.86,Low,797550547.0,Mid (2019-2021)
Cadillac,Lyriq,2018,Sodium-Ion,110.4,459,Mobile Charging,0.6,147420.89,Yellow,Singapore,3,0.0,5.0,8619,4,1,Luxury (>$110K),4.158,321.18,High,1270620650.91,Early (2015-2018)
Rimac,Nevera,2020,Lithium-Titanate,78.1,480,Dc Fast Charging (Dcfc),10.0,83671.52,Copper,Norway,3,0.0,4.0,11847,3,1,Premium ($80K–$110K),6.146,174.32,High,991256497.44,Mid (2019-2021)
Byd,Seagull,2025,Sodium-Ion,74.6,508,Battery Swapping,0.6,124447.66,Blue,Canada,5,0.0,5.0,19554,5,1,Luxury (>$110K),6.81,244.98,Top,2433449543.64,Recent (2022-2025)
Polestar,Polestar 2,2015,Solid-State,49.1,231,Dc Fast Charging (Dcfc),4.0,33992.3,Racing Red,Saudi Arabia,3,0.0,4.0,2364,4,0,Budget (<$50K),4.705,147.15,High,80357797.2,Early (2015-2018)
Vinfast,VF 8,2021,Sodium-Ion,60.2,231,Level 1 Charging,11.7,31626.18,Copper,Japan,3,0.0,4.0,8254,5,0,Budget (<$50K),3.837,136.91,Medium,261042489.72,Mid (2019-2021)
Changan,Deepal S07,2023,Magnesium-Ion,47.4,474,Vehicle-To-Home (V2H),4.5,73353.79,Black,Czech Republic,4,0.0,4.0,12986,4,1,Mid ($50K–$80K),10.0,154.75,Top,952572316.9399999,Recent (2022-2025)
Volkswagen,ID.5,2022,Nickel-Cobalt-Aluminum,27.9,594,Inductive (Wireless) Charging,6.6,113601.64,Gun Metal,Mexico,0,0.0,5.0,3498,4,1,Luxury (>$110K),21.29,191.25,Top,397378536.71999997,Recent (2022-2025)
Fisker,Ocean,2025,Flow Batteries,68.5,385,Ccs,4.7,69588.13,Black,Poland,2,0.0,3.0,16294,4,0,Mid ($50K–$80K),5.62,180.75,High,1133868990.22,Recent (2022-2025)
Audi,Q8 e-tron,2025,Lithium-Sulfur,82.5,511,Vehicle-To-Load (V2L),10.4,146476.36,Lime Green,India,0,0.0,3.0,5121,5,1,Luxury (>$110K),6.194,286.65,High,750105439.56,Recent (2022-2025)
Polestar,Polestar 2,2024,Nickel-Manganese-Cobalt,72.3,129,Nacs,4.7,145609.07,Yellow,Indonesia,2,0.0,4.0,11975,5,0,Luxury (>$110K),1.784,1128.75,Low,1743668613.25,Recent (2022-2025)
Mg,MG4 Electric,2019,Flow Batteries,60.1,582,Ultra-Fast Charging (350 Kw+),2.6,137367.83,Red,Uk,1,0.0,4.0,9143,4,1,Luxury (>$110K),9.684,236.03,Top,1255954069.6899998,Mid (2019-2021)
Dacia,Jogger Hybrid,2024,Nickel-Manganese-Cobalt,117.3,266,Dc Fast Charging (Dcfc),8.8,61938.57,Titanium,Poland,4,0.0,4.0,162,5,0,Mid ($50K–$80K),2.268,232.85,Low,10034048.34,Recent (2022-2025)
Mini,Mini Cooper SE,2021,Sodium-Ion,130.6,542,Battery Swapping,10.8,58155.3,Burgundy,Israel,5,0.0,5.0,16198,5,1,Mid ($50K–$80K),4.15,107.3,High,941999549.4000001,Mid (2019-2021)
Nissan,Ariya,2018,Nickel-Manganese-Cobalt,71.6,426,Vehicle-To-Load (V2L),5.3,60557.2,Matte Green,New Zealand,3,0.0,4.0,4850,4,1,Mid ($50K–$80K),5.95,142.15,High,293702420.0,Early (2015-2018)
Jaguar,I-PACE,2023,Nickel-Manganese-Cobalt,35.9,164,Vehicle-To-Home (V2H),4.0,82226.05,Sunset Orange,Vietnam,3,0.0,3.0,19278,3,0,Premium ($80K–$110K),4.568,501.38,High,1585153791.9,Recent (2022-2025)
Cadillac,Lyriq,2020,Nickel-Metal Hydride,69.5,229,Chademo,4.4,108938.53,Sapphire Blue,Switzerland,3,0.0,3.0,17398,4,0,Premium ($80K–$110K),3.295,475.71,Medium,1895312544.94,Mid (2019-2021)
Li Auto,MEGA,2020,Zinc-Air,35.2,421,Overhead Pantograph Charging,10.2,82328.55,Burgundy,Switzerland,5,0.0,4.0,15890,3,1,Premium ($80K–$110K),11.96,195.55,Top,1308200659.5,Mid (2019-2021)
Mini,Mini Cooper SE,2019,Magnesium-Ion,77.9,594,Vehicle-To-Load (V2L),11.0,149322.93,Bronze,Japan,3,0.0,3.0,4416,4,1,Luxury (>$110K),7.625,251.39,Top,659410058.88,Mid (2019-2021)
Peugeot,e-208,2016,Sodium-Ion,67.9,244,Battery Swapping,7.6,34293.73,Titanium,Finland,4,0.0,3.0,12130,4,0,Budget (<$50K),3.594,140.55,Medium,415982944.90000004,Early (2015-2018)
Acura,ZDX (with GM Ultium),2022,Lithium-Sulfur,143.5,236,Battery Swapping,4.6,117907.54,Cosmic Purple,New Zealand,5,0.0,4.0,8896,3,0,Luxury (>$110K),1.645,499.61,Low,1048905475.8399999,Recent (2022-2025)
Tesla,Roadster (upcoming),2020,Lithium-Ion,150.0,560,Mobile Charging,11.4,123641.63,Sky Blue,Malaysia,5,0.0,5.0,4682,4,1,Luxury (>$110K),3.733,220.79,Medium,578890111.66,Mid (2019-2021)
Nio,ES8,2025,Lead-Acid,134.5,354,Level 2 Charging,11.4,96638.7,Bronze,Netherlands,5,0.0,3.0,7692,4,0,Premium ($80K–$110K),2.632,272.99,Medium,743344880.4,Recent (2022-2025)
Zeekr,Zeekr 001,2025,Nickel-Metal Hydride,121.1,322,Solar Charging,3.5,50697.52,Navy Blue,Ireland,2,0.0,3.0,15792,5,0,Mid ($50K–$80K),2.659,157.45,Medium,800615235.8399999,Recent (2022-2025)
Xpeng,P7,2021,Sodium-Ion,49.1,353,Vehicle-To-Home (V2H),8.3,60725.82,Bronze,Russia,3,0.0,3.0,19215,3,0,Mid ($50K–$80K),7.189,172.03,Top,1166846631.3,Mid (2019-2021)
Nio,ES6,2025,Nickel-Cobalt-Aluminum,95.7,111,Vehicle-To-Load (V2L),9.7,71172.88,Midnight Black,Brazil,3,0.0,4.0,13994,5,0,Mid ($50K–$80K),1.16,641.2,Low,995993282.72,Recent (2022-2025)
Great Wall Motors,ORA Ballet Cat,2015,Nickel-Manganese-Cobalt,101.2,172,Inductive (Wireless) Charging,1.1,110386.88,Black,South Africa,3,0.0,4.0,18989,3,0,Luxury (>$110K),1.7,641.78,Low,2096136464.3200002,Early (2015-2018)
Ford,F-150 Lightning,2022,Lithium-Sulfur,50.1,525,Vehicle-To-Grid (V2G),7.1,115933.09,Stealth Gray,Portugal,0,0.0,4.0,12430,5,1,Luxury (>$110K),10.479,220.82,Top,1441048308.7,Recent (2022-2025)
Ferrari,Ferrari EV (2025+),2020,Aluminum-Ion,99.4,160,Ccs,7.9,50945.32,Rose Gold,Poland,2,0.0,4.0,3505,5,0,Mid ($50K–$80K),1.61,318.41,Low,178563346.6,Mid (2019-2021)
Ford,Explorer EV (Europe),2024,Aluminum-Ion,32.3,322,Overhead Pantograph Charging,7.3,41506.59,Green,Sweden,3,0.0,5.0,1951,4,0,Budget (<$50K),9.969,128.9,Top,80979357.08999999,Recent (2022-2025)
Cadillac,Celestiq,2021,Flow Batteries,76.3,396,Battery Swapping,2.3,98874.99,Copper,Denmark,1,0.0,5.0,9404,3,0,Premium ($80K–$110K),5.19,249.68,High,929820405.96,Mid (2019-2021)
Lotus,Evija,2019,Nickel-Cobalt-Aluminum,51.5,468,Vehicle-To-Load (V2L),3.3,105337.0,Emerald Green,Hungary,3,0.0,5.0,5875,4,1,Premium ($80K–$110K),9.087,225.08,Top,618854875.0,Mid (2019-2021)
Great Wall Motors,ORA Good Cat,2025,Magnesium-Ion,30.3,332,Inductive (Wireless) Charging,9.9,78123.74,Teal,Japan,2,0.0,4.0,19868,3,0,Mid ($50K–$80K),10.957,235.31,Top,1552162466.3200002,Recent (2022-2025)
Toyota,Lexus UX 300e,2025,Lithium-Sulfur,107.8,459,Ultra-Fast Charging (350 Kw+),8.4,47229.96,Matte Gray,Australia,3,0.0,5.0,17252,5,1,Budget (<$50K),4.258,102.9,High,814811269.92,Recent (2022-2025)
Toyota,Lexus UX 300e,2016,Magnesium-Ion,42.3,369,Vehicle-To-Grid (V2G),5.6,90771.06,Aurora Blue,Spain,4,0.0,3.0,9652,3,0,Premium ($80K–$110K),8.723,245.99,Top,876122271.12,Early (2015-2018)
Geely,Geometry C,2017,Zinc-Air,69.0,417,Plug-In Hydrogen Refueling,4.1,130182.07,Copper,France,3,0.0,3.0,4611,3,1,Luxury (>$110K),6.043,312.19,High,600269524.77,Early (2015-2018)
Mazda,MX-30,2019,Solid-State,111.6,104,Vehicle-To-Home (V2H),9.8,98013.46,Gray,Ireland,2,0.0,4.0,1842,3,0,Premium ($80K–$110K),0.932,942.44,Low,180540793.32000002,Mid (2019-2021)
Zeekr,Zeekr 009,2022,Lead-Acid,140.0,249,Plug-In Hydrogen Refueling,3.1,72912.54,Black,Uk,2,0.0,4.0,2603,3,0,Mid ($50K–$80K),1.779,292.82,Low,189791341.61999997,Recent (2022-2025)
Jaguar,I-PACE,2023,Lithium-Sulfur,68.0,326,Ultra-Fast Charging (350 Kw+),11.5,40995.43,Crimson Red,New Zealand,3,0.0,3.0,15111,4,0,Budget (<$50K),4.794,125.75,High,619481942.73,Recent (2022-2025)
Ferrari,SF90 Stradale (PHEV),2016,Aluminum-Ion,143.6,284,Vehicle-To-Grid (V2G),11.4,126229.16,Crimson Red,Usa,0,0.0,4.0,6983,4,0,Luxury (>$110K),1.978,444.47,Low,881458224.28,Early (2015-2018)
Rivian,R1T,2024,Nickel-Manganese-Cobalt,125.5,437,Level 2 Charging,1.5,136277.2,White,France,2,0.0,3.0,18074,5,1,Luxury (>$110K),3.482,311.85,Medium,2463074112.8,Recent (2022-2025)
Mercedes-Benz,EQE,2025,Aluminum-Ion,53.9,100,Vehicle-To-Grid (V2G),1.4,92906.18,Pink,Portugal,4,0.0,3.0,10259,3,0,Premium ($80K–$110K),1.855,929.06,Low,953124500.6199999,Recent (2022-2025)
Toyota,bZ4X,2020,Lead-Acid,113.8,527,Battery Swapping,10.0,40015.25,Titanium,United Arab Emirates,0,0.0,4.0,9923,4,1,Budget (<$50K),4.631,75.93,High,397071325.75,Mid (2019-2021)
Bmw,i3,2020,Lithium-Titanate,51.5,135,Ccs,7.1,69357.36,Platinum,Indonesia,3,0.0,5.0,6243,5,0,Mid ($50K–$80K),2.621,513.76,Medium,432997998.48,Mid (2019-2021)
Toyota,Lexus RZ,2022,Zinc-Air,76.8,125,Mobile Charging,3.5,90291.01,Pink,India,3,0.0,4.0,8957,3,0,Premium ($80K–$110K),1.628,722.33,Low,808736576.5699999,Recent (2022-2025)
Porsche,Panamera EV,2021,Calcium-Ion,53.9,129,Plug-In Hydrogen Refueling,7.3,61614.23,Racing Red,Turkey,0,0.0,4.0,8449,3,0,Mid ($50K–$80K),2.393,477.63,Low,520578629.27000004,Mid (2019-2021)
Peugeot,e-2008,2022,Magnesium-Ion,84.9,506,Ccs,4.0,96969.01,Burgundy,France,2,0.0,4.0,2478,5,1,Premium ($80K–$110K),5.96,191.64,High,240289206.78,Recent (2022-2025)
Mahindra,Born Electric (upcoming range),2020,Aluminum-Ion,83.7,385,Nacs,5.1,118562.03,Beige,Hungary,2,0.0,4.0,9142,5,0,Luxury (>$110K),4.6,307.95,High,1083894078.26,Mid (2019-2021)
Volkswagen,ID.7,2019,Magnesium-Ion,38.8,307,Vehicle-To-Load (V2L),9.6,32253.88,Matte White,South Korea,0,0.0,3.0,14360,5,0,Budget (<$50K),7.912,105.06,Top,463165716.8,Mid (2019-2021)
Mg,MG ES5,2017,Nickel-Cobalt-Aluminum,86.3,549,Vehicle-To-Home (V2H),1.0,47157.55,Red,Indonesia,5,0.0,3.0,14591,4,1,Budget (<$50K),6.362,85.9,High,688075812.0500001,Early (2015-2018)
Mini,Mini Aceman,2016,Nickel-Manganese-Cobalt,104.9,122,Vehicle-To-Grid (V2G),6.7,138200.86,Crimson Red,Vietnam,3,0.0,5.0,15319,4,0,Luxury (>$110K),1.163,1132.79,Low,2117098974.3399997,Early (2015-2018)
Li Auto,L7,2025,Lithium-Ion,60.7,162,Vehicle-To-Home (V2H),9.5,68693.52,Black,Russia,0,0.0,4.0,3633,5,0,Mid ($50K–$80K),2.669,424.03,Medium,249563558.16000003,Recent (2022-2025)
Peugeot,e-208,2015,Aluminum-Ion,78.3,342,Battery Swapping,2.6,64073.81,Turquoise,Argentina,0,0.0,4.0,15801,3,0,Mid ($50K–$80K),4.368,187.35,High,1012430271.81,Early (2015-2018)
Zeekr,Zeekr 007,2022,Nickel-Metal Hydride,109.4,409,Nacs,9.7,51225.19,Stealth Gray,Austria,0,0.0,4.0,19394,3,1,Mid ($50K–$80K),3.739,125.24,Medium,993461334.86,Recent (2022-2025)
Jaguar,I-PACE,2017,Nickel-Manganese-Cobalt,143.8,481,Overhead Pantograph Charging,7.7,94168.34,Metallic Silver,Vietnam,3,0.0,5.0,1782,5,1,Premium ($80K–$110K),3.345,195.78,Medium,167807981.88,Early (2015-2018)
Skoda,Elroq (upcoming),2016,Nickel-Metal Hydride,109.3,123,Overhead Pantograph Charging,7.3,127009.04,Cobalt Blue,Czech Republic,5,0.0,5.0,17478,5,0,Luxury (>$110K),1.125,1032.59,Low,2219864001.12,Early (2015-2018)
Nissan,Leaf,2017,Flow Batteries,120.6,275,Plug-In Hydrogen Refueling,9.7,37299.38,Electric Blue,Indonesia,3,0.0,3.0,4873,4,0,Budget (<$50K),2.28,135.63,Low,181759878.73999998,Early (2015-2018)
Mahindra,XUV400,2016,Calcium-Ion,72.4,432,Nacs,8.8,118226.92,Cream,Belgium,1,0.0,5.0,11525,5,1,Luxury (>$110K),5.967,273.67,High,1362565253.0,Early (2015-2018)
Kia,EV6,2016,Nickel-Cobalt-Aluminum,77.0,293,Dc Fast Charging (Dcfc),5.5,79602.02,Matte Green,Thailand,2,0.0,5.0,6319,4,0,Mid ($50K–$80K),3.805,271.68,Medium,503005164.38000005,Early (2015-2018)
Bmw,iX,2020,Lithium-Iron Phosphate,147.5,292,Vehicle-To-Load (V2L),2.7,47315.21,Blue,Finland,3,0.0,3.0,18008,3,0,Budget (<$50K),1.98,162.04,Low,852052301.68,Mid (2019-2021)
Nio,ES7,2015,Zinc-Air,77.1,509,Vehicle-To-Home (V2H),9.9,128682.82,Ruby Red,United Arab Emirates,0,0.0,3.0,9421,3,1,Luxury (>$110K),6.602,252.81,High,1212320847.22,Early (2015-2018)
Citroen,ë-C4,2015,Flow Batteries,20.6,299,Mobile Charging,6.7,91832.9,Forest Green,Singapore,0,0.0,3.0,7377,5,0,Premium ($80K–$110K),14.515,307.13,Top,677451303.3,Early (2015-2018)
Faraday Future,FF 91,2025,Lithium-Titanate,73.8,462,Vehicle-To-Load (V2L),10.7,76057.57,Matte Green,Belgium,4,0.0,4.0,1669,5,1,Mid ($50K–$80K),6.26,164.63,High,126940084.33000001,Recent (2022-2025)
Rimac,Nevera,2015,Lithium-Sulfur,81.1,164,Vehicle-To-Load (V2L),8.0,99233.98,Pearl White,Australia,2,0.0,5.0,1565,4,0,Premium ($80K–$110K),2.022,605.09,Low,155301178.7,Early (2015-2018)
Acura,ZDX (with GM Ultium),2016,Aluminum-Ion,101.0,574,Mobile Charging,11.0,69408.39,Aurora Blue,Switzerland,4,0.0,3.0,15883,4,1,Mid ($50K–$80K),5.683,120.92,High,1102413458.37,Early (2015-2018)
Nissan,Ariya,2017,Lead-Acid,41.4,266,Level 1 Charging,5.6,71336.92,Crimson Red,Norway,3,0.0,4.0,2390,4,0,Mid ($50K–$80K),6.425,268.18,High,170495238.79999998,Early (2015-2018)
Byd,Han EV,2016,Lithium-Iron Phosphate,62.8,229,Vehicle-To-Home (V2H),1.4,126117.03,Matte Gray,Turkey,2,0.0,3.0,3944,5,0,Luxury (>$110K),3.646,550.73,Medium,497405566.32,Early (2015-2018)
Acura,ZDX (with GM Ultium),2016,Lead-Acid,23.2,483,Dc Fast Charging (Dcfc),9.9,42219.42,Black,Usa,5,0.0,5.0,12244,3,1,Budget (<$50K),20.819,87.41,Top,516934578.47999996,Early (2015-2018)
Pininfarina,Battista,2024,Zinc-Air,138.8,208,Inductive (Wireless) Charging,9.7,48482.98,Tan,Finland,3,0.0,5.0,8691,4,0,Budget (<$50K),1.499,233.09,Low,421365579.18,Recent (2022-2025)
Volvo,EX90,2024,Lithium-Iron Phosphate,25.5,579,Chademo,8.3,51380.09,Electric Blue,Ireland,3,0.0,3.0,13482,3,1,Mid ($50K–$80K),22.706,88.74,Top,692706373.38,Recent (2022-2025)
Geely,Geometry A,2017,Lithium-Sulfur,127.8,533,Ccs,2.8,54621.98,Rose Gold,Poland,1,0.0,3.0,18595,3,1,Mid ($50K–$80K),4.171,102.48,High,1015695718.1,Early (2015-2018)
Zeekr,Zeekr 007,2024,Lithium-Sulfur,133.1,320,Solar Charging,2.9,81302.62,Sky Blue,Denmark,3,0.0,4.0,19535,4,0,Premium ($80K–$110K),2.404,254.07,Low,1588246681.6999998,Recent (2022-2025)
Byd,Dolphin,2023,Magnesium-Ion,35.3,116,Mobile Charging,11.9,139937.62,Beige,Austria,0,0.0,5.0,15693,4,0,Luxury (>$110K),3.286,1206.36,Medium,2196041070.66,Recent (2022-2025)
Opel,Corsa-e,2018,Flow Batteries,118.8,165,Inductive (Wireless) Charging,0.6,48678.54,Platinum,Switzerland,1,0.0,3.0,3396,5,0,Budget (<$50K),1.389,295.02,Low,165312321.84,Early (2015-2018)
Ferrari,Roma PHEV,2015,Magnesium-Ion,38.9,113,Chademo,6.2,61020.68,Black,Poland,4,0.0,4.0,16878,4,0,Mid ($50K–$80K),2.905,540.01,Medium,1029907037.04,Early (2015-2018)
Changan,SL03,2022,Flow Batteries,39.9,121,Nacs,5.8,87195.83,Graphite Gray,Ireland,3,0.0,4.0,6722,4,0,Premium ($80K–$110K),3.033,720.63,Medium,586130369.26,Recent (2022-2025)
Lucid Motors,Lucid DreamDrive,2015,Calcium-Ion,92.1,369,Chademo,2.8,135951.34,Silver,Singapore,0,0.0,5.0,5561,4,0,Luxury (>$110K),4.007,368.43,Medium,756025401.74,Early (2015-2018)
Changan,Deepal S07,2015,Flow Batteries,109.4,285,Ccs,6.5,140663.03,Gray,France,3,0.0,5.0,13566,3,0,Luxury (>$110K),2.605,493.55,Medium,1908234664.98,Early (2015-2018)
Xpeng,P5,2023,Aluminum-Ion,148.1,189,Dc Fast Charging (Dcfc),10.6,95333.16,Matte Green,India,3,0.0,4.0,16521,5,0,Premium ($80K–$110K),1.276,504.41,Low,1574999136.3600001,Recent (2022-2025)
Lotus,Eletre,2017,Nickel-Manganese-Cobalt,96.4,259,Nacs,4.7,95315.8,Bronze,India,0,0.0,5.0,14732,5,0,Premium ($80K–$110K),2.687,368.01,Medium,1404192365.6000001,Early (2015-2018)
Volkswagen,ID.4,2025,Lithium-Sulfur,33.1,412,Vehicle-To-Home (V2H),11.9,83143.89,Electric Blue,Canada,3,0.0,5.0,143,5,1,Premium ($80K–$110K),12.447,201.81,Top,11889576.27,Recent (2022-2025)
Maserati,GranTurismo Folgore,2019,Lithium-Sulfur,138.1,333,Level 2 Charging,11.4,125800.4,Bronze,Saudi Arabia,2,0.0,5.0,12358,5,0,Luxury (>$110K),2.411,377.78,Low,1554641343.1999998,Mid (2019-2021)
Changan,Q05,2025,Nickel-Metal Hydride,70.3,193,Ccs,3.0,110395.96,Graphite Gray,Germany,3,0.0,3.0,10491,5,0,Luxury (>$110K),2.745,572.0,Medium,1158164016.3600001,Recent (2022-2025)
Cadillac,Optiq (upcoming),2022,Flow Batteries,108.9,213,Level 1 Charging,6.6,116975.88,White,Switzerland,1,0.0,4.0,7903,4,0,Luxury (>$110K),1.956,549.18,Low,924460379.64,Recent (2022-2025)
Kia,Niro EV,2021,Lithium-Titanate,134.0,369,Vehicle-To-Load (V2L),0.8,149154.47,Green,Mexico,2,0.0,3.0,7698,5,0,Luxury (>$110K),2.754,404.21,Medium,1148191110.06,Mid (2019-2021)
Renault,Kangoo E-Tech,2018,Lithium-Titanate,30.1,519,Nacs,11.7,44333.01,Aurora Blue,Mexico,1,0.0,4.0,8258,3,1,Budget (<$50K),17.243,85.42,Top,366101996.58000004,Early (2015-2018)
Lucid Motors,Lucid Air,2022,Lead-Acid,40.7,215,Level 2 Charging,4.5,133682.57,Aurora Blue,Indonesia,0,0.0,4.0,17067,4,0,Luxury (>$110K),5.283,621.78,High,2281560422.19,Recent (2022-2025)
Dacia,Bigster EV (upcoming),2019,Aluminum-Ion,21.8,158,Mobile Charging,5.6,65316.3,Beige,Italy,3,0.0,5.0,10374,4,0,Mid ($50K–$80K),7.248,413.39,Top,677591296.2,Mid (2019-2021)
Pininfarina,Battista,2020,Aluminum-Ion,64.7,537,Solar Charging,2.2,70092.04,Burgundy,Vietnam,1,0.0,3.0,15178,3,1,Mid ($50K–$80K),8.3,130.53,Top,1063856983.1199999,Mid (2019-2021)
Volkswagen,ID.Buzz,2021,Nickel-Manganese-Cobalt,100.1,122,Vehicle-To-Grid (V2G),8.2,41867.18,Navy Blue,Spain,3,0.0,3.0,18254,4,0,Budget (<$50K),1.219,343.17,Low,764243503.72,Mid (2019-2021)
Mini,Mini Aceman,2023,Lithium-Iron Phosphate,148.6,415,Chademo,9.7,130117.93,Lime Green,Ireland,1,0.0,4.0,13867,5,1,Luxury (>$110K),2.793,313.54,Medium,1804345335.31,Recent (2022-2025)
Mg,MG ES5,2017,Zinc-Air,73.6,320,Dc Fast Charging (Dcfc),1.2,73248.28,Turquoise,Russia,4,0.0,3.0,16076,5,0,Mid ($50K–$80K),4.348,228.9,High,1177539349.28,Early (2015-2018)
Hyundai,Ioniq 6,2024,Nickel-Metal Hydride,73.4,346,Ultra-Fast Charging (350 Kw+),7.7,30488.05,Cream,Japan,3,0.0,4.0,9350,4,0,Budget (<$50K),4.714,88.12,High,285063267.5,Recent (2022-2025)
Acura,ZDX (with GM Ultium),2024,Magnesium-Ion,76.4,245,Level 2 Charging,7.0,132857.5,White,South Korea,3,0.0,5.0,10586,4,0,Luxury (>$110K),3.207,542.28,Medium,1406429495.0,Recent (2022-2025)
Pininfarina,Battista,2018,Lithium-Ion,27.1,342,Battery Swapping,10.3,45635.17,Racing Red,Russia,5,0.0,3.0,10315,3,0,Budget (<$50K),12.62,133.44,Top,470726778.54999995,Early (2015-2018)
Canoo,MPDV,2017,Sodium-Ion,106.5,381,Vehicle-To-Home (V2H),8.4,128943.61,Blue,Russia,1,0.0,4.0,12239,4,0,Luxury (>$110K),3.577,338.43,Medium,1578140842.79,Early (2015-2018)
Ferrari,SF90 Stradale (PHEV),2015,Lithium-Titanate,78.2,421,Plug-In Hydrogen Refueling,9.1,37887.02,Orange,Russia,3,0.0,5.0,4811,4,1,Budget (<$50K),5.384,89.99,High,182274453.22,Early (2015-2018)
Chevrolet,Bolt EV,2021,Lithium-Sulfur,42.9,334,Vehicle-To-Grid (V2G),10.9,60868.22,Magenta,Singapore,5,0.0,4.0,11669,3,0,Mid ($50K–$80K),7.786,182.24,Top,710271259.1800001,Mid (2019-2021)
Rimac,Nevera,2019,Nickel-Manganese-Cobalt,135.5,444,Battery Swapping,1.4,149516.21,White,Netherlands,5,0.0,5.0,18003,5,1,Luxury (>$110K),3.277,336.75,Medium,2691740328.6299996,Mid (2019-2021)
Renault,Kangoo E-Tech,2020,Sodium-Ion,97.9,560,Vehicle-To-Load (V2L),11.1,97653.6,Racing Red,Norway,3,0.0,4.0,5362,5,1,Premium ($80K–$110K),5.72,174.38,High,523618603.20000005,Mid (2019-2021)
Peugeot,e-2008,2018,Lithium-Ion,124.8,150,Plug-In Hydrogen Refueling,11.1,62853.57,Crimson Red,Germany,1,0.0,5.0,16220,4,0,Mid ($50K–$80K),1.202,419.02,Low,1019484905.4,Early (2015-2018)
Dacia,Bigster EV (upcoming),2019,Flow Batteries,120.7,216,Ultra-Fast Charging (350 Kw+),9.4,147031.83,Matte Blue,Poland,3,0.0,4.0,9252,5,0,Luxury (>$110K),1.79,680.7,Low,1360338491.1599998,Mid (2019-2021)
Bmw,i4,2022,Nickel-Manganese-Cobalt,36.8,425,Plug-In Hydrogen Refueling,8.8,139621.32,Aurora Blue,Sweden,5,0.0,4.0,3367,5,1,Luxury (>$110K),11.549,328.52,Top,470104984.44,Recent (2022-2025)
Vinfast,VF 6,2021,Nickel-Manganese-Cobalt,101.6,505,Dc Fast Charging (Dcfc),0.8,101572.39,Candy Apple Red,United Arab Emirates,1,0.0,5.0,8114,3,1,Premium ($80K–$110K),4.97,201.13,High,824158372.46,Mid (2019-2021)
Nio,ES7,2017,Solid-State,36.7,164,Vehicle-To-Grid (V2G),4.6,71838.43,Gun Metal,New Zealand,0,0.0,3.0,9312,5,0,Mid ($50K–$80K),4.469,438.04,High,668959460.16,Early (2015-2018)
Jeep,Wrangler 4xe (PHEV),2015,Sodium-Ion,103.6,340,Dc Fast Charging (Dcfc),4.7,131834.29,Matte Black,Spain,5,0.0,4.0,3833,5,0,Luxury (>$110K),3.282,387.75,Medium,505320833.57000005,Early (2015-2018)
Ford,F-150 Lightning,2019,Lithium-Iron Phosphate,139.5,240,Level 2 Charging,8.7,86087.78,Black,Turkey,3,0.0,5.0,7842,5,0,Premium ($80K–$110K),1.72,358.7,Low,675100370.76,Mid (2019-2021)
Pininfarina,Battista,2018,Sodium-Ion,141.3,376,Battery Swapping,10.4,104325.3,Racing Red,New Zealand,5,0.0,5.0,5358,3,0,Premium ($80K–$110K),2.661,277.46,Medium,558974957.4,Early (2015-2018)
Acura,ZDX (with GM Ultium),2016,Nickel-Metal Hydride,71.1,426,Chademo,1.6,109200.84,Green,Hungary,3,0.0,3.0,15217,5,1,Premium ($80K–$110K),5.992,256.34,High,1661709182.28,Early (2015-2018)
Changan,SL03,2022,Lithium-Ion,68.1,114,Vehicle-To-Home (V2H),0.8,74523.22,Ruby Red,Germany,1,0.0,4.0,13260,3,0,Mid ($50K–$80K),1.674,653.71,Low,988177897.2,Recent (2022-2025)
Honda,Honda e (discontinued),2025,Calcium-Ion,119.2,203,Chademo,5.4,84360.48,White,Russia,0,0.0,4.0,16823,5,0,Premium ($80K–$110K),1.703,415.57,Low,1419196355.04,Recent (2022-2025)
Vinfast,VF 7,2022,Zinc-Air,140.2,355,Vehicle-To-Load (V2L),8.1,49569.86,Ruby Red,Denmark,4,0.0,4.0,18537,3,0,Budget (<$50K),2.532,139.63,Low,918876494.82,Recent (2022-2025)
Faraday Future,FF 91,2020,Lithium-Sulfur,54.8,543,Ultra-Fast Charging (350 Kw+),11.8,139737.66,Candy Apple Red,Singapore,1,0.0,5.0,585,3,1,Luxury (>$110K),9.909,257.34,Top,81746531.10000001,Mid (2019-2021)
Li Auto,L9,2016,Sodium-Ion,98.4,395,Mobile Charging,2.4,141422.21,Candy Apple Red,Saudi Arabia,3,0.0,4.0,7336,3,0,Luxury (>$110K),4.014,358.03,Medium,1037473332.56,Early (2015-2018)
Rivian,R1T,2025,Nickel-Manganese-Cobalt,94.6,496,Ultra-Fast Charging (350 Kw+),1.3,109817.05,Ruby Red,Poland,2,0.0,5.0,13861,5,1,Premium ($80K–$110K),5.243,221.41,High,1522174130.05,Recent (2022-2025)
Kia,EV9,2021,Sodium-Ion,102.0,172,Ccs,9.7,126212.54,Burgundy,Japan,4,0.0,5.0,11690,5,0,Luxury (>$110K),1.686,733.79,Low,1475424592.6,Mid (2019-2021)
Mini,Mini Cooper SE,2015,Magnesium-Ion,20.6,161,Chademo,11.3,57276.58,Ruby Red,South Korea,3,0.0,3.0,10843,3,0,Mid ($50K–$80K),7.816,355.76,Top,621049956.94,Early (2015-2018)
Mahindra,Born Electric (upcoming range),2024,Lithium-Iron Phosphate,42.2,384,Vehicle-To-Home (V2H),7.8,138823.63,Sky Blue,Netherlands,3,0.0,4.0,6137,3,0,Luxury (>$110K),9.1,361.52,Top,851960617.3100001,Recent (2022-2025)
Xpeng,X9,2025,Zinc-Air,81.8,199,Dc Fast Charging (Dcfc),1.4,135812.56,Pearl White,Spain,1,0.0,5.0,861,4,0,Luxury (>$110K),2.433,682.48,Low,116934614.16,Recent (2022-2025)
Rimac,Nevera,2024,Lithium-Iron Phosphate,115.3,258,Solar Charging,3.4,103044.9,Cobalt Blue,Canada,4,0.0,5.0,18831,5,0,Premium ($80K–$110K),2.238,399.4,Low,1940438511.8999999,Recent (2022-2025)
Nio,ET9,2025,Lithium-Sulfur,107.0,383,Battery Swapping,0.6,98963.93,Cosmic Purple,Sweden,3,0.0,4.0,11624,4,0,Premium ($80K–$110K),3.579,258.39,Medium,1150356722.32,Recent (2022-2025)
Volvo,EX90,2023,Sodium-Ion,20.7,327,Level 2 Charging,4.2,43176.97,Matte White,Sweden,5,0.0,3.0,2937,5,0,Budget (<$50K),15.797,132.04,Top,126810760.89,Recent (2022-2025)
Maserati,GranTurismo Folgore,2022,Nickel-Metal Hydride,149.6,344,Overhead Pantograph Charging,7.2,62866.65,Titanium,Argentina,0,0.0,5.0,15044,5,0,Mid ($50K–$80K),2.299,182.75,Low,945765882.6,Recent (2022-2025)
Nio,ET5,2016,Lithium-Titanate,63.3,466,Battery Swapping,3.2,149376.71,Navy Blue,Uk,3,0.0,4.0,14863,4,1,Luxury (>$110K),7.362,320.55,Top,2220186040.73,Early (2015-2018)
Seat,Avenger,2022,Sodium-Ion,74.5,428,Plug-In Hydrogen Refueling,4.7,84957.78,Metallic Silver,Italy,3,0.0,3.0,11061,3,1,Premium ($80K–$110K),5.745,198.5,High,939718004.58,Recent (2022-2025)
Zeekr,Zeekr 009,2024,Lithium-Ion,123.0,510,Chademo,3.3,36541.85,Burgundy,Poland,3,0.0,4.0,15900,5,1,Budget (<$50K),4.146,71.65,High,581015415.0,Recent (2022-2025)
Nissan,Ariya,2016,Calcium-Ion,68.8,526,Mobile Charging,3.0,130494.3,Sunset Orange,Austria,0,0.0,4.0,5403,5,1,Luxury (>$110K),7.645,248.09,Top,705060702.9,Early (2015-2018)
Cadillac,Lyriq,2022,Lithium-Titanate,88.7,425,Vehicle-To-Grid (V2G),2.2,54287.14,Matte Green,India,3,0.0,3.0,14150,4,1,Mid ($50K–$80K),4.791,127.73,High,768163031.0,Recent (2022-2025)
Jaguar,I-PACE,2024,Lithium-Ion,48.6,533,Vehicle-To-Home (V2H),1.2,99141.6,Bronze,Canada,3,0.0,5.0,15377,4,1,Premium ($80K–$110K),10.967,186.01,Top,1524500383.2,Recent (2022-2025)
Cadillac,Celestiq,2025,Lithium-Iron Phosphate,33.5,394,Solar Charging,5.2,33873.54,Sapphire Blue,India,4,0.0,3.0,4873,3,0,Budget (<$50K),11.761,85.97,Top,165065760.42000002,Recent (2022-2025)
Cadillac,Optiq (upcoming),2018,Lithium-Ion,86.7,484,Vehicle-To-Load (V2L),6.7,67316.45,Aurora Blue,Malaysia,4,0.0,4.0,7103,4,1,Mid ($50K–$80K),5.582,139.08,High,478148744.34999996,Early (2015-2018)
Fisker,Pear (upcoming),2023,Lithium-Titanate,70.9,451,Vehicle-To-Grid (V2G),12.0,83638.99,Gold,Turkey,5,0.0,3.0,18673,5,1,Premium ($80K–$110K),6.361,185.45,High,1561790860.27,Recent (2022-2025)
Geely,Geometry A,2020,Lithium-Sulfur,83.5,270,Overhead Pantograph Charging,0.7,127489.51,Metallic Silver,Switzerland,1,0.0,4.0,10732,4,0,Luxury (>$110K),3.234,472.18,Medium,1368217421.32,Mid (2019-2021)
Geely,Emgrand EV,2023,Solid-State,56.0,374,Nacs,10.9,51901.3,Copper,Thailand,4,0.0,3.0,7863,4,0,Mid ($50K–$80K),6.679,138.77,High,408099921.90000004,Recent (2022-2025)
Hyundai,Ioniq 7 (upcoming),2020,Lithium-Ion,93.8,443,Nacs,8.1,123914.34,Lime Green,France,4,0.0,5.0,2811,3,1,Luxury (>$110K),4.723,279.72,High,348323209.74,Mid (2019-2021)
Jaguar,I-PACE,2020,Solid-State,86.6,138,Ultra-Fast Charging (350 Kw+),4.9,99625.77,Black,Germany,3,0.0,5.0,10003,4,0,Premium ($80K–$110K),1.594,721.93,Low,996556577.3100001,Mid (2019-2021)
Cadillac,Celestiq,2015,Magnesium-Ion,65.1,512,Dc Fast Charging (Dcfc),4.3,102581.77,Crimson Red,Finland,1,0.0,3.0,2380,5,1,Premium ($80K–$110K),7.865,200.36,Top,244144612.60000002,Early (2015-2018)
Skoda,Enyaq,2021,Magnesium-Ion,129.4,405,Level 2 Charging,0.7,90063.94,Brown,South Korea,4,0.0,4.0,10102,3,1,Premium ($80K–$110K),3.13,222.38,Medium,909825921.88,Mid (2019-2021)
Zeekr,Zeekr 007,2021,Solid-State,33.4,488,Vehicle-To-Home (V2H),8.4,130231.16,Bronze,Netherlands,3,0.0,5.0,976,4,1,Luxury (>$110K),14.611,266.87,Top,127105612.16,Mid (2019-2021)
Peugeot,e-3008,2023,Nickel-Metal Hydride,56.4,447,Level 1 Charging,3.4,107703.99,Champagne,Israel,2,0.0,3.0,1097,3,1,Premium ($80K–$110K),7.926,240.95,Top,118151277.03,Recent (2022-2025)
Bmw,iX,2016,Sodium-Ion,28.4,502,Vehicle-To-Grid (V2G),1.6,71705.89,Matte Gray,Ireland,1,0.0,5.0,15343,4,1,Mid ($50K–$80K),17.676,142.84,Top,1100183470.27,Early (2015-2018)
Honda,Honda e (discontinued),2016,Zinc-Air,55.2,594,Overhead Pantograph Charging,10.4,141864.44,Midnight Black,Argentina,3,0.0,4.0,4465,4,1,Luxury (>$110K),10.761,238.83,Top,633424724.6,Early (2015-2018)
Volvo,C40 Recharge,2019,Aluminum-Ion,101.0,168,Chademo,5.6,120229.77,Ice Silver,New Zealand,3,0.0,5.0,5420,4,0,Luxury (>$110K),1.663,715.65,Low,651645353.4,Mid (2019-2021)
Mg,MG4 Electric,2018,Zinc-Air,105.6,284,Overhead Pantograph Charging,3.5,113294.97,Gold,Saudi Arabia,0,0.0,3.0,3955,4,0,Luxury (>$110K),2.689,398.93,Medium,448081606.35,Early (2015-2018)
Genesis,GV80 Electric,2022,Nickel-Cobalt-Aluminum,98.3,498,Ccs,8.2,74478.92,Yellow,Switzerland,2,0.0,3.0,5147,3,1,Mid ($50K–$80K),5.066,149.56,High,383343001.24,Recent (2022-2025)
Great Wall Motors,ORA Lightning Cat,2015,Lead-Acid,118.6,412,Vehicle-To-Load (V2L),3.3,85541.46,Pearl White,Hungary,3,0.0,4.0,7691,4,1,Premium ($80K–$110K),3.474,207.62,Medium,657899368.86,Early (2015-2018)
Seat,Avenger,2016,Lithium-Titanate,46.6,278,Vehicle-To-Load (V2L),9.6,136301.76,Purple,Vietnam,0,0.0,4.0,622,3,0,Luxury (>$110K),5.966,490.29,High,84779694.72,Early (2015-2018)
Li Auto,L9,2020,Magnesium-Ion,62.4,367,Level 2 Charging,12.0,66578.37,Matte Black,Netherlands,2,0.0,5.0,5217,5,0,Mid ($50K–$80K),5.881,181.41,High,347339356.28999996,Mid (2019-2021)
Nio,ET9,2020,Lithium-Titanate,65.1,325,Nacs,7.1,134074.9,Racing Red,Malaysia,3,0.0,5.0,11835,5,0,Luxury (>$110K),4.992,412.54,High,1586776441.5,Mid (2019-2021)
Changan,Q05,2018,Nickel-Cobalt-Aluminum,22.5,130,Overhead Pantograph Charging,4.5,45957.47,Sky Blue,Italy,1,0.0,4.0,15079,4,0,Budget (<$50K),5.778,353.52,High,692992690.13,Early (2015-2018)
Nissan,Leaf,2016,Sodium-Ion,45.7,169,Vehicle-To-Home (V2H),9.1,148584.62,Electric Blue,Poland,2,0.0,4.0,12442,5,0,Luxury (>$110K),3.698,879.2,Medium,1848689842.04,Early (2015-2018)
Maserati,GranTurismo Folgore,2018,Lithium-Titanate,83.4,221,Vehicle-To-Home (V2H),11.9,100542.09,Aurora Blue,Usa,5,0.0,5.0,6039,5,0,Premium ($80K–$110K),2.65,454.94,Medium,607173681.51,Early (2015-2018)
Jeep,Wrangler 4xe (PHEV),2017,Lithium-Titanate,39.5,500,Ultra-Fast Charging (350 Kw+),11.8,134265.96,Beige,Mexico,5,0.0,5.0,15948,4,1,Luxury (>$110K),12.658,268.53,Top,2141273530.08,Early (2015-2018)
Toyota,Lexus RZ,2020,Solid-State,40.6,267,Plug-In Hydrogen Refueling,2.3,50283.87,White,Saudi Arabia,5,0.0,4.0,8401,5,0,Mid ($50K–$80K),6.576,188.33,High,422434791.87,Mid (2019-2021)
Toyota,bZ4X,2024,Zinc-Air,109.3,297,Ccs,2.9,36825.73,Red,United Arab Emirates,3,0.0,5.0,19419,5,0,Budget (<$50K),2.717,123.99,Medium,715118850.87,Recent (2022-2025)
Lucid Motors,Lucid DreamDrive,2024,Lithium-Sulfur,64.2,118,Plug-In Hydrogen Refueling,8.1,93513.69,Matte Black,Sweden,0,0.0,5.0,12376,3,0,Premium ($80K–$110K),1.838,792.49,Low,1157325427.44,Recent (2022-2025)
Subaru,Solterra,2022,Lead-Acid,68.5,353,Ccs,9.1,59455.97,Ruby Red,Denmark,2,0.0,5.0,13604,3,0,Mid ($50K–$80K),5.153,168.43,High,808839015.88,Recent (2022-2025)
Rimac,Nevera,2025,Zinc-Air,69.8,253,Dc Fast Charging (Dcfc),2.1,68292.46,Matte Gray,South Africa,4,0.0,5.0,17970,5,0,Mid ($50K–$80K),3.625,269.93,Medium,1227215506.2,Recent (2022-2025)
Citroen,Ami,2021,Magnesium-Ion,24.0,135,Dc Fast Charging (Dcfc),10.7,30435.06,Yellow,Czech Republic,1,0.0,4.0,841,3,0,Budget (<$50K),5.625,225.44,High,25595885.46,Mid (2019-2021)
Opel,Mokka-e,2023,Lithium-Ion,86.0,270,Solar Charging,3.5,122384.74,Electric Blue,Russia,3,0.0,4.0,16198,4,0,Luxury (>$110K),3.14,453.28,Medium,1982388018.52,Recent (2022-2025)
Li Auto,L8,2023,Magnesium-Ion,143.9,497,Dc Fast Charging (Dcfc),8.7,39110.76,Graphite Gray,South Korea,1,0.0,3.0,1528,5,1,Budget (<$50K),3.454,78.69,Medium,59761241.28,Recent (2022-2025)
Great Wall Motors,ORA Ballet Cat,2022,Sodium-Ion,144.6,292,Battery Swapping,2.5,96638.88,Matte Gray,Japan,3,0.0,4.0,15160,3,0,Premium ($80K–$110K),2.019,330.96,Low,1465045420.8,Recent (2022-2025)
Cadillac,Lyriq,2018,Solid-State,36.0,593,Plug-In Hydrogen Refueling,4.6,113010.36,Magenta,India,3,0.0,3.0,4355,3,1,Luxury (>$110K),16.472,190.57,Top,492160117.8,Early (2015-2018)
Mahindra,XUV400,2022,Magnesium-Ion,117.7,257,Nacs,8.6,134239.53,Champagne,Hungary,4,0.0,4.0,10402,5,0,Luxury (>$110K),2.184,522.33,Low,1396359591.06,Recent (2022-2025)
Faraday Future,FF 91,2015,Nickel-Cobalt-Aluminum,48.4,538,Battery Swapping,1.8,71288.36,Sunset Orange,Netherlands,0,0.0,3.0,18834,4,1,Mid ($50K–$80K),11.116,132.51,Top,1342644972.24,Early (2015-2018)
Volvo,XC40 Recharge,2015,Lithium-Ion,146.6,522,Dc Fast Charging (Dcfc),5.8,109057.37,Midnight Black,Hungary,3,0.0,3.0,6388,5,1,Premium ($80K–$110K),3.561,208.92,Medium,696658479.56,Early (2015-2018)
Genesis,GV60,2016,Lithium-Iron Phosphate,106.1,588,Level 2 Charging,2.5,132068.6,Ruby Red,United Arab Emirates,0,0.0,3.0,9084,4,1,Luxury (>$110K),5.542,224.61,High,1199711162.4,Early (2015-2018)
Gmc,Hummer EV SUV,2016,Calcium-Ion,111.6,517,Plug-In Hydrogen Refueling,0.9,85850.93,Charcoal,Russia,5,0.0,5.0,18723,5,1,Premium ($80K–$110K),4.633,166.06,High,1607386962.3899999,Early (2015-2018)
Tesla,Model Y,2018,Lithium-Titanate,109.1,553,Overhead Pantograph Charging,3.1,145270.93,Turquoise,Germany,3,0.0,3.0,10664,3,1,Luxury (>$110K),5.069,262.7,High,1549169197.52,Early (2015-2018)
Chevrolet,Volt (PHEV),2024,Lithium-Sulfur,69.1,161,Vehicle-To-Load (V2L),3.3,135418.32,Turquoise,China,2,0.0,3.0,960,5,0,Luxury (>$110K),2.33,841.11,Low,130001587.2,Recent (2022-2025)
Xpeng,P5,2018,Lithium-Ion,132.4,578,Chademo,3.9,30014.46,Magenta,Uk,1,0.0,4.0,13594,4,1,Budget (<$50K),4.366,51.93,High,408016569.24,Early (2015-2018)
Polestar,Polestar 3,2024,Lithium-Ion,48.9,296,Ultra-Fast Charging (350 Kw+),8.1,92097.37,Turquoise,New Zealand,1,0.0,5.0,636,5,0,Premium ($80K–$110K),6.053,311.14,High,58573927.32,Recent (2022-2025)
Tesla,Model S,2023,Lithium-Sulfur,33.3,172,Plug-In Hydrogen Refueling,6.1,35255.94,Cosmic Purple,Poland,1,0.0,4.0,178,3,0,Budget (<$50K),5.165,204.98,High,6275557.32,Recent (2022-2025)
Volvo,EX30,2025,Aluminum-Ion,148.1,544,Overhead Pantograph Charging,6.4,111062.28,Cosmic Purple,Czech Republic,5,0.0,3.0,16449,3,1,Luxury (>$110K),3.673,204.16,Medium,1826863443.72,Recent (2022-2025)
Citroen,Ami,2024,Lithium-Ion,38.3,186,Level 1 Charging,1.6,147304.53,Yellow,Ireland,4,0.0,5.0,3673,4,0,Luxury (>$110K),4.856,791.96,High,541049538.6899999,Recent (2022-2025)
Opel,Mokka-e,2015,Nickel-Manganese-Cobalt,146.0,161,Nacs,5.0,138432.79,Aurora Blue,Brazil,2,0.0,5.0,5226,5,0,Luxury (>$110K),1.103,859.83,Low,723449760.5400001,Early (2015-2018)
Ford,E-Transit,2018,Lithium-Titanate,98.5,320,Overhead Pantograph Charging,5.4,135571.3,Emerald Green,United Arab Emirates,5,0.0,3.0,4659,3,0,Luxury (>$110K),3.249,423.66,Medium,631626686.6999999,Early (2015-2018)
Honda,Honda e (discontinued),2022,Solid-State,135.7,524,Ultra-Fast Charging (350 Kw+),4.9,110835.13,Crimson Red,Czech Republic,2,0.0,3.0,15368,3,1,Luxury (>$110K),3.861,211.52,Medium,1703314277.8400002,Recent (2022-2025)
Skoda,Elroq (upcoming),2022,Lithium-Sulfur,63.8,132,Solar Charging,4.7,74184.35,White,United Arab Emirates,0,0.0,3.0,13976,5,0,Mid ($50K–$80K),2.069,562.0,Low,1036800475.6,Recent (2022-2025)
Jeep,Wagoneer S,2019,Nickel-Manganese-Cobalt,45.5,261,Vehicle-To-Grid (V2G),11.0,60513.2,Cobalt Blue,Malaysia,4,0.0,3.0,1245,5,0,Mid ($50K–$80K),5.736,231.85,High,75338934.0,Mid (2019-2021)
Nissan,Leaf,2019,Sodium-Ion,27.4,367,Ccs,3.5,81672.75,Magenta,Malaysia,3,0.0,4.0,9686,3,0,Premium ($80K–$110K),13.394,222.54,Top,791082256.5,Mid (2019-2021)
Mahindra,XUV400,2021,Lithium-Ion,41.8,285,Nacs,4.4,138967.96,Metallic Silver,Uk,5,0.0,3.0,17890,3,0,Luxury (>$110K),6.818,487.61,Top,2486136804.3999996,Mid (2019-2021)
Ferrari,Roma PHEV,2019,Aluminum-Ion,29.0,289,Battery Swapping,8.3,41545.76,Forest Green,Malaysia,2,0.0,3.0,18143,3,0,Budget (<$50K),9.966,143.76,Top,753764723.6800001,Mid (2019-2021)
Geely,Geometry A,2024,Lithium-Iron Phosphate,47.5,534,Plug-In Hydrogen Refueling,7.6,138456.63,Black,Saudi Arabia,4,0.0,4.0,14223,3,1,Luxury (>$110K),11.242,259.28,Top,1969268648.49,Recent (2022-2025)
Volkswagen,ID.2all,2015,Magnesium-Ion,129.3,295,Solar Charging,4.9,116502.32,Titanium,New Zealand,3,0.0,3.0,10842,3,0,Luxury (>$110K),2.282,394.92,Low,1263118153.44,Early (2015-2018)
Lamborghini,Lanzador (upcoming EV),2020,Lithium-Ion,116.8,139,Solar Charging,3.3,148103.98,Matte Green,Israel,2,0.0,4.0,19009,5,0,Luxury (>$110K),1.19,1065.5,Low,2815308555.82,Mid (2019-2021)
Mercedes-Benz,EQS SUV,2016,Lithium-Ion,38.8,276,Mobile Charging,9.3,42848.21,Forest Green,South Africa,1,0.0,3.0,8064,3,0,Budget (<$50K),7.113,155.25,Top,345527965.44,Early (2015-2018)
Skoda,Elroq (upcoming),2023,Magnesium-Ion,73.2,526,Ccs,6.7,145742.67,Titanium,Singapore,4,0.0,5.0,6722,5,1,Luxury (>$110K),7.186,277.08,Top,979682227.7400001,Recent (2022-2025)
Opel,Corsa-e,2020,Lithium-Iron Phosphate,22.0,321,Vehicle-To-Load (V2L),3.0,31796.38,Lime Green,Saudi Arabia,0,0.0,4.0,608,3,0,Budget (<$50K),14.591,99.05,Top,19332199.04,Mid (2019-2021)
Peugeot,e-5008,2025,Nickel-Manganese-Cobalt,80.3,305,Chademo,8.5,134518.7,Matte Blue,Canada,2,0.0,3.0,18960,4,0,Luxury (>$110K),3.798,441.04,Medium,2550474552.0,Recent (2022-2025)
Chevrolet,Equinox EV,2020,Nickel-Manganese-Cobalt,58.1,566,Solar Charging,4.5,114799.75,Black,Vietnam,0,0.0,4.0,14220,4,1,Luxury (>$110K),9.742,202.83,Top,1632452445.0,Mid (2019-2021)
Rivian,EDV (Electric Delivery Van),2025,Lithium-Sulfur,51.9,495,Mobile Charging,9.1,74719.02,Champagne,Vietnam,4,0.0,5.0,12357,3,1,Mid ($50K–$80K),9.538,150.95,Top,923302930.1400001,Recent (2022-2025)
Peugeot,e-5008,2018,Nickel-Metal Hydride,113.1,211,Nacs,11.6,143732.41,Champagne,Japan,5,0.0,3.0,10697,4,0,Luxury (>$110K),1.866,681.2,Low,1537505589.77,Early (2015-2018)
Xpeng,G9,2025,Magnesium-Ion,146.8,573,Battery Swapping,1.2,58028.82,Metallic Silver,Germany,3,0.0,3.0,18916,5,1,Mid ($50K–$80K),3.903,101.27,Medium,1097673159.12,Recent (2022-2025)
Geely,Geometry C,2023,Solid-State,103.3,483,Vehicle-To-Grid (V2G),0.9,72506.7,Volcanic Yellow,Uk,3,0.0,4.0,6097,3,1,Mid ($50K–$80K),4.676,150.12,High,442073349.9,Recent (2022-2025)
Zeekr,Zeekr X,2022,Lithium-Sulfur,114.8,210,Vehicle-To-Home (V2H),3.4,35431.1,Electric Blue,China,2,0.0,4.0,11287,5,0,Budget (<$50K),1.829,168.72,Low,399910825.7,Recent (2022-2025)
Great Wall Motors,ORA Ballet Cat,2016,Magnesium-Ion,76.9,387,Chademo,5.3,37845.54,Racing Red,Czech Republic,1,0.0,4.0,17651,4,0,Budget (<$50K),5.033,97.79,High,668011626.54,Early (2015-2018)
Vinfast,VF 7,2020,Lithium-Sulfur,35.7,522,Mobile Charging,11.2,125220.18,Tan,Poland,1,0.0,4.0,12990,5,1,Luxury (>$110K),14.622,239.89,Top,1626610138.1999998,Mid (2019-2021)
Maserati,GranTurismo Folgore,2024,Nickel-Metal Hydride,72.6,218,Vehicle-To-Load (V2L),7.8,32260.06,Matte White,South Africa,2,0.0,3.0,9771,5,0,Budget (<$50K),3.003,147.98,Medium,315213046.26,Recent (2022-2025)
Mini,Mini Cooper SE,2022,Lead-Acid,115.7,555,Ccs,5.2,138236.83,White,South Africa,0,0.0,4.0,2245,5,1,Luxury (>$110K),4.797,249.08,High,310341683.34999996,Recent (2022-2025)
Skoda,Elroq (upcoming),2015,Magnesium-Ion,143.5,166,Solar Charging,3.8,78257.61,Cosmic Purple,Norway,1,0.0,4.0,12371,3,0,Mid ($50K–$80K),1.157,471.43,Low,968124893.3100001,Early (2015-2018)
Faraday Future,FF 91,2018,Magnesium-Ion,125.1,527,Inductive (Wireless) Charging,1.4,97676.93,Ice Silver,Uk,1,0.0,3.0,19315,5,1,Premium ($80K–$110K),4.213,185.35,High,1886629902.9499998,Early (2015-2018)
Lucid Motors,Lucid DreamDrive,2015,Lithium-Sulfur,64.1,432,Ultra-Fast Charging (350 Kw+),0.5,137771.94,Matte Black,Austria,0,0.0,4.0,13514,4,1,Luxury (>$110K),6.739,318.92,Top,1861849997.16,Early (2015-2018)
Jeep,Grand Cherokee 4xe (PHEV),2022,Lithium-Iron Phosphate,92.9,598,Vehicle-To-Grid (V2G),6.9,41491.15,Crimson Red,New Zealand,5,0.0,5.0,18297,3,1,Budget (<$50K),6.437,69.38,High,759163571.5500001,Recent (2022-2025)
Lamborghini,Revuelto (PHEV),2020,Sodium-Ion,136.7,437,Nacs,4.7,90462.37,Forest Green,Japan,0,0.0,4.0,1682,5,1,Premium ($80K–$110K),3.197,207.01,Medium,152157706.34,Mid (2019-2021)
Polestar,Polestar 3,2023,Lithium-Sulfur,29.4,471,Vehicle-To-Load (V2L),9.2,84609.2,White,Sweden,2,0.0,4.0,5238,4,1,Premium ($80K–$110K),16.02,179.64,Top,443182989.59999996,Recent (2022-2025)
Seat,Avenger,2023,Lead-Acid,29.2,273,Level 1 Charging,3.4,40569.14,Aurora Blue,Saudi Arabia,3,0.0,4.0,19974,5,0,Budget (<$50K),9.349,148.6,Top,810328002.36,Recent (2022-2025)
Volvo,EX30,2025,Zinc-Air,49.0,487,Level 2 Charging,9.4,137131.24,Burgundy,Norway,5,0.0,4.0,13949,5,1,Luxury (>$110K),9.939,281.58,Top,1912843666.7599998,Recent (2022-2025)
Fisker,Ocean,2024,Sodium-Ion,51.9,496,Vehicle-To-Grid (V2G),7.3,117494.54,Forest Green,Norway,3,0.0,5.0,13576,3,1,Luxury (>$110K),9.557,236.88,Top,1595105875.04,Recent (2022-2025)
Skoda,Enyaq,2020,Nickel-Cobalt-Aluminum,124.0,444,Nacs,3.2,36238.3,Ice Silver,India,0,0.0,4.0,16096,3,1,Budget (<$50K),3.581,81.62,Medium,583291676.8000001,Mid (2019-2021)
Hyundai,Ioniq 6,2016,Calcium-Ion,39.6,554,Level 1 Charging,3.4,82502.79,Pearl White,Japan,1,0.0,5.0,14628,4,1,Premium ($80K–$110K),13.99,148.92,Top,1206850812.12,Early (2015-2018)
Mg,MG5 EV,2021,Nickel-Metal Hydride,47.8,329,Vehicle-To-Grid (V2G),8.6,87557.67,Crimson Red,Italy,3,0.0,4.0,13631,3,0,Premium ($80K–$110K),6.883,266.13,Top,1193498599.77,Mid (2019-2021)
Gmc,Hummer EV SUV,2025,Solid-State,111.8,308,Level 2 Charging,5.4,122712.57,Copper,China,4,0.0,4.0,13260,5,0,Luxury (>$110K),2.755,398.42,Medium,1627168678.2,Recent (2022-2025)
Polestar,Polestar 3,2022,Lithium-Titanate,128.5,290,Vehicle-To-Grid (V2G),9.5,138743.2,Graphite Gray,Portugal,2,0.0,4.0,17189,4,0,Luxury (>$110K),2.257,478.42,Low,2384856864.8,Recent (2022-2025)
Ferrari,SF90 Stradale (PHEV),2024,Lithium-Sulfur,145.4,358,Ultra-Fast Charging (350 Kw+),5.3,94286.77,Sky Blue,Turkey,1,0.0,5.0,5445,3,0,Premium ($80K–$110K),2.462,263.37,Low,513391462.65000004,Recent (2022-2025)
Citroen,Ami,2021,Lithium-Ion,56.7,237,Battery Swapping,4.2,51889.81,Titanium,India,0,0.0,5.0,5670,5,0,Mid ($50K–$80K),4.18,218.94,High,294215222.7,Mid (2019-2021)
Pininfarina,Battista,2021,Magnesium-Ion,34.1,101,Ultra-Fast Charging (350 Kw+),5.5,79324.18,Stealth Gray,Netherlands,0,0.0,5.0,1014,4,0,Mid ($50K–$80K),2.962,785.39,Medium,80434718.52,Mid (2019-2021)
Rivian,R1S,2019,Solid-State,101.3,323,Level 1 Charging,6.4,75038.73,Purple,Canada,3,0.0,5.0,19450,4,0,Mid ($50K–$80K),3.189,232.32,Medium,1459503298.5,Mid (2019-2021)
Tesla,Model Y,2023,Lithium-Iron Phosphate,101.2,205,Dc Fast Charging (Dcfc),3.2,104697.82,Silver,Netherlands,2,0.0,3.0,2161,4,0,Premium ($80K–$110K),2.026,510.72,Low,226251989.02,Recent (2022-2025)
Byd,Dolphin,2020,Sodium-Ion,61.5,254,Plug-In Hydrogen Refueling,2.9,47815.37,Red,Usa,5,0.0,3.0,11169,4,0,Budget (<$50K),4.13,188.25,High,534049867.53000003,Mid (2019-2021)
Bmw,i4,2020,Nickel-Manganese-Cobalt,47.3,467,Solar Charging,1.8,98669.32,White,Germany,3,0.0,5.0,2190,5,1,Premium ($80K–$110K),9.873,211.28,Top,216085810.8,Mid (2019-2021)
Pininfarina,Battista,2016,Nickel-Manganese-Cobalt,69.2,110,Nacs,3.9,113234.3,Beige,Ireland,4,0.0,4.0,6977,3,0,Luxury (>$110K),1.59,1029.4,Low,790035711.1,Early (2015-2018)
Citroen,Ami,2021,Calcium-Ion,100.6,331,Mobile Charging,5.8,131634.85,Turquoise,Spain,0,0.0,3.0,13694,3,0,Luxury (>$110K),3.29,397.69,Medium,1802607635.9,Mid (2019-2021)
Byd,Tang EV,2018,Calcium-Ion,88.2,180,Solar Charging,7.5,100658.5,Brown,Israel,5,0.0,5.0,3778,5,0,Premium ($80K–$110K),2.041,559.21,Low,380287813.0,Early (2015-2018)
Changan,Deepal S07,2023,Lead-Acid,24.7,155,Solar Charging,7.9,53155.57,Crimson Red,Poland,2,0.0,5.0,12790,3,0,Mid ($50K–$80K),6.275,342.94,High,679859740.3,Recent (2022-2025)
Ferrari,SF90 Stradale (PHEV),2022,Zinc-Air,27.3,184,Nacs,8.0,137261.53,Electric Blue,Germany,5,0.0,3.0,5351,3,0,Luxury (>$110K),6.74,745.99,Top,734486447.03,Recent (2022-2025)
Vinfast,VF 7,2019,Calcium-Ion,112.7,269,Vehicle-To-Home (V2H),7.5,101588.05,Silver,New Zealand,3,0.0,5.0,15896,3,0,Premium ($80K–$110K),2.387,377.65,Low,1614843642.8,Mid (2019-2021)
Polestar,Polestar 2,2021,Flow Batteries,47.3,314,Overhead Pantograph Charging,5.6,93225.72,Metallic Silver,Malaysia,5,0.0,3.0,9332,3,0,Premium ($80K–$110K),6.638,296.9,High,869982419.04,Mid (2019-2021)
Polestar,Polestar 5 (upcoming),2022,Nickel-Manganese-Cobalt,82.8,294,Vehicle-To-Load (V2L),7.5,126545.1,Lime Green,Denmark,5,0.0,5.0,12551,4,0,Luxury (>$110K),3.551,430.43,Medium,1588267550.1000001,Recent (2022-2025)
Rivian,R1S,2016,Zinc-Air,74.8,260,Mobile Charging,9.5,99914.52,Orange,Italy,3,0.0,5.0,783,3,0,Premium ($80K–$110K),3.476,384.29,Medium,78233069.16,Early (2015-2018)
Maserati,GranTurismo Folgore,2019,Lithium-Iron Phosphate,92.8,477,Chademo,4.8,100560.66,Cream,Singapore,0,0.0,4.0,8832,5,1,Premium ($80K–$110K),5.14,210.82,High,888151749.12,Mid (2019-2021)
Lotus,Emeya,2023,Zinc-Air,148.7,300,Level 1 Charging,6.5,87471.51,Brown,Austria,0,0.0,5.0,7843,4,0,Premium ($80K–$110K),2.017,291.57,Low,686039052.93,Recent (2022-2025)
Jeep,Wrangler 4xe (PHEV),2024,Lithium-Sulfur,99.3,451,Solar Charging,9.6,61249.44,Bronze,Norway,3,0.0,4.0,4933,4,1,Mid ($50K–$80K),4.542,135.81,High,302143487.52000004,Recent (2022-2025)
Lamborghini,Lanzador (upcoming EV),2016,Lithium-Ion,98.2,229,Vehicle-To-Home (V2H),10.0,49573.14,Aurora Blue,Portugal,3,0.0,4.0,8050,5,0,Budget (<$50K),2.332,216.48,Low,399063777.0,Early (2015-2018)
Jaguar,I-PACE,2021,Magnesium-Ion,20.9,329,Nacs,11.8,142875.36,Black,Austria,4,0.0,3.0,609,5,0,Luxury (>$110K),15.742,434.27,Top,87011094.24,Mid (2019-2021)
Genesis,GV80 Electric,2023,Nickel-Manganese-Cobalt,82.4,100,Vehicle-To-Load (V2L),4.6,42757.43,Matte Green,Finland,4,0.0,4.0,14806,5,0,Budget (<$50K),1.214,427.57,Low,633066508.58,Recent (2022-2025)
Great Wall Motors,ORA Ballet Cat,2019,Magnesium-Ion,107.9,301,Ultra-Fast Charging (350 Kw+),1.6,147890.83,Navy Blue,New Zealand,3,0.0,5.0,14406,5,0,Luxury (>$110K),2.79,491.33,Medium,2130515296.9799998,Mid (2019-2021)
Citroen,Ami,2021,Solid-State,72.5,219,Ultra-Fast Charging (350 Kw+),9.3,77079.42,Burgundy,Saudi Arabia,3,0.0,5.0,13437,3,0,Mid ($50K–$80K),3.021,351.96,Medium,1035716166.54,Mid (2019-2021)
Subaru,Solterra,2019,Lithium-Ion,99.3,306,Plug-In Hydrogen Refueling,4.7,129006.91,Matte Green,Russia,2,0.0,3.0,8411,5,0,Luxury (>$110K),3.082,421.59,Medium,1085077120.01,Mid (2019-2021)
Genesis,GV80 Electric,2019,Solid-State,37.2,434,Vehicle-To-Home (V2H),4.9,35807.6,Matte White,Japan,5,0.0,3.0,8344,5,1,Budget (<$50K),11.667,82.51,Top,298778614.4,Mid (2019-2021)
Mercedes-Benz,EQC,2015,Magnesium-Ion,107.6,183,Level 1 Charging,4.6,133019.06,Purple,Germany,2,0.0,4.0,19617,3,0,Luxury (>$110K),1.701,726.88,Low,2609434900.02,Early (2015-2018)
Chevrolet,Bolt EV,2024,Nickel-Metal Hydride,134.0,196,Dc Fast Charging (Dcfc),9.5,67936.44,Cobalt Blue,Poland,3,0.0,4.0,14947,4,0,Mid ($50K–$80K),1.463,346.61,Low,1015445968.6800001,Recent (2022-2025)
Mg,MG5 EV,2017,Nickel-Manganese-Cobalt,75.0,313,Dc Fast Charging (Dcfc),8.0,50946.5,Candy Apple Red,Singapore,1,0.0,4.0,14283,5,0,Mid ($50K–$80K),4.173,162.77,High,727668859.5,Early (2015-2018)
Subaru,Solterra,2015,Solid-State,91.7,231,Mobile Charging,5.6,145578.7,Green,Indonesia,5,0.0,5.0,11927,3,0,Luxury (>$110K),2.519,630.21,Low,1736317154.9,Early (2015-2018)
Renault,Kangoo E-Tech,2019,Solid-State,21.8,139,Solar Charging,1.2,108072.44,Champagne,Belgium,5,0.0,3.0,8376,5,0,Premium ($80K–$110K),6.376,777.5,High,905214757.44,Mid (2019-2021)
Zeekr,Zeekr 009,2020,Lithium-Sulfur,75.8,132,Chademo,9.9,126025.02,Crimson Red,Saudi Arabia,3,0.0,4.0,9919,5,0,Luxury (>$110K),1.741,954.74,Low,1250042173.38,Mid (2019-2021)
Bmw,i3,2024,Calcium-Ion,118.0,416,Nacs,8.6,91216.23,Gun Metal,Canada,5,0.0,3.0,11129,5,1,Premium ($80K–$110K),3.525,219.27,Medium,1015145423.67,Recent (2022-2025)
Honda,e:Ny1,2020,Flow Batteries,113.0,519,Vehicle-To-Grid (V2G),1.9,148253.34,Lime Green,Vietnam,5,0.0,5.0,2774,3,1,Luxury (>$110K),4.593,285.65,High,411254765.15999997,Mid (2019-2021)
Vinfast,VFe34 (discontinued),2019,Lithium-Titanate,79.1,270,Dc Fast Charging (Dcfc),3.3,121763.76,Navy Blue,Japan,2,0.0,5.0,10397,3,0,Luxury (>$110K),3.413,450.98,Medium,1265977812.72,Mid (2019-2021)
Byd,Seagull,2023,Aluminum-Ion,145.9,442,Battery Swapping,1.1,71492.1,Purple,Portugal,2,0.0,4.0,756,5,1,Mid ($50K–$80K),3.029,161.75,Medium,54048027.6,Recent (2022-2025)
Acura,ZDX (with GM Ultium),2016,Solid-State,101.2,500,Overhead Pantograph Charging,9.4,84519.99,Emerald Green,Malaysia,1,0.0,4.0,17535,4,1,Premium ($80K–$110K),4.941,169.04,High,1482058024.65,Early (2015-2018)
Nio,ES7,2018,Magnesium-Ion,97.5,228,Battery Swapping,10.8,121013.96,Matte Gray,Germany,2,0.0,4.0,5403,5,0,Luxury (>$110K),2.338,530.76,Low,653838425.88,Early (2015-2018)
Citroen,ë-C4,2016,Zinc-Air,66.1,573,Level 2 Charging,11.5,97224.11,Forest Green,Usa,2,0.0,3.0,7860,4,1,Premium ($80K–$110K),8.669,169.68,Top,764181504.6,Early (2015-2018)
Acura,ZDX (with GM Ultium),2017,Lithium-Titanate,101.0,550,Plug-In Hydrogen Refueling,2.1,137232.76,Sky Blue,Argentina,2,0.0,5.0,12536,3,1,Luxury (>$110K),5.446,249.51,High,1720349879.3600001,Early (2015-2018)
Mg,MG5 EV,2024,Nickel-Manganese-Cobalt,68.3,507,Overhead Pantograph Charging,8.9,83108.65,Ice Silver,Austria,1,0.0,4.0,6800,3,1,Premium ($80K–$110K),7.423,163.92,Top,565138820.0,Recent (2022-2025)
Nissan,Ariya,2016,Lead-Acid,85.6,280,Vehicle-To-Home (V2H),6.8,93690.58,Midnight Black,South Africa,0,0.0,4.0,5901,5,0,Premium ($80K–$110K),3.271,334.61,Medium,552868112.58,Early (2015-2018)
Mg,MG4 Electric,2024,Nickel-Manganese-Cobalt,87.4,106,Dc Fast Charging (Dcfc),6.9,97494.53,Platinum,Argentina,4,0.0,4.0,13245,5,0,Premium ($80K–$110K),1.213,919.76,Low,1291315049.85,Recent (2022-2025)
Seat,Avenger,2022,Magnesium-Ion,58.0,544,Vehicle-To-Grid (V2G),2.3,68325.81,Racing Red,India,0,0.0,4.0,3257,5,1,Mid ($50K–$80K),9.379,125.6,Top,222537163.17,Recent (2022-2025)
Faraday Future,FF 91,2020,Lead-Acid,78.8,268,Level 2 Charging,9.6,96259.98,Silver,Italy,3,0.0,3.0,1495,4,0,Premium ($80K–$110K),3.401,359.18,Medium,143908670.1,Mid (2019-2021)
Xpeng,X9,2015,Aluminum-Ion,80.2,247,Inductive (Wireless) Charging,7.2,105934.5,Platinum,Spain,2,0.0,5.0,5496,3,0,Premium ($80K–$110K),3.08,428.88,Medium,582216012.0,Early (2015-2018)
Ford,E-Transit,2025,Magnesium-Ion,53.2,558,Battery Swapping,0.6,87319.8,Emerald Green,France,0,0.0,5.0,13,3,1,Premium ($80K–$110K),10.489,156.49,Top,1135157.4000000001,Recent (2022-2025)
Audi,e-tron GT,2015,Magnesium-Ion,45.5,303,Vehicle-To-Load (V2L),11.0,103250.88,Ruby Red,China,4,0.0,3.0,14206,3,0,Premium ($80K–$110K),6.659,340.76,High,1466782001.28,Early (2015-2018)
Acura,ZDX (with GM Ultium),2021,Flow Batteries,74.6,347,Dc Fast Charging (Dcfc),11.9,88645.67,Matte Green,Austria,3,0.0,5.0,817,5,0,Premium ($80K–$110K),4.651,255.46,High,72423512.39,Mid (2019-2021)
Polestar,Polestar 2,2025,Aluminum-Ion,136.4,484,Inductive (Wireless) Charging,0.6,30619.88,Racing Red,India,3,0.0,3.0,10830,3,1,Budget (<$50K),3.548,63.26,Medium,331613300.40000004,Recent (2022-2025)
Ferrari,SF90 Stradale (PHEV),2015,Calcium-Ion,144.1,251,Dc Fast Charging (Dcfc),9.8,75982.18,Beige,Portugal,0,0.0,4.0,9724,3,0,Mid ($50K–$80K),1.742,302.72,Low,738850718.3199999,Early (2015-2018)
Lamborghini,Revuelto (PHEV),2016,Nickel-Cobalt-Aluminum,83.8,208,Chademo,10.3,66083.68,Titanium,Spain,3,0.0,4.0,2008,4,0,Mid ($50K–$80K),2.482,317.71,Low,132696029.43999998,Early (2015-2018)
Changan,Q05,2018,Nickel-Manganese-Cobalt,138.0,370,Nacs,1.3,44669.85,Orange,Japan,3,0.0,5.0,8428,4,0,Budget (<$50K),2.681,120.73,Medium,376477495.8,Early (2015-2018)
Gmc,Hummer EV Pickup,2016,Flow Batteries,32.4,131,Overhead Pantograph Charging,9.3,62570.85,Emerald Green,Vietnam,4,0.0,4.0,14741,5,0,Mid ($50K–$80K),4.043,477.64,Medium,922356899.85,Early (2015-2018)
Nissan,Leaf,2018,Nickel-Cobalt-Aluminum,101.7,545,Mobile Charging,7.8,120042.82,Bronze,Russia,0,0.0,4.0,19107,5,1,Luxury (>$110K),5.359,220.26,High,2293658161.7400002,Early (2015-2018)
Dacia,Jogger Hybrid,2022,Lead-Acid,56.7,466,Plug-In Hydrogen Refueling,4.1,56065.48,Silver,Saudi Arabia,3,0.0,4.0,6947,3,1,Mid ($50K–$80K),8.219,120.31,Top,389486889.56,Recent (2022-2025)
Honda,Honda e (discontinued),2023,Nickel-Metal Hydride,23.4,337,Level 2 Charging,0.5,48469.77,Navy Blue,Australia,2,0.0,5.0,14226,4,0,Budget (<$50K),14.402,143.83,Top,689530948.02,Recent (2022-2025)
Vinfast,VF 6,2021,Lithium-Iron Phosphate,88.8,274,Dc Fast Charging (Dcfc),1.7,132452.82,Charcoal,Denmark,3,0.0,3.0,2940,4,0,Luxury (>$110K),3.086,483.4,Medium,389411290.8,Mid (2019-2021)
Faraday Future,FF 91,2021,Lithium-Iron Phosphate,109.1,543,Level 1 Charging,6.8,138825.89,Burgundy,Spain,5,0.0,4.0,16892,5,1,Luxury (>$110K),4.977,255.66,High,2345046933.88,Mid (2019-2021)
Zeekr,Zeekr 001,2016,Nickel-Metal Hydride,120.3,357,Level 1 Charging,4.0,114250.52,Crimson Red,South Korea,2,0.0,4.0,4157,3,0,Luxury (>$110K),2.968,320.03,Medium,474939411.64000005,Early (2015-2018)
Kia,Niro EV,2022,Solid-State,111.3,364,Ccs,0.5,93696.17,Yellow,Australia,3,0.0,3.0,2793,4,0,Premium ($80K–$110K),3.27,257.41,Medium,261693402.81,Recent (2022-2025)
Ford,Explorer EV (Europe),2022,Lithium-Iron Phosphate,127.7,331,Ccs,1.3,84240.01,White,Thailand,4,0.0,5.0,10064,3,0,Premium ($80K–$110K),2.592,254.5,Low,847791460.64,Recent (2022-2025)
Mazda,Mazda EV (upcoming models),2018,Sodium-Ion,133.7,530,Solar Charging,5.4,98312.6,Metallic Silver,Australia,1,0.0,4.0,12446,5,1,Premium ($80K–$110K),3.964,185.5,Medium,1223598619.6000001,Early (2015-2018)
Jeep,Recon (upcoming),2022,Magnesium-Ion,117.9,448,Overhead Pantograph Charging,1.5,105178.61,Beige,Japan,1,0.0,5.0,15742,5,1,Premium ($80K–$110K),3.8,234.77,Medium,1655721678.6200001,Recent (2022-2025)
Nissan,Leaf,2019,Flow Batteries,114.2,551,Overhead Pantograph Charging,8.7,145949.76,Sky Blue,Malaysia,0,0.0,3.0,19985,4,1,Luxury (>$110K),4.825,264.88,High,2916805953.6000004,Mid (2019-2021)
Renault,5 E-Tech,2017,Lithium-Iron Phosphate,27.5,257,Vehicle-To-Load (V2L),11.0,48113.67,Cosmic Purple,Israel,5,0.0,5.0,19943,5,0,Budget (<$50K),9.345,187.21,Top,959530920.81,Early (2015-2018)
Fisker,Ocean,2018,Magnesium-Ion,121.1,496,Solar Charging,1.6,45084.58,Stealth Gray,Israel,0,0.0,5.0,2853,4,1,Budget (<$50K),4.096,90.9,High,128626306.74000001,Early (2015-2018)
Renault,Kangoo E-Tech,2021,Lithium-Ion,106.0,505,Inductive (Wireless) Charging,0.8,141614.73,Matte White,South Korea,0,0.0,3.0,8982,5,1,Luxury (>$110K),4.764,280.43,High,1271983504.8600001,Mid (2019-2021)
Rivian,R1S,2018,Sodium-Ion,76.6,131,Vehicle-To-Load (V2L),5.6,105479.5,Stealth Gray,Belgium,1,0.0,3.0,13906,4,0,Premium ($80K–$110K),1.71,805.19,Low,1466797927.0,Early (2015-2018)
Nio,ET9,2016,Magnesium-Ion,89.8,481,Solar Charging,3.3,104068.1,Copper,Russia,4,0.0,5.0,7741,5,1,Premium ($80K–$110K),5.356,216.36,High,805591162.1,Early (2015-2018)
Subaru,Solterra,2015,Zinc-Air,113.5,426,Nacs,7.2,70271.91,Tan,Netherlands,4,0.0,4.0,17242,3,1,Mid ($50K–$80K),3.753,164.96,Medium,1211628272.22,Early (2015-2018)
Nio,ET9,2022,Nickel-Manganese-Cobalt,137.8,214,Ccs,10.4,52469.48,Matte Black,France,3,0.0,4.0,12889,4,0,Mid ($50K–$80K),1.553,245.18,Low,676279127.72,Recent (2022-2025)
Volvo,EX30,2015,Lithium-Sulfur,123.7,418,Vehicle-To-Home (V2H),11.7,119074.24,Gold,Australia,5,0.0,4.0,13137,5,1,Luxury (>$110K),3.379,284.87,Medium,1564278290.88,Early (2015-2018)
Xpeng,X9,2020,Magnesium-Ion,34.9,403,Nacs,1.3,74484.8,Sunset Orange,France,5,0.0,4.0,10738,4,1,Mid ($50K–$80K),11.547,184.83,Top,799817782.4,Mid (2019-2021)
Genesis,G80 Electric,2015,Lithium-Titanate,101.4,267,Level 1 Charging,7.7,72533.65,Candy Apple Red,Spain,5,0.0,4.0,13631,4,0,Mid ($50K–$80K),2.633,271.66,Medium,988706183.15,Early (2015-2018)
Subaru,Solterra,2023,Lithium-Sulfur,35.0,379,Ultra-Fast Charging (350 Kw+),1.9,84736.45,Silver,Russia,1,0.0,5.0,5782,5,0,Premium ($80K–$110K),10.829,223.58,Top,489946153.9,Recent (2022-2025)
Vinfast,VF 7,2019,Sodium-Ion,36.5,522,Ccs,4.9,31855.91,Metallic Silver,Argentina,2,0.0,4.0,10204,4,1,Budget (<$50K),14.301,61.03,Top,325057705.64,Mid (2019-2021)
Kia,EV6,2016,Solid-State,103.8,396,Ccs,0.9,41978.04,Sky Blue,Australia,4,0.0,3.0,5551,5,0,Budget (<$50K),3.815,106.01,Medium,233020100.04,Early (2015-2018)
Mg,MG4 Electric,2020,Lead-Acid,52.6,386,Level 1 Charging,8.3,46160.23,Aurora Blue,China,3,0.0,3.0,10541,4,0,Budget (<$50K),7.338,119.59,Top,486574984.43,Mid (2019-2021)
Genesis,GV80 Electric,2018,Calcium-Ion,128.4,102,Ccs,8.3,63814.09,Champagne,Singapore,2,0.0,5.0,6301,3,0,Mid ($50K–$80K),0.794,625.63,Low,402092581.09,Early (2015-2018)
Vinfast,VFe34 (discontinued),2024,Lithium-Titanate,40.8,389,Level 2 Charging,10.4,61370.97,Yellow,Ireland,3,0.0,3.0,5064,5,0,Mid ($50K–$80K),9.534,157.77,Top,310782592.08,Recent (2022-2025)
Ferrari,SF90 Stradale (PHEV),2022,Nickel-Cobalt-Aluminum,52.7,164,Vehicle-To-Grid (V2G),7.9,96611.68,Gray,South Africa,3,0.0,4.0,10493,4,0,Premium ($80K–$110K),3.112,589.1,Medium,1013746358.2399999,Recent (2022-2025)
Porsche,Cayenne Electric (upcoming),2015,Lithium-Ion,92.1,286,Level 1 Charging,8.2,44414.92,Matte Black,United Arab Emirates,0,0.0,4.0,10884,3,0,Budget (<$50K),3.105,155.3,Medium,483411989.28,Early (2015-2018)
Changan,Q05,2017,Lead-Acid,146.4,543,Vehicle-To-Load (V2L),7.7,124317.19,Ruby Red,Sweden,3,0.0,4.0,2310,3,1,Luxury (>$110K),3.709,228.95,Medium,287172708.9,Early (2015-2018)
Maserati,Grecale Folgore,2021,Zinc-Air,115.9,581,Nacs,2.9,114912.49,Sunset Orange,India,3,0.0,3.0,11416,5,1,Luxury (>$110K),5.013,197.78,High,1311840985.8400002,Mid (2019-2021)
Audi,A6 e-tron (upcoming),2023,Lithium-Ion,77.9,529,Chademo,5.7,46090.92,Lime Green,Netherlands,5,0.0,3.0,18304,4,1,Budget (<$50K),6.791,87.13,Top,843648199.68,Recent (2022-2025)
Rivian,R1S,2023,Magnesium-Ion,130.8,256,Nacs,8.6,76853.14,Matte Gray,Israel,5,0.0,5.0,8825,5,0,Mid ($50K–$80K),1.957,300.21,Low,678228960.5,Recent (2022-2025)
Rimac,Nevera,2024,Solid-State,26.9,172,Ultra-Fast Charging (350 Kw+),11.3,73134.79,Rose Gold,South Africa,3,0.0,5.0,7243,4,0,Mid ($50K–$80K),6.394,425.2,High,529715283.96999997,Recent (2022-2025)
Xpeng,G6,2025,Lead-Acid,126.1,149,Vehicle-To-Grid (V2G),1.4,101984.41,Teal,Hungary,4,0.0,5.0,4901,5,0,Premium ($80K–$110K),1.182,684.46,Low,499825593.41,Recent (2022-2025)
Li Auto,L7,2019,Lithium-Titanate,96.1,442,Level 2 Charging,11.8,135029.6,Rose Gold,Finland,3,0.0,5.0,5138,5,1,Luxury (>$110K),4.599,305.5,High,693782084.8000001,Mid (2019-2021)
Chevrolet,Bolt EUV,2022,Zinc-Air,121.5,360,Ccs,3.7,132097.15,Matte White,Uk,4,0.0,4.0,5299,5,0,Luxury (>$110K),2.963,366.94,Medium,699982797.85,Recent (2022-2025)
Toyota,Lexus RZ,2023,Lithium-Sulfur,89.7,347,Battery Swapping,7.2,35151.2,Silver,Singapore,3,0.0,5.0,13036,4,0,Budget (<$50K),3.868,101.3,Medium,458231043.2,Recent (2022-2025)
Peugeot,e-208,2022,Flow Batteries,44.1,110,Level 2 Charging,6.9,109440.37,Teal,Australia,0,0.0,3.0,10544,4,0,Premium ($80K–$110K),2.494,994.91,Low,1153939261.28,Recent (2022-2025)
Rimac,Nevera,2025,Aluminum-Ion,100.2,269,Overhead Pantograph Charging,11.9,138556.89,Stealth Gray,Argentina,3,0.0,5.0,8799,4,0,Luxury (>$110K),2.685,515.08,Medium,1219162075.1100001,Recent (2022-2025)
Canoo,MPDV,2015,Lithium-Ion,33.5,455,Ccs,2.0,55327.67,Rose Gold,Sweden,1,0.0,5.0,9353,4,1,Mid ($50K–$80K),13.582,121.6,Top,517479697.51,Early (2015-2018)
Skoda,Enyaq,2015,Nickel-Metal Hydride,146.5,276,Ccs,7.1,34774.36,Ruby Red,Malaysia,2,0.0,3.0,11781,4,0,Budget (<$50K),1.884,125.99,Low,409676735.16,Early (2015-2018)
Seat,Avenger,2017,Calcium-Ion,57.3,345,Vehicle-To-Load (V2L),3.8,76360.66,Blue,Saudi Arabia,3,0.0,3.0,3096,5,0,Mid ($50K–$80K),6.021,221.34,High,236412603.36,Early (2015-2018)
Bmw,i3,2021,Lithium-Iron Phosphate,54.7,335,Solar Charging,7.7,110981.46,Graphite Gray,Usa,1,0.0,3.0,504,4,0,Luxury (>$110K),6.124,331.29,High,55934655.84,Mid (2019-2021)
Opel,Grandland Electric,2022,Aluminum-Ion,64.8,227,Inductive (Wireless) Charging,11.8,129135.71,Matte Gray,Norway,3,0.0,4.0,11705,4,0,Luxury (>$110K),3.503,568.88,Medium,1511533485.5500002,Recent (2022-2025)
Volkswagen,ID.5,2023,Nickel-Cobalt-Aluminum,92.5,581,Plug-In Hydrogen Refueling,10.6,73210.77,Volcanic Yellow,Vietnam,2,0.0,5.0,5498,5,1,Mid ($50K–$80K),6.281,126.01,High,402512813.46000004,Recent (2022-2025)
Xpeng,G9,2023,Nickel-Manganese-Cobalt,34.5,123,Level 2 Charging,1.1,71208.54,Gold,Thailand,2,0.0,4.0,16702,4,0,Mid ($50K–$80K),3.565,578.93,Medium,1189325035.08,Recent (2022-2025)
Volkswagen,ID.7,2019,Flow Batteries,101.5,360,Solar Charging,3.8,30726.36,Platinum,Canada,2,0.0,5.0,12636,3,0,Budget (<$50K),3.547,85.35,Medium,388258284.96,Mid (2019-2021)
Citroen,ë-C4,2022,Lithium-Ion,75.6,565,Mobile Charging,8.0,132330.01,Matte Black,France,5,0.0,4.0,11926,5,1,Luxury (>$110K),7.474,234.21,Top,1578167699.2600002,Recent (2022-2025)
Gmc,Hummer EV SUV,2020,Zinc-Air,56.3,191,Ccs,8.1,59538.11,Ruby Red,Sweden,4,0.0,4.0,2854,3,0,Mid ($50K–$80K),3.393,311.72,Medium,169921765.94,Mid (2019-2021)
Lotus,Eletre,2016,Lithium-Titanate,110.2,326,Vehicle-To-Home (V2H),3.9,128150.81,Beige,South Korea,4,0.0,4.0,19435,5,0,Luxury (>$110K),2.958,393.1,Medium,2490610992.35,Early (2015-2018)
Pininfarina,Battista,2022,Solid-State,149.3,214,Vehicle-To-Grid (V2G),7.1,62556.49,Gold,Ireland,5,0.0,5.0,16933,5,0,Mid ($50K–$80K),1.433,292.32,Low,1059269045.17,Recent (2022-2025)
Jeep,Grand Cherokee 4xe (PHEV),2023,Nickel-Cobalt-Aluminum,30.6,423,Dc Fast Charging (Dcfc),8.6,93173.32,Aurora Blue,Australia,5,0.0,5.0,9598,3,1,Premium ($80K–$110K),13.824,220.27,Top,894277525.36,Recent (2022-2025)
Hyundai,Ioniq 7 (upcoming),2025,Sodium-Ion,41.1,134,Vehicle-To-Home (V2H),10.1,118326.64,Emerald Green,Germany,1,0.0,4.0,650,4,0,Luxury (>$110K),3.26,883.03,Medium,76912316.0,Recent (2022-2025)
Rimac,Nevera,2019,Lithium-Ion,38.2,421,Solar Charging,11.2,104540.55,Matte White,Malaysia,2,0.0,3.0,5589,4,1,Premium ($80K–$110K),11.021,248.31,Top,584277133.95,Mid (2019-2021)
Lotus,Eletre,2018,Lithium-Ion,84.5,223,Vehicle-To-Home (V2H),10.5,43103.48,Matte Black,Belgium,2,0.0,5.0,8574,4,0,Budget (<$50K),2.639,193.29,Medium,369569237.52000004,Early (2015-2018)
Jeep,Grand Cherokee 4xe (PHEV),2018,Nickel-Metal Hydride,125.4,454,Level 2 Charging,11.6,51734.97,Teal,Hungary,0,0.0,3.0,15244,4,1,Mid ($50K–$80K),3.62,113.95,Medium,788647882.6800001,Early (2015-2018)
Opel,Corsa-e,2020,Solid-State,138.4,244,Chademo,6.4,79398.55,Gray,Russia,1,0.0,5.0,1091,3,0,Mid ($50K–$80K),1.763,325.4,Low,86623818.05,Mid (2019-2021)
Lotus,Evija,2016,Lithium-Ion,145.1,101,Vehicle-To-Load (V2L),5.0,129649.85,Bronze,Switzerland,5,0.0,5.0,12299,3,0,Luxury (>$110K),0.696,1283.66,Low,1594563505.15,Early (2015-2018)
Polestar,Polestar 4,2021,Lithium-Sulfur,29.6,306,Nacs,7.3,95673.93,Champagne,Japan,2,0.0,5.0,2888,4,0,Premium ($80K–$110K),10.338,312.66,Top,276306309.84,Mid (2019-2021)
Skoda,Elroq (upcoming),2018,Sodium-Ion,131.1,148,Vehicle-To-Load (V2L),2.0,53758.94,Beige,Turkey,2,0.0,4.0,17563,4,0,Mid ($50K–$80K),1.129,363.24,Low,944168263.22,Early (2015-2018)
Mercedes-Benz,EQS SUV,2015,Flow Batteries,134.9,172,Ultra-Fast Charging (350 Kw+),4.3,108616.56,Charcoal,Netherlands,2,0.0,3.0,1489,4,0,Premium ($80K–$110K),1.275,631.49,Low,161730057.84,Early (2015-2018)
Audi,e-tron,2018,Zinc-Air,22.2,236,Overhead Pantograph Charging,8.0,139528.87,Gray,New Zealand,5,0.0,5.0,16115,3,0,Luxury (>$110K),10.631,591.22,Top,2248507740.0499997,Early (2015-2018)
Citroen,ë-Spacetourer,2021,Lead-Acid,123.3,440,Ultra-Fast Charging (350 Kw+),3.0,73917.98,Teal,Thailand,2,0.0,4.0,5041,5,1,Mid ($50K–$80K),3.569,168.0,Medium,372620537.18,Mid (2019-2021)
Honda,e:Ny1,2024,Zinc-Air,121.1,252,Plug-In Hydrogen Refueling,7.2,35081.17,Teal,Argentina,1,0.0,5.0,108,4,0,Budget (<$50K),2.081,139.21,Low,3788766.36,Recent (2022-2025)
Gmc,Hummer EV Pickup,2021,Flow Batteries,70.5,395,Solar Charging,0.6,60224.23,Turquoise,Germany,3,0.0,4.0,13512,5,0,Mid ($50K–$80K),5.603,152.47,High,813749795.76,Mid (2019-2021)
Xpeng,G9,2020,Lead-Acid,97.4,413,Level 2 Charging,7.9,68768.97,Cream,Israel,5,0.0,3.0,5545,4,1,Mid ($50K–$80K),4.24,166.51,High,381323938.65000004,Mid (2019-2021)
Porsche,Taycan,2019,Lithium-Iron Phosphate,22.4,304,Ultra-Fast Charging (350 Kw+),8.4,98898.46,Silver,Vietnam,3,0.0,3.0,12510,3,0,Premium ($80K–$110K),13.571,325.32,Top,1237219734.6000001,Mid (2019-2021)
Pininfarina,Battista,2025,Magnesium-Ion,124.4,532,Solar Charging,11.8,47638.19,Blue,Sweden,0,0.0,3.0,18146,4,1,Budget (<$50K),4.277,89.55,High,864442595.74,Recent (2022-2025)
Skoda,Enyaq,2019,Lithium-Ion,113.1,167,Solar Charging,11.2,65753.59,Charcoal,Spain,1,0.0,3.0,7583,5,0,Mid ($50K–$80K),1.477,393.73,Low,498609472.96999997,Mid (2019-2021)
Volkswagen,ID.2all,2015,Lithium-Ion,23.5,197,Chademo,5.6,142589.43,Pearl White,Saudi Arabia,1,0.0,3.0,19203,4,0,Luxury (>$110K),8.383,723.8,Top,2738144824.29,Early (2015-2018)
Ferrari,SF90 Stradale (PHEV),2018,Sodium-Ion,49.9,182,Mobile Charging,11.7,43988.9,Champagne,Indonesia,2,0.0,4.0,13366,5,0,Budget (<$50K),3.647,241.7,Medium,587955637.4,Early (2015-2018)
Mahindra,Born Electric (upcoming range),2019,Lithium-Ion,136.9,375,Vehicle-To-Home (V2H),5.8,142072.84,Electric Blue,India,3,0.0,3.0,15235,3,0,Luxury (>$110K),2.739,378.86,Medium,2164479717.4,Mid (2019-2021)
Cadillac,Lyriq,2021,Lithium-Iron Phosphate,136.5,221,Plug-In Hydrogen Refueling,1.1,88218.53,Metallic Silver,Canada,2,0.0,3.0,13808,3,0,Premium ($80K–$110K),1.619,399.18,Low,1218121462.24,Mid (2019-2021)
Mahindra,XUV400,2021,Nickel-Metal Hydride,96.4,249,Mobile Charging,9.8,110221.3,Matte Green,New Zealand,3,0.0,3.0,9854,3,0,Luxury (>$110K),2.583,442.66,Low,1086120690.2,Mid (2019-2021)
Mg,MG4 Electric,2016,Lithium-Sulfur,76.2,404,Nacs,2.4,148993.26,Matte Black,Austria,5,0.0,4.0,5786,5,1,Luxury (>$110K),5.302,368.8,High,862075002.36,Early (2015-2018)
